"parcel_id","state","district","land_area","land_type","land_use","number_of_owners","ownership_complexity","previous_dispute","previous_objections","land_value","estimated_compensation","environmental_risk","road_accessibility","distance_to_road","project_type","stakeholder_count","land_use_conflict","documentation_completeness","historical_acquisition_duration","acquisition_risk","acquisition_duration"
"SYN-LA-00001","Bihar","Purnia","8.51","Agricultural","Multi-crop","1","1","0","1","5.32","6.18","2","4","11.18","Rail","17","1","7","5.79","1","7.44"
"SYN-LA-00002","Jharkhand","Dhanbad","16.66","","Mixed use","6","7","0","0","9.12","9.38","5","7","4.84","Water management","4","5","5","9.78","1","13.72"
"SYN-LA-00003","Uttar Pradesh","Dhanbad","12.09","Industrial","Mixed use","3","2","0","0","9.8","10.41","3","8","10.09","Public utility","7","5","6","12.49","1","14.88"
"SYN-LA-00004","Bihar","Ranchi","12.54","Forest buffer","Fallow","8","9","1","0","8.81","10.51","6","2","1.14","Rail","14","1","8","12.38","2","15.01"
"SYN-LA-00005","Bihar","Nalanda","7.79","Residential","Multi-crop","8","8","1","1","3.47","4.6","5","5","9.68","Rail","5","1","4","8.44","2","12.91"
"SYN-LA-00006","Bihar","Ranchi","19.7","Commercial","Mixed use","7","8","1","2","15.4","15.72","2","3","11.62","","15","3","3","12.55","3","18.96"
"SYN-LA-00007","Uttar Pradesh","Bhojpur","11.03","Commercial","Single-crop","8","10","0","0","7.97","9.78","0","7","8.45","Industrial corridor","2","2","8","14.1","1","14.19"
"SYN-LA-00008","Jharkhand","","14.69","Residential","Residential","6","8","0","0","8.26","9.33","1","10","2.96","","2","0","5","12.67","1","13.36"
"SYN-LA-00009","Jharkhand","Bhojpur","9.15","Forest buffer","Fallow","2","3","0","0","5.1","5.62","7","2","1.19","Public utility","14","4","9","8.55","1","10.33"
"SYN-LA-00010","","Begusarai","18.92","Forest buffer","Residential","5","7","1","2","4.16","5.39","7","6","4.56","Industrial corridor","3","2","","","2","16.1"
"SYN-LA-00011","Bihar","Muzaffarpur","20.54","Industrial","Commercial","7","8","1","1","14.14","18.23","5","9","1.47","Industrial corridor","9","5","5","10.68","2","17.12"
"SYN-LA-00012","Uttar Pradesh","Nalanda","16.86","Agricultural","Multi-crop","1","1","0","0","8.26","10.44","1","9","5.37","Rail","11","4","8","9.83","0","12.58"
"SYN-LA-00013","Jharkhand","Nalanda","","Industrial","Commercial","4","3","1","3","10.21","11.81","8","5","8.11","Industrial corridor","17","2","8","8.68","2","14.4"
"SYN-LA-00014","Uttar Pradesh","Dhanbad","16.08","Residential","Mixed use","2","3","1","3","3.17","4.41","5","7","5.54","Road","18","3","6","13.14","2","18.63"
"SYN-LA-00015","Jharkhand","Muzaffarpur","5.97","Commercial","Mixed use","6","6","1","3","3.42","4.09","6","4","3.88","Road","","4","7","10.23","2","15.23"
"SYN-LA-00016","Uttar Pradesh","Bhojpur","22.39","Forest buffer","Multi-crop","8","10","0","1","12.23","13.69","5","8","9.17","Water management","20","3","4","9.44","3","14.59"
"SYN-LA-00017","Uttar Pradesh","Vaishali","13.76","Industrial","Residential","2","3","1","3","9.55","11.74","4","6","2.42","","14","4","6","11.62","2","18.5"
"SYN-LA-00018","Jharkhand","Muzaffarpur","20.55","Residential","Multi-crop","5","5","0","0","5.72","6.48","5","4","5.71","Public utility","15","4","8","10.35","1","13.13"
"SYN-LA-00019","Jharkhand","Ranchi","18.54","Forest buffer","","4","5","0","0","5.82","6.23","7","8","1.65","Industrial corridor","14","2","6","11.62","1","12.16"
"SYN-LA-00020","Jharkhand","Saran","7.66","Residential","Residential","2","2","0","0","","","8","","10.65","Public utility","","3","5","8.28","1","9.86"
"SYN-LA-00021","Bihar","Saran","20.87","Industrial","Commercial","7","","1","0","16.78","17.5","1","6","0.42","Public utility","6","1","8","7.71","1","9.54"
"SYN-LA-00022","Bihar","Vaishali","19.05","Forest buffer","Single-crop","6","8","0","1","14.01","18.43","8","6","6.51","Public utility","4","5","5","9.91","2","13.41"
"SYN-LA-00023","Jharkhand","Bhagalpur","6.85","Industrial","Residential","8","8","0","0","1.96","2.51","6","9","11.5","","15","4","","8.8","2","12.43"
"SYN-LA-00024","Uttar Pradesh","Ranchi","8.3","Forest buffer","Single-crop","8","8","0","0","3.37","3.86","4","7","10.54","Water management","12","","3","14.02","2","15.76"
"SYN-LA-00025","Uttar Pradesh","Bhojpur","","Industrial","Residential","1","0","0","0","7.91","8.86","5","10","4.43","Rail","20","0","6","","0","9.14"
"SYN-LA-00026","Bihar","Purnia","6.57","Commercial","Multi-crop","2","1","1","0","4.38","4.97","","3","5.99","Rail","12","5","9","10.71","1","14.04"
"SYN-LA-00027","Uttar Pradesh","Begusarai","22.19","Commercial","Single-crop","1","0","0","0","18.8","19.97","7","3","1.13","Water management","15","3","8","7.3","1","9.93"
"","Jharkhand","Patna","8.34","Agricultural","Single-crop","5","6","1","3","2.67","3.12","4","5","8.64","Water management","17","2","5","12.61","3","18.11"
"SYN-LA-00029","","Ranchi","8.26","Residential","Fallow","4","5","1","2","","3.09","8","6","12.05","Water management","5","2","7","13.98","2","17.86"
"SYN-LA-00030","Uttar Pradesh","Bhagalpur","4.79","Industrial","Mixed use","","6","","0","3.06","3.51","8","5","9.33","Water management","10","3","9","6.81","1","9"
"SYN-LA-00031","Bihar","Dhanbad","16.52","Forest buffer","Residential","5","6","1","","13.31","14.84","3","2","6.73","Rail","19","2","9","6.93","2","10.31"
"SYN-LA-00032","Jharkhand","Bhojpur","21.02","Agricultural","Fallow","8","10","0","0","8.17","10.78","5","4","5.01","Rail","17","2","7","8.75","2","10.09"
"SYN-LA-00033","Jharkhand","","24.17","Residential","Multi-crop","8","10","0","1","5.78","7.47","4","6","4.74","Rail","9","5","7","8.82","2","11.56"
"SYN-LA-00034","Jharkhand","Dhanbad","24.38","Industrial","Fallow","","5","1","4","17.51","22.08","4","3","1.57","Industrial corridor","9","3","6","14.1","3","20.96"
"SYN-LA-00035","Jharkhand","Dhanbad","10.73","Industrial","","8","9","0","0","3.53","4.63","7","8","6.54","Water management","8","2","4","7.82","1","11.1"
"SYN-LA-00036","Jharkhand","Begusarai","6.47","Forest buffer","Multi-crop","6","6","0","0","4.64","6.02","4","7","6.76","Industrial corridor","13","2","4","10.84","1","13.33"
"SYN-LA-00037","Uttar Pradesh","Patna","4.87","Residential","Fallow","8","8","0","0","2.62","3.36","8","4","10.34","Water management","14","1","8","7.55","2","9.78"
"","Uttar Pradesh","Vaishali","6.53","Forest buffer","Commercial","1","2","0","0","2.26","2.81","2","2","3.51","Road","11","2","6","6.93","1","9.26"
"SYN-LA-00039","Bihar","Vaishali","13.67","Commercial","Residential","7","7","0","","9.67","","0","4","1.02","Road","18","3","4","10.57","1","12.21"
"SYN-LA-00040","Bihar","Saran","3.11","Commercial","Multi-crop","6","6","0","0","1.58","","0","10","7.2","Public utility","20","5","3","14.27","2","19.12"
"SYN-LA-00041","Bihar","Bhagalpur","23.53","Commercial","Residential","3","3","0","0","18.99","26.28","0","7","1.32","Public utility","19","1","7","5.34","0","7.07"
"SYN-LA-00042","Bihar","Gaya","2.52","Commercial","Mixed use","1","3","0","0","0.9","1.25","8","5","10.58","Water management","15","4","9","5.95","1","7.14"
"SYN-LA-00043","Uttar Pradesh","Bhojpur","21.84","Industrial","Fallow","3","4","0","","11.49","15.1","0","10","8.59","Road","15","0","9","11.2","0","10.56"
"SYN-LA-00044","Bihar","Saran","8.86","Residential","Mixed use","7","8","0","0","3.54","4.14","4","5","2.49","Road","16","2","5","10.5","1","11.61"
"SYN-LA-00045","Jharkhand","Dhanbad","12.8","Forest buffer","Fallow","8","10","0","1","3.68","4.49","5","4","5.35","Industrial corridor","9","2","6","12.27","2","13.65"
"SYN-LA-00046","Bihar","Saran","9.62","Commercial","Commercial","2","3","0","","6.34","7.54","6","5","1.76","Rail","10","3","8","6.55","1","7.5"
"SYN-LA-00047","Jharkhand","Patna","24.67","","Commercial","2","2","0","0","","19.18","3","9","1.17","Rail","11","3","5","11.2","0","12.39"
"SYN-LA-00048","Uttar Pradesh","Muzaffarpur","1.21","Commercial","Single-crop","8","7","1","0","0.8","0.97","6","9","6.54","Water management","9","4","7","15.07","2","19.71"
"SYN-LA-00049","Uttar Pradesh","Purnia","20.94","","Fallow","4","6","0","0","15.2","19.29","6","7","3.89","Rail","6","3","7","9.26","1","12.6"
"SYN-LA-00050","Bihar","Nalanda","24.62","Industrial","Fallow","5","7","0","1","12.12","16.32","2","5","4.45","Rail","9","3","6","14.65","1","16.43"
"SYN-LA-00051","Jharkhand","Purnia","18.61","Agricultural","Single-crop","4","5","","0","16.28","22.04","4","5","10.8","Industrial corridor","9","3","9","7.07","1","7.01"
"SYN-LA-00052","Jharkhand","Saran","","","Multi-crop","5","4","0","1","","2.13","6","5","3.31","Rail","17","2","9","8.18","1","9.88"
"SYN-LA-00053","Uttar Pradesh","Vaishali","21.11","Commercial","Commercial","2","2","1","1","9.81","","","7","1.57","Industrial corridor","9","5","8","6.22","1","9.42"
"SYN-LA-00054","Uttar Pradesh","Patna","","Industrial","Commercial","4","6","0","0","9.04","10.64","3","4","0.14","Rail","3","6","9","9.36","1","11.8"
"SYN-LA-00055","Uttar Pradesh","Bhojpur","15.51","Commercial","Fallow","","7","0","1","4.85","5.42","8","3","5.4","Road","13","3","","8.4","2","12.52"
"SYN-LA-00056","Jharkhand","Bhojpur","","Commercial","Mixed use","2","3","0","0","4.76","6.24","2","9","7.14","Public utility","9","5","6","5.25","1","7.75"
"SYN-LA-00057","Uttar Pradesh","Begusarai","24.29","Industrial","Fallow","6","8","0","0","14.5","19.87","5","10","3.92","Public utility","20","5","5","11.1","1","12.85"
"SYN-LA-00058","Jharkhand","Gaya","18.13","Commercial","Multi-crop","7","7","0","0","8.06","8.93","4","4","10.97","Public utility","9","","4","11.01","2","14.79"
"SYN-LA-00059","Bihar","Nalanda","12.12","Commercial","Fallow","7","7","0","0","6.27","8.03","2","3","10.94","Road","","3","6","8.11","1","10.03"
"SYN-LA-00060","Uttar Pradesh","Gaya","25","Forest buffer","Mixed use","8","9","1","4","18.72","21.53","4","7","8.45","Public utility","5","2","5","15.16","3","21.04"
"SYN-LA-00061","Bihar","Gaya","18.27","Agricultural","Single-crop","2","2","0","0","14.22","16.71","5","9","4.27","Public utility","","4","6","7.15","1","10.61"
"SYN-LA-00062","Uttar Pradesh","Saran","4.72","Industrial","Fallow","7","9","1","0","","2.62","0","6","1.98","","9","0","4","6.95","1","9.98"
"SYN-LA-00063","Bihar","Dhanbad","15.11","Commercial","Fallow","2","2","0","1","6.95","9.41","4","5","0.21","Road","8","3","8","8.14","1","9.67"
"SYN-LA-00064","Jharkhand","Nalanda","8.77","Commercial","Commercial","8","8","0","0","6.65","8.04","6","7","5.36","Water management","4","0","5","7.49","1","8.03"
"SYN-LA-00065","Bihar","Ranchi","11.42","Industrial","Fallow","7","9","0","0","3.35","4.57","4","","11.41","Road","17","4","3","7.03","2","10.33"
"SYN-LA-00066","Bihar","Bhojpur","19.18","Commercial","Single-crop","5","5","0","0","","4.35","2","7","","Industrial corridor","7","3","7","8.5","1","11.41"
"SYN-LA-00067","","Nalanda","3.94","Residential","Residential","2","3","0","0","2.87","3.79","6","10","7.27","Industrial corridor","14","5","8","8.85","1","10.75"
"SYN-LA-00068","Uttar Pradesh","Dhanbad","24.06","Industrial","","5","7","1","","8.8","9.23","1","9","0.42","Rail","15","4","10","11.88","1","15.05"
"SYN-LA-00069","Jharkhand","Saran","6.2","Commercial","","7","10","1","1","3.31","4.56","5","7","8.7","Water management","","4","4","14.32","3","18.51"
"SYN-LA-00070","Jharkhand","Purnia","3.28","Agricultural","Residential","4","6","0","0","1.38","1.79","5","4","9.57","Industrial corridor","16","","7","11.12","1","12.35"
"SYN-LA-00071","Uttar Pradesh","Patna","10.24","","Mixed use","1","1","1","1","4.98","6.2","6","6","5.96","Road","15","4","7","8.67","1","13.27"
"SYN-LA-00072","Bihar","Ranchi","14.95","Commercial","Mixed use","2","3","0","0","5.71","7.37","7","4","1.25","Industrial corridor","4","5","7","9.15","1","12.43"
"","Jharkhand","Nalanda","23.61","Industrial","Single-crop","8","8","1","0","7.65","8.38","","9","2.43","Water management","9","3","7","13.85","1","16.93"
"SYN-LA-00074","Bihar","Begusarai","21.61","Commercial","Residential","2","1","0","0","6.25","8.5","7","7","7.38","Water management","","5","6","5.14","1","9.35"
"SYN-LA-00075","Uttar Pradesh","Purnia","14.99","Agricultural","Single-crop","2","3","","0","","12.24","4","3","5.45","Road","20","1","7","4.14","1","6.59"
"SYN-LA-00076","Jharkhand","Patna","15.84","Industrial","Multi-crop","2","2","0","0","7","9.34","0","7","6.19","Road","6","4","9","11.98","0","14.38"
"SYN-LA-00077","Jharkhand","Bhojpur","15.89","Commercial","Commercial","5","5","","0","3.22","4.1","5","5","7.94","Public utility","16","0","7","6.77","1","6.64"
"SYN-LA-00078","Bihar","Gaya","16.74","Forest buffer","","5","7","0","1","4.38","5.81","10","6","7.6","Water management","20","2","8","8.31","2","10.22"
"SYN-LA-00079","","Vaishali","23.45","Commercial","Commercial","4","5","1","","9.05","12.19","7","4","3.18","Industrial corridor","12","3","9","15.96","2","21.29"
"SYN-LA-00080","Jharkhand","Bhagalpur","19.69","Residential","Commercial","2","2","0","0","8.35","10.14","7","5","7.61","Public utility","15","3","5","6.11","1","7.73"
"SYN-LA-00081","Uttar Pradesh","Ranchi","18.48","Agricultural","Multi-crop","","5","0","0","8.34","8.77","7","9","5.37","Rail","2","1","7","9.01","1","9.74"
"SYN-LA-00082","Uttar Pradesh","Gaya","","Industrial","Multi-crop","7","8","0","0","6.56","7.86","6","5","6.56","Water management","16","2","5","14.16","2","16.28"
"SYN-LA-00083","Jharkhand","Gaya","6.92","Commercial","Single-crop","3","5","0","0","1.88","1.99","2","4","2.29","Road","2","3","5","6.15","1","7.73"
"SYN-LA-00084","Bihar","Gaya","","Industrial","Mixed use","7","9","0","","2.77","3.19","3","4","0.23","Public utility","9","2","6","10.22","1","13.44"
"SYN-LA-00085","Jharkhand","Patna","3.37","Agricultural","Fallow","7","9","0","0","0.77","","","4","7.58","Road","12","4","4","13.27","3","16.11"
"SYN-LA-00086","Jharkhand","Vaishali","19.32","Industrial","Fallow","6","7","","1","12.33","14.99","1","10","10.31","Rail","8","0","4","13.8","1","15.6"
"SYN-LA-00087","","Begusarai","11.05","Residential","Residential","4","6","0","1","","9.74","3","9","3.72","Road","16","6","","10.17","1","12.25"
"SYN-LA-00088","Bihar","Muzaffarpur","13.05","Agricultural","","8","8","1","3","3.79","4.42","7","4","","Rail","19","","6","11.33","3","16.34"
"SYN-LA-00089","Bihar","Vaishali","14.88","Industrial","Single-crop","7","","0","0","6.58","8.11","4","9","1.99","Public utility","5","3","3","13.37","2","18.13"
"","Jharkhand","Ranchi","18.12","Commercial","Multi-crop","5","5","0","0","8.94","9.86","8","6","5.32","Road","8","","9","6.67","1","7.85"
"SYN-LA-00091","Jharkhand","Bhagalpur","","Commercial","Multi-crop","6","7","0","0","3.25","4.38","5","3","6.22","Industrial corridor","15","","6","12.02","2","13.42"
"SYN-LA-00092","Uttar Pradesh","Bhagalpur","9.39","Agricultural","Mixed use","3","4","1","0","2.55","3.47","9","6","9.26","Water management","5","0","9","6.96","1","7.57"
"SYN-LA-00093","Bihar","Purnia","13.56","Industrial","Residential","7","7","0","1","7.87","9.58","8","3","11.09","Public utility","9","","5","8.44","2","11.25"
"SYN-LA-00094","Jharkhand","Muzaffarpur","11.38","Residential","Commercial","4","3","1","2","8.5","9.61","5","4","4.48","Road","16","2","8","7.57","2","12.51"
"SYN-LA-00095","Jharkhand","Vaishali","16.65","Industrial","Multi-crop","","8","0","0","","12.89","6","6","2.49","","2","4","7","10.05","1","12.68"
"SYN-LA-00096","Jharkhand","Nalanda","8.15","Agricultural","Single-crop","3","3","0","0","","","3","10","1.81","Water management","5","3","7","","0","13.04"
"SYN-LA-00097","Uttar Pradesh","Saran","21.5","Residential","Commercial","6","7","0","","18.75","20.57","3","8","3.15","Water management","18","5","5","12.11","2","15.29"
"SYN-LA-00098","Bihar","Begusarai","11.29","Forest buffer","Multi-crop","1","2","0","0","9.19","12.39","7","5","10.25","Public utility","17","1","6","6.41","1","8.22"
"","Bihar","Begusarai","2.58","Residential","Single-crop","3","4","","0","2.14","2.57","1","7","10.47","Industrial corridor","20","5","8","12.14","1","14.19"
"SYN-LA-00100","Uttar Pradesh","Vaishali","14.67","Forest buffer","Residential","8","9","0","","3.54","4.82","10","6","10.69","Road","18","4","4","14.22","3","18.86"
"SYN-LA-00101","Uttar Pradesh","Bhagalpur","6.72","","Single-crop","4","","1","4","2.37","3.15","5","10","12","Public utility","9","2","5","16.08","3","24.03"
"SYN-LA-00102","Jharkhand","Bhagalpur","3.78","Industrial","Single-crop","3","5","0","0","1.74","2","","6","4.02","Road","4","3","6","8.43","1","9.8"
"SYN-LA-00103","Bihar","Patna","23.78","Residential","Mixed use","2","4","0","0","12.39","13.18","6","","2.15","Industrial corridor","10","4","7","11.98","1","14.59"
"SYN-LA-00104","Jharkhand","Bhagalpur","13.8","","Residential","3","5","1","3","6.4","6.97","9","6","9.67","Water management","20","0","6","11.75","3","16.92"
"SYN-LA-00105","Jharkhand","Muzaffarpur","15.31","Agricultural","Mixed use","2","3","0","0","7.13","9.51","2","8","11.4","Water management","16","","10","10.37","0","12.12"
"SYN-LA-00106","Uttar Pradesh","Vaishali","9","Agricultural","Single-crop","5","7","0","0","2.78","3.82","6","4","1.37","Rail","5","0","10","6.64","1","6.82"
"SYN-LA-00107","Uttar Pradesh","Purnia","11.73","Forest buffer","Fallow","7","8","0","0","3.72","4.04","10","1","3.04","Water management","17","0","7","11.19","2","11.14"
"SYN-LA-00108","Uttar Pradesh","Begusarai","","Agricultural","Fallow","8","8","0","0","0.66","0.82","0","6","8.89","Public utility","15","1","5","14.1","1","14.88"
"SYN-LA-00109","Jharkhand","Dhanbad","1.06","Forest buffer","Commercial","6","7","0","0","0.22","0.26","9","6","4.8","Rail","5","2","5","","1","15.9"
"SYN-LA-00110","Uttar Pradesh","Nalanda","21.93","Agricultural","Multi-crop","","1","0","1","5.5","5.85","5","7","0.48","Public utility","11","2","8","","0","10.68"
"SYN-LA-00111","Bihar","Muzaffarpur","","Agricultural","Single-crop","4","5","","0","3.13","3.28","4","9","2.37","Industrial corridor","3","","9","","1","15.05"
"SYN-LA-00112","Uttar Pradesh","Nalanda","14.67","Forest buffer","Single-crop","2","2","0","1","5.22","5.8","10","3","","Water management","20","2","6","5.1","2","9.17"
"SYN-LA-00113","Jharkhand","","18.44","Commercial","Single-crop","5","5","0","0","8.96","12.43","1","5","2.17","Public utility","5","5","9","12.72","1","15.52"
"SYN-LA-00114","Jharkhand","Saran","7.33","Forest buffer","Single-crop","6","8","0","0","","5.54","10","7","1.41","Industrial corridor","15","","5","7.35","1","10.36"
"SYN-LA-00115","Uttar Pradesh","Purnia","","Industrial","Commercial","7","8","1","1","12.13","14.58","3","6","1.42","Road","13","5","3","13.29","3","20.19"
"SYN-LA-00116","Jharkhand","Vaishali","2.9","Residential","Single-crop","2","4","1","","0.93","1.22","6","6","1.22","Road","19","4","5","6.99","2","13.76"
"SYN-LA-00117","Uttar Pradesh","Dhanbad","23.24","Commercial","Residential","2","1","0","0","14.74","19.56","2","7","2.53","Public utility","17","5","9","8.5","0","9.57"
"SYN-LA-00118","Jharkhand","Dhanbad","8.44","","Fallow","7","9","0","0","2.24","2.64","7","4","1.2","Rail","12","0","4","11.96","2","14.07"
"SYN-LA-00119","Jharkhand","Bhagalpur","24.24","Commercial","Mixed use","2","2","1","1","15.34","17.06","8","5","1.94","Water management","2","4","7","6.92","1","10.56"
"SYN-LA-00120","Jharkhand","Dhanbad","7.47","Residential","Residential","5","4","0","1","2.75","3.42","1","6","7.12","","16","4","7","11.6","1","14.79"
"SYN-LA-00121","Uttar Pradesh","Gaya","7.01","Forest buffer","Fallow","6","7","0","","5.35","5.8","","8","7.88","Water management","18","4","4","10.14","2","13.45"
"SYN-LA-00122","Uttar Pradesh","Begusarai","23.48","Residential","Single-crop","4","6","1","2","15.45","17.48","2","3","4.9","Water management","2","3","8","12.79","1","16.67"
"SYN-LA-00123","Jharkhand","Begusarai","16.18","Agricultural","Single-crop","6","6","","0","7.46","8.93","4","3","4.04","Industrial corridor","19","5","6","11.92","2","13.86"
"SYN-LA-00124","Bihar","Bhojpur","22.72","","Commercial","7","8","0","0","18.94","23.53","9","5","1.71","Rail","15","6","7","13.49","2","15.93"
"SYN-LA-00125","Uttar Pradesh","","","Commercial","Single-crop","7","9","1","4","3.92","4.71","2","4","1.26","Rail","5","2","5","11.81","3","18.59"
"","Uttar Pradesh","Gaya","11.68","Residential","Mixed use","1","2","0","1","8.13","11.31","7","5","11.23","Road","19","2","10","11.46","1","13.33"
"SYN-LA-00127","","Bhojpur","24.03","Agricultural","Multi-crop","1","0","0","0","13.56","18.58","2","8","1.62","Water management","14","3","8","4.69","0","7.47"
"SYN-LA-00128","Jharkhand","Bhojpur","20.48","Residential","Mixed use","2","2","0","0","11.61","","3","9","10.27","Road","2","3","7","10.75","0","14.19"
"SYN-LA-00129","Bihar","Nalanda","15.22","Forest buffer","Mixed use","4","4","0","1","10.24","10.82","4","5","4.63","Industrial corridor","11","3","5","7.13","1","10.23"
"SYN-LA-00130","Uttar Pradesh","Saran","9.8","Agricultural","Residential","5","7","1","3","7.75","8.9","","9","6.97","Industrial corridor","8","4","10","14.96","2","20.64"
"SYN-LA-00131","Uttar Pradesh","Patna","14.89","Agricultural","Multi-crop","7","9","","2","","10.48","3","5","2.51","Rail","6","3","7","11.06","2","15.54"
"SYN-LA-00132","Uttar Pradesh","Vaishali","2.17","Industrial","Fallow","7","9","0","0","","","3","4","2.58","Public utility","5","3","7","11.16","1","14.59"
"SYN-LA-00133","Uttar Pradesh","Ranchi","13.82","","Commercial","5","5","0","1","11.14","11.41","2","6","11.18","Industrial corridor","2","4","8","8.95","1","11.4"
"SYN-LA-00134","Bihar","Dhanbad","6.77","Forest buffer","Residential","8","10","0","0","4.05","","5","4","7.01","Rail","16","4","7","14.26","2","15.66"
"SYN-LA-00135","Bihar","","8.1","Commercial","Residential","4","4","0","1","","5.53","8","4","7.7","Rail","9","1","9","13.6","1","16.31"
"SYN-LA-00136","Uttar Pradesh","Bhojpur","19.61","Industrial","Multi-crop","8","8","0","0","7.62","9.77","7","","8.49","Public utility","10","1","7","14.82","2","15.31"
"SYN-LA-00137","Jharkhand","Gaya","23.11","Commercial","Single-crop","7","9","0","0","19.66","23.29","1","8","9.81","Rail","7","2","4","13.63","1","16"
"SYN-LA-00138","Bihar","Saran","5.26","Residential","Residential","1","3","1","0","4.5","4.9","2","4","11.87","Industrial corridor","17","3","5","10.22","2","14.02"
"SYN-LA-00139","Uttar Pradesh","Begusarai","","Agricultural","Single-crop","8","10","1","3","3.8","4.86","0","7","6.53","Public utility","10","0","4","13.6","2","18.41"
"SYN-LA-00140","Uttar Pradesh","","15.17","","Residential","4","4","0","1","11.74","14.79","5","7","5.49","Public utility","12","1","9","6.58","1","9.09"
"SYN-LA-00141","Uttar Pradesh","Muzaffarpur","16.65","Agricultural","Commercial","1","3","0","0","","13.41","3","","10.52","Water management","","3","8","10.07","1","10.99"
"SYN-LA-00142","Uttar Pradesh","Saran","2.46","Agricultural","Residential","2","2","0","0","1.94","2.21","1","9","9.82","Public utility","6","2","8","7.79","0","8.4"
"SYN-LA-00143","","Vaishali","5.74","Commercial","Residential","2","3","1","1","3.69","4.26","3","6","0.36","Rail","12","3","9","9.72","1","14.58"
"","Bihar","Patna","15.65","Agricultural","Single-crop","2","1","0","0","10.5","11.31","8","8","6.98","Road","19","4","7","4.59","1","5.73"
"SYN-LA-00145","Uttar Pradesh","Bhojpur","15.14","","Fallow","3","3","0","0","11.47","14.46","3","3","6.29","","19","2","10","10.53","1","11.24"
"SYN-LA-00146","Jharkhand","Patna","16.24","Industrial","Multi-crop","8","8","0","0","13.39","17.07","2","9","9.32","Rail","16","4","8","10.74","1","12.76"
"SYN-LA-00147","Jharkhand","Muzaffarpur","7.97","Residential","Mixed use","","3","0","0","4.74","4.91","5","9","9.64","Water management","","0","7","","1","11.34"
"SYN-LA-00148","Uttar Pradesh","Bhojpur","10.1","Agricultural","Fallow","4","","0","1","4.11","5.73","7","8","2.51","","6","2","7","8.79","1","12.21"
"SYN-LA-00149","Jharkhand","Ranchi","3.63","Industrial","Mixed use","6","8","","0","1.12","1.14","","7","2.21","Public utility","8","4","7","9.54","1","10.83"
"SYN-LA-00150","Uttar Pradesh","Begusarai","22.44","","Commercial","3","4","0","0","6.74","9.03","6","6","6.94","Public utility","4","2","8","9.04","1","10.3"
"SYN-LA-00151","Uttar Pradesh","Vaishali","16.65","Forest buffer","","7","9","0","0","10.78","14.48","3","8","10.75","Road","13","2","6","8.39","1","11.34"
"SYN-LA-00152","Bihar","Muzaffarpur","","Forest buffer","Commercial","","3","0","0","2.93","3.86","8","1","4.51","Public utility","15","4","8","10.22","1","13.6"
"SYN-LA-00153","Jharkhand","Ranchi","16.25","Commercial","Commercial","3","3","0","","7.87","9.35","2","5","5.5","Public utility","16","2","8","9.15","1","10.11"
"SYN-LA-00154","Uttar Pradesh","Gaya","13.7","Agricultural","Mixed use","5","5","1","3","3.07","","8","7","2.52","Road","3","3","6","15.76","2","22.05"
"SYN-LA-00155","Bihar","Muzaffarpur","12.17","Commercial","Multi-crop","3","5","0","0","7.72","8.38","3","8","3.67","Rail","17","3","6","5.25","1","7.21"
"SYN-LA-00156","Bihar","Dhanbad","19.18","Forest buffer","Residential","4","6","0","0","7.8","8.61","7","4","2.9","Road","4","8","7","","1","15.86"
"SYN-LA-00157","Jharkhand","Dhanbad","7.77","Commercial","Multi-crop","3","5","0","1","3.74","4.72","2","7","5.23","Industrial corridor","11","1","6","12.23","1","14.81"
"SYN-LA-00158","Uttar Pradesh","Muzaffarpur","9.57","Agricultural","Mixed use","","9","0","1","4.12","4.75","2","9","8.6","Water management","13","2","6","13.33","2","16.38"
"SYN-LA-00159","Jharkhand","Purnia","7.22","Commercial","Residential","3","3","0","0","3.13","4.32","5","6","6.8","Rail","18","1","5","12.1","1","13.83"
"SYN-LA-00160","Uttar Pradesh","Dhanbad","","Agricultural","Mixed use","5","5","1","0","14.77","","1","6","4.05","Public utility","16","3","9","13.34","1","16.25"
"SYN-LA-00161","Bihar","Patna","8.28","Forest buffer","Multi-crop","8","10","0","0","4.16","4.66","10","4","9.19","Public utility","15","4","7","10.98","3","14.29"
"SYN-LA-00162","Bihar","Dhanbad","22.65","Forest buffer","Commercial","","4","0","0","19.86","21.69","4","4","4.01","Road","17","","10","9.74","1","10.95"
"SYN-LA-00163","Jharkhand","Muzaffarpur","22.24","Forest buffer","Mixed use","8","9","0","0","10.17","12.42","8","5","5.95","Rail","","2","5","13.82","2","15.32"
"SYN-LA-00164","Jharkhand","Gaya","12.31","Forest buffer","Residential","6","8","0","0","4.06","4.78","6","7","9.55","Public utility","16","","4","11.23","2","15.78"
"SYN-LA-00165","Jharkhand","Gaya","23.18","Residential","Mixed use","5","7","0","0","18.23","23.47","4","9","4.85","Rail","20","1","8","9.5","1","11.64"
"SYN-LA-00166","Bihar","Nalanda","15.91","Agricultural","Fallow","4","5","1","0","3.55","4.21","7","3","0.63","Industrial corridor","16","2","8","7.88","1","9.95"
"SYN-LA-00167","Bihar","Dhanbad","17.24","Agricultural","Residential","2","2","0","0","12.54","17.17","0","4","7.86","","5","3","6","9.09","1","9.91"
"SYN-LA-00168","","Bhagalpur","11.84","Agricultural","Residential","7","6","0","0","6.45","8.79","3","10","9.13","Industrial corridor","19","1","3","8.98","1","10.93"
"SYN-LA-00169","Jharkhand","Vaishali","17.38","Commercial","Commercial","4","5","0","0","13.16","15","3","","1.93","Industrial corridor","16","1","5","9.98","1","12.52"
"SYN-LA-00170","Bihar","Saran","","Commercial","Single-crop","2","2","0","0","5.58","6.49","3","4","11.16","Rail","11","1","9","6.83","0","6.7"
"SYN-LA-00171","Uttar Pradesh","Patna","13.31","","Single-crop","1","1","0","1","3.05","3.75","7","9","3.28","Public utility","19","2","9","5.18","0","6.17"
"SYN-LA-00172","Bihar","","24.79","Commercial","Mixed use","4","5","0","0","21.32","22.61","3","5","5.28","Water management","17","0","7","7.38","1","9.25"
"SYN-LA-00173","Uttar Pradesh","Purnia","14.57","","Mixed use","","4","0","0","5.73","6.81","2","9","5.41","Water management","18","2","5","11.37","1","13.23"
"SYN-LA-00174","Jharkhand","Saran","1.02","Forest buffer","Multi-crop","8","9","1","2","0.26","0.29","5","4","8.92","Public utility","16","2","3","14.94","3","20.49"
"SYN-LA-00175","Bihar","Vaishali","13.92","Commercial","Mixed use","4","4","0","1","6.59","8.81","7","4","7.97","Industrial corridor","7","2","10","12.62","1","13.77"
"SYN-LA-00176","Bihar","Patna","23.74","Agricultural","Commercial","2","2","","0","14.02","15.56","6","4","5.95","Water management","9","1","5","4.46","1","6.87"
"SYN-LA-00177","Uttar Pradesh","Patna","9.32","Commercial","Fallow","6","5","0","0","4.69","5.89","7","7","10.42","Industrial corridor","10","0","6","7.1","1","8.03"
"SYN-LA-00178","Uttar Pradesh","Saran","6.76","Forest buffer","Fallow","8","10","0","0","","2.41","8","6","9.53","Road","17","1","4","11.34","2","12.62"
"SYN-LA-00179","Jharkhand","Dhanbad","19.78","Commercial","Multi-crop","6","8","0","0","11.98","12.84","4","6","4.61","Public utility","19","5","4","13.62","2","16.63"
"SYN-LA-00180","Uttar Pradesh","","2.11","Industrial","Residential","8","10","0","0","1.49","1.81","2","5","","Industrial corridor","9","2","7","8.21","1","10.92"
"SYN-LA-00181","Jharkhand","Dhanbad","0.89","Residential","Residential","3","3","0","0","0.77","0.99","6","4","6.06","Road","17","7","6","11.77","2","15.84"
"SYN-LA-00182","Bihar","Vaishali","12.98","","","1","1","0","0","8.38","11.45","8","10","11.57","Public utility","6","5","6","6.34","1","8.51"
"SYN-LA-00183","Jharkhand","Bhojpur","1.66","Forest buffer","Fallow","6","7","0","0","0.42","0.58","5","","8","Public utility","7","3","6","9.72","1","11.05"
"SYN-LA-00184","Bihar","Saran","9.21","Residential","Single-crop","5","6","1","","6.29","7.38","","6","3.25","Industrial corridor","4","3","6","13.24","2","18.98"
"SYN-LA-00185","Bihar","Saran","","Industrial","Multi-crop","5","6","1","2","1.19","1.57","0","9","1.49","","6","3","8","13.86","1","19.26"
"SYN-LA-00186","Uttar Pradesh","Saran","3.45","Residential","Mixed use","6","6","0","","2.48","2.53","4","10","3.91","Public utility","6","1","4","11.95","1","13.2"
"SYN-LA-00187","Uttar Pradesh","Saran","15.87","Industrial","Single-crop","1","1","0","0","9.07","","9","5","10.55","Water management","3","3","8","4.95","1","5.38"
"SYN-LA-00188","Uttar Pradesh","Bhojpur","15.35","Industrial","","4","5","1","3","10.67","14.41","7","6","8.36","Road","13","0","5","9.1","2","14.78"
"SYN-LA-00189","Uttar Pradesh","Bhagalpur","19.4","Agricultural","Fallow","4","5","0","","12.62","14.39","5","8","","Road","6","3","6","","1","12.9"
"SYN-LA-00190","Uttar Pradesh","Nalanda","1.8","Commercial","Multi-crop","2","2","0","0","0.74","1.02","0","3","10.87","Rail","13","3","9","5.98","1","8.21"
"SYN-LA-00191","Uttar Pradesh","Purnia","24.33","Residential","Single-crop","5","5","1","3","11.79","14.36","3","7","0.46","Rail","8","2","9","16.39","1","21.77"
"SYN-LA-00192","Jharkhand","Nalanda","20.03","Agricultural","Multi-crop","8","9","0","0","11.11","13.66","7","9","9.95","Public utility","9","1","6","7.5","1","10.06"
"SYN-LA-00193","Uttar Pradesh","Gaya","22.76","Commercial","","8","10","0","0","10.92","","3","8","2.86","Public utility","11","4","6","8.73","1","11.12"
"SYN-LA-00194","Jharkhand","Saran","8.28","Industrial","Multi-crop","6","8","1","3","1.89","2.43","6","5","5.08","Road","16","3","4","16.8","3","23.59"
"SYN-LA-00195","Jharkhand","Bhagalpur","3.37","Commercial","Mixed use","4","6","0","0","1.91","2.02","5","5","7.54","Water management","6","1","9","","1","9.49"
"SYN-LA-00196","Jharkhand","Gaya","","Commercial","Mixed use","6","7","0","1","10.26","13.35","1","6","1.5","Water management","20","3","6","14.83","1","18.25"
"SYN-LA-00197","Jharkhand","Ranchi","18.75","Residential","Multi-crop","4","6","1","4","14.53","17.58","5","8","11.31","Industrial corridor","7","3","10","12.69","2","18.24"
"SYN-LA-00198","Jharkhand","Begusarai","15.56","","","2","","0","0","12.4","15.79","5","","0.9","Rail","19","3","7","8.49","1","10.37"
"SYN-LA-00199","Bihar","Begusarai","11.82","Agricultural","Commercial","3","3","0","0","8.74","11.01","4","4","3.09","Water management","3","4","","8.07","0","8.06"
"SYN-LA-00200","Uttar Pradesh","Patna","2.12","Agricultural","Single-crop","3","3","1","3","1.44","1.75","1","","10.49","Water management","4","1","8","10.54","1","15.28"
"SYN-LA-00201","Bihar","Vaishali","11.24","Forest buffer","Fallow","1","","1","3","5.9","7.07","7","","2.72","Industrial corridor","12","","7","9.4","2","16.29"
"SYN-LA-00202","Jharkhand","Nalanda","23.7","Forest buffer","Residential","","5","0","0","9.53","13","5","8","8.44","Industrial corridor","15","4","9","6.79","1","7.9"
"SYN-LA-00203","Jharkhand","Begusarai","16.28","Agricultural","Residential","1","1","1","1","","7.94","7","7","10.83","Road","18","8","6","6.77","2","13.03"
"SYN-LA-00204","Bihar","Bhojpur","11.36","Industrial","Fallow","4","5","0","0","7.66","9.21","2","7","8.02","Rail","4","1","8","10.62","1","10.41"
"SYN-LA-00205","Jharkhand","Purnia","19.72","Agricultural","Residential","8","9","0","1","16.54","21.77","3","7","7.43","Road","13","4","3","14.4","3","17.57"
"SYN-LA-00206","Bihar","Purnia","4.72","Commercial","Commercial","4","4","0","0","3.95","4.89","1","8","","Rail","17","2","10","6.54","0","7.44"
"SYN-LA-00207","Uttar Pradesh","Ranchi","3.15","Agricultural","Commercial","6","7","0","0","2.59","3.35","6","5","9.2","Rail","16","2","6","9.35","2","12.59"
"SYN-LA-00208","Jharkhand","Bhojpur","11.72","Industrial","Residential","1","2","1","3","5.19","7.26","4","4","9.95","Industrial corridor","2","4","9","9.79","1","14.29"
"SYN-LA-00209","Uttar Pradesh","Purnia","8.14","Forest buffer","Single-crop","3","3","0","0","3.03","3.85","","6","11.94","Rail","4","4","7","7.29","1","8.12"
"SYN-LA-00210","Bihar","Vaishali","15.39","Agricultural","Mixed use","1","1","0","0","8.54","8.76","1","6","0.25","","8","3","8","3.78","0","5.09"
"SYN-LA-00211","Bihar","Vaishali","17.95","Forest buffer","Multi-crop","8","9","0","0","7.55","8.95","3","2","","Industrial corridor","16","5","3","8.53","2","13.46"
"SYN-LA-00212","Bihar","Ranchi","1.45","Agricultural","Fallow","","1","0","0","0.74","0.96","2","3","9.11","Rail","11","","7","8.82","1","12.55"
"SYN-LA-00213","Jharkhand","Dhanbad","11.28","Residential","Multi-crop","5","6","0","0","6.85","9.47","6","6","9.26","Public utility","4","4","9","6.12","1","7.45"
"SYN-LA-00214","Jharkhand","Patna","9.23","Commercial","Single-crop","7","7","0","0","4.34","4.65","2","8","9.1","Public utility","","2","6","7.1","1","8.52"
"SYN-LA-00215","Jharkhand","Bhojpur","20.26","Commercial","Residential","","10","0","0","17.51","18.77","4","7","10.75","Industrial corridor","5","4","5","8.57","2","10.69"
"SYN-LA-00216","Jharkhand","Nalanda","3.47","Residential","Multi-crop","7","9","0","0","2.63","3.57","1","6","","Public utility","14","1","3","9.06","1","11.13"
"SYN-LA-00217","Bihar","Nalanda","23.24","Industrial","Multi-crop","6","7","1","3","12.17","13.68","8","8","1.12","Public utility","5","3","5","","2","19.98"
"SYN-LA-00218","Bihar","Dhanbad","","Agricultural","Single-crop","4","3","0","0","5.7","7.76","5","7","3.74","Rail","3","1","9","9.78","0","9.41"
"SYN-LA-00219","Jharkhand","Saran","5.53","Industrial","Single-crop","3","5","0","0","4.53","","","8","","Rail","20","3","6","10.55","1","12.42"
"SYN-LA-00220","Jharkhand","Patna","17.59","Residential","Residential","6","5","1","4","14.62","19.73","1","4","4.05","Public utility","17","1","5","16.54","2","23.58"
"SYN-LA-00221","Uttar Pradesh","Dhanbad","17.57","Residential","Mixed use","7","8","1","0","4.76","6.27","1","7","4.82","Rail","6","4","6","13.11","2","17.97"
"SYN-LA-00222","Bihar","Gaya","2.14","Industrial","Mixed use","1","2","0","0","1.54","1.68","2","10","0.28","Industrial corridor","6","3","10","5.96","0","6.82"
"SYN-LA-00223","Jharkhand","Patna","","Forest buffer","Fallow","8","9","0","0","1.54","1.65","8","8","10.19","Public utility","15","1","8","8.41","1","10.58"
"SYN-LA-00224","Jharkhand","Muzaffarpur","13.29","Industrial","Mixed use","8","9","0","0","7.53","9.24","3","8","0.17","Road","13","","6","12.7","1","14.63"
"SYN-LA-00225","Jharkhand","Patna","14.6","Industrial","Multi-crop","3","4","1","2","10.71","11.62","4","9","0.37","Road","2","4","8","6.73","1","11.86"
"SYN-LA-00226","Uttar Pradesh","Saran","20.76","","Multi-crop","1","1","0","0","12.32","13.92","3","2","8.85","Rail","4","1","9","7.76","0","8.8"
"SYN-LA-00227","Uttar Pradesh","Bhojpur","6.96","Agricultural","Fallow","5","7","1","2","5.87","7.59","1","10","6.21","Water management","17","1","7","8.53","1","12.4"
"SYN-LA-00228","","Muzaffarpur","19.37","Industrial","Residential","2","","1","4","9.65","12.78","1","8","4.74","Public utility","6","4","6","11.68","1","19.61"
"SYN-LA-00229","Bihar","Saran","21.17","Commercial","Mixed use","8","10","0","0","15.65","18.74","4","5","","Industrial corridor","7","3","4","14.51","2","16.08"
"SYN-LA-00230","Uttar Pradesh","Purnia","19.21","Residential","Multi-crop","4","6","0","0","4.74","6.32","2","5","9.8","Rail","16","2","8","7.95","1","8.31"
"SYN-LA-00231","Uttar Pradesh","Nalanda","4.28","Commercial","Single-crop","7","9","0","1","2.96","3.17","6","7","9.05","Public utility","15","1","5","14.69","2","16.69"
"SYN-LA-00232","Uttar Pradesh","Dhanbad","10.01","Forest buffer","Residential","5","7","0","1","5.86","6.44","6","1","10.88","Industrial corridor","5","1","8","10.53","2","12.22"
"SYN-LA-00233","Jharkhand","Gaya","12.16","Residential","Fallow","2","3","0","0","10.4","12.99","8","10","1.82","Industrial corridor","13","1","8","7.02","0","7.73"
"SYN-LA-00234","Uttar Pradesh","Ranchi","12.44","Commercial","Fallow","5","6","0","0","3.61","4.75","3","10","1.85","Rail","17","2","6","6.95","1","9.4"
"SYN-LA-00235","Jharkhand","Purnia","19.05","Forest buffer","Multi-crop","5","6","0","0","6.44","8.61","8","2","4.91","Road","16","3","5","7.48","2","10.06"
"SYN-LA-00236","Uttar Pradesh","Vaishali","18.49","Forest buffer","Single-crop","1","2","0","0","","7.52","3","6","3.89","Road","18","3","7","3.98","1","6.99"
"SYN-LA-00237","Bihar","Bhagalpur","8.95","Agricultural","Multi-crop","8","10","1","0","4.31","4.42","3","10","0.25","Rail","9","2","4","13.62","2","18.06"
"SYN-LA-00238","Jharkhand","Purnia","17.7","Agricultural","Commercial","5","7","0","1","15.2","21.16","7","9","9.4","Water management","12","3","10","10.83","1","11.8"
"SYN-LA-00239","Uttar Pradesh","Patna","24.53","Industrial","Fallow","4","5","0","0","7.24","8.22","4","8","9.25","Water management","5","2","6","10.48","1","13.09"
"SYN-LA-00240","","","20.79","Commercial","Single-crop","4","5","","0","5.34","6.36","0","8","2.92","Industrial corridor","","4","7","","1","13.03"
"SYN-LA-00241","Uttar Pradesh","Muzaffarpur","0.98","","Residential","2","3","0","1","0.32","0.41","0","4","0.91","Industrial corridor","9","","9","5.47","0","6.76"
"SYN-LA-00242","Bihar","Nalanda","4.89","Residential","Single-crop","2","2","1","0","2.33","2.67","7","9","10.6","Public utility","9","4","5","9.31","2","13.59"
"SYN-LA-00243","Bihar","Begusarai","7.48","Forest buffer","Commercial","7","7","0","0","2.63","3.62","9","","","Rail","19","4","7","14.33","2","15.44"
"SYN-LA-00244","Bihar","Gaya","8.35","Residential","Multi-crop","8","8","1","0","3.3","4.2","4","7","1.07","Rail","17","4","5","7.71","2","11.22"
"SYN-LA-00245","Bihar","Nalanda","19.31","Commercial","Mixed use","7","8","0","0","15.68","18.06","1","7","2.62","Rail","13","4","8","10.29","1","11.28"
"SYN-LA-00246","Bihar","Patna","21.09","Agricultural","Mixed use","6","7","0","","6.54","7.68","2","5","3.47","Rail","11","3","5","12.66","1","15.16"
"SYN-LA-00247","Jharkhand","Bhagalpur","20.03","Agricultural","Fallow","6","7","0","0","6.58","7.91","7","4","3.24","Road","18","1","6","11.84","2","13.88"
"SYN-LA-00248","Uttar Pradesh","Bhojpur","22.04","Commercial","Multi-crop","5","7","0","0","11.61","14.91","4","3","10.6","","8","0","7","11.64","1","12.33"
"SYN-LA-00249","Bihar","Gaya","23.79","Industrial","Fallow","4","6","0","0","11.73","15.23","1","9","8.39","Industrial corridor","4","4","6","8.58","1","12.36"
"SYN-LA-00250","Bihar","Gaya","22.46","Agricultural","Fallow","4","6","0","0","18.25","","2","3","9.63","Public utility","8","4","5","8.73","1","12.2"
"SYN-LA-00251","","Saran","17.26","Commercial","Fallow","6","8","1","4","10.71","14.7","","4","2.82","Public utility","11","1","7","17","3","21.68"
"SYN-LA-00252","","Patna","22.08","Agricultural","Multi-crop","5","7","0","0","19.39","25.78","2","9","2.39","Road","6","4","8","6.44","1","7.98"
"SYN-LA-00253","Uttar Pradesh","Saran","21.67","Agricultural","Commercial","6","6","0","0","15.57","17.34","3","8","9.76","Water management","5","4","3","10.66","1","14.8"
"SYN-LA-00254","Bihar","Bhojpur","17.17","Agricultural","Residential","1","2","1","0","6.09","7.04","7","5","10.99","Water management","18","3","5","4.66","2","8.84"
"SYN-LA-00255","Uttar Pradesh","Dhanbad","10.38","","Fallow","2","2","0","0","9.12","10.6","3","5","0.78","Public utility","9","2","5","10.27","1","13.96"
"SYN-LA-00256","Bihar","Begusarai","7.35","Agricultural","Commercial","5","5","0","0","3.92","5.2","7","8","0.35","Industrial corridor","6","4","8","8.68","1","9.94"
"SYN-LA-00257","Jharkhand","Vaishali","","Forest buffer","Mixed use","6","6","1","2","13.22","14.94","3","2","9.11","Water management","11","2","7","8.65","2","13.98"
"SYN-LA-00258","Jharkhand","","16.26","Agricultural","Mixed use","5","","0","1","11.62","14.12","5","6","8.92","Rail","10","2","7","8.32","1","10.23"
"SYN-LA-00259","Bihar","Ranchi","6.46","Forest buffer","Multi-crop","4","5","0","0","1.6","1.81","10","7","1.09","Road","4","3","5","10.16","1","12.37"
"SYN-LA-00260","Jharkhand","Purnia","4.64","Forest buffer","Residential","4","4","1","3","2.54","3.4","8","3","6.04","Road","5","7","8","10.08","3","17.98"
"","Uttar Pradesh","Vaishali","15.16","Commercial","Single-crop","6","6","0","0","12.59","13.44","4","6","6.29","Rail","14","","3","12.22","1","15.95"
"SYN-LA-00262","Jharkhand","Purnia","","Agricultural","Single-crop","8","10","1","2","14.07","18.38","5","4","3.22","Public utility","15","5","5","","3","20.45"
"SYN-LA-00263","Uttar Pradesh","Ranchi","10.45","Residential","Fallow","3","4","0","0","","7.3","1","7","8.56","Water management","4","1","7","9.51","1","9.98"
"SYN-LA-00264","Bihar","Dhanbad","","Industrial","Multi-crop","6","6","0","0","11.99","15.47","2","7","","Rail","13","","3","6.4","1","10.4"
"SYN-LA-00265","Bihar","Nalanda","21.89","Agricultural","Commercial","5","6","0","0","15.52","16.49","8","7","11.55","Rail","12","","5","8.98","2","11.6"
"SYN-LA-00266","Uttar Pradesh","Vaishali","15.77","Commercial","","4","6","0","0","6.09","7.72","6","8","2.48","Public utility","8","0","9","","1","12.31"
"SYN-LA-00267","Jharkhand","Ranchi","8.04","Forest buffer","Residential","4","5","1","4","7.06","7.33","9","5","3.45","Rail","14","4","","12.3","3","17.22"
"SYN-LA-00268","Bihar","Vaishali","7","Industrial","Commercial","8","10","0","0","1.45","1.51","3","8","9.53","Rail","18","6","7","13.47","2","17.11"
"SYN-LA-00269","Bihar","","7.91","Commercial","Multi-crop","5","6","0","0","3.47","4.33","3","5","5.24","Public utility","11","3","7","12.32","1","14.66"
"SYN-LA-00270","Bihar","Begusarai","12.7","Forest buffer","Commercial","7","7","0","0","4.41","6.08","3","6","1.11","","7","3","3","8.39","1","11.76"
"SYN-LA-00271","Jharkhand","Muzaffarpur","23.65","Industrial","Multi-crop","6","5","0","1","13.52","18.7","6","6","","Road","19","4","5","12.48","2","15.73"
"SYN-LA-00272","Bihar","Muzaffarpur","15.4","Forest buffer","","4","","0","0","7.24","7.72","7","8","10.21","Public utility","14","3","8","9.35","1","10.06"
"","Jharkhand","Ranchi","7.88","Agricultural","Fallow","7","8","1","2","2.6","3.51","5","6","8.07","Industrial corridor","15","2","5","10.12","3","15.72"
"SYN-LA-00274","Bihar","Gaya","9.51","Commercial","Commercial","6","8","0","0","3.05","","5","3","4.65","Water management","10","2","5","13.81","2","16.25"
"SYN-LA-00275","Jharkhand","Muzaffarpur","14.94","Forest buffer","Mixed use","6","8","1","0","6.89","9.61","4","8","1.39","Road","9","1","8","12.51","1","14.24"
"SYN-LA-00276","Jharkhand","Ranchi","24.94","Industrial","Residential","6","6","0","1","20.36","22.65","6","8","2.64","Public utility","17","5","4","13.28","2","16.98"
"SYN-LA-00277","Jharkhand","Ranchi","21.99","Commercial","Single-crop","","3","0","0","18.76","25.27","7","6","8.68","Water management","15","4","6","5.54","1","9.46"
"SYN-LA-00278","Bihar","Ranchi","14.98","Commercial","Commercial","5","","0","0","10.03","10.3","9","10","8.53","Water management","18","3","8","6.09","1","8.68"
"SYN-LA-00279","Bihar","Begusarai","24.56","Agricultural","Multi-crop","6","","1","1","14.99","19.28","8","7","8.9","Rail","11","1","6","11.57","2","16.24"
"SYN-LA-00280","Jharkhand","Ranchi","5.64","Commercial","","3","3","0","","4.21","4.77","1","","8.72","Public utility","14","1","6","7.68","1","8.06"
"SYN-LA-00281","Bihar","Bhagalpur","22.83","Commercial","Residential","6","6","0","1","12.91","16.43","7","9","1.96","Industrial corridor","5","3","4","8.15","1","13.05"
"SYN-LA-00282","Uttar Pradesh","Begusarai","14.87","Commercial","Fallow","2","4","0","0","10.1","12.95","3","7","6.13","Industrial corridor","14","4","8","9.62","1","10.55"
"SYN-LA-00283","Bihar","Ranchi","24.04","Residential","Mixed use","7","8","0","0","17.27","19.07","7","8","6.05","Public utility","8","1","5","7.98","1","10.05"
"SYN-LA-00284","Uttar Pradesh","Bhagalpur","14.77","Residential","Single-crop","1","2","0","0","6.33","7.85","1","3","","Road","16","","6","","1","12.88"
"SYN-LA-00285","Jharkhand","Vaishali","3.09","Forest buffer","Fallow","3","3","1","1","1.25","1.7","2","6","11.17","Public utility","13","4","5","12.3","2","18.54"
"SYN-LA-00286","Bihar","Begusarai","22.09","Forest buffer","Residential","8","10","1","1","16.04","20.49","9","3","9.1","Rail","7","2","7","14.41","3","19.07"
"SYN-LA-00287","Uttar Pradesh","Bhojpur","3.62","Agricultural","Residential","7","7","0","0","2.64","3.59","6","3","6.21","Public utility","2","1","6","6.91","1","8.18"
"SYN-LA-00288","Uttar Pradesh","Ranchi","6.94","Commercial","Single-crop","1","2","0","0","3.94","5.33","5","3","","Road","18","2","5","6.92","1","9.57"
"SYN-LA-00289","Uttar Pradesh","Bhagalpur","4","Industrial","Commercial","7","8","0","0","2.17","2.58","2","9","5.19","Rail","6","2","3","11.21","1","13.2"
"SYN-LA-00290","Bihar","Purnia","22.39","","Multi-crop","1","3","1","3","11.76","12.35","0","9","5.82","Industrial corridor","15","5","5","12.88","2","18.7"
"SYN-LA-00291","Jharkhand","Begusarai","21.06","Agricultural","Commercial","3","3","0","0","6.16","6.44","4","5","3.49","Road","20","1","5","9.57","1","11.8"
"SYN-LA-00292","Jharkhand","Purnia","13.46","Agricultural","Single-crop","8","10","1","4","5.91","7.89","3","4","0.61","Public utility","","1","7","14.06","2","21.15"
"SYN-LA-00293","Jharkhand","Vaishali","22.1","Forest buffer","Residential","6","","0","1","15.21","18.11","8","7","9.86","Industrial corridor","9","3","3","12.15","2","17.01"
"SYN-LA-00294","Bihar","Gaya","20.22","Residential","Single-crop","2","","0","1","12.6","16.14","7","8","3","Water management","16","3","8","5.65","1","7.72"
"SYN-LA-00295","Jharkhand","Vaishali","1.18","Industrial","Fallow","3","3","0","0","0.77","1","2","6","11.64","Public utility","19","1","7","8.25","1","9.82"
"SYN-LA-00296","Jharkhand","Purnia","2.95","Industrial","Multi-crop","","1","0","0","1.75","2.29","5","4","11.23","Industrial corridor","6","3","6","10.48","1","11.66"
"SYN-LA-00297","Uttar Pradesh","Ranchi","12.35","Residential","Residential","6","8","0","0","10","10.62","3","7","6.94","Water management","10","3","6","7.68","1","10.85"
"SYN-LA-00298","Bihar","Dhanbad","8.11","Agricultural","Commercial","4","5","0","1","3.56","4.75","3","5","10.35","Rail","14","","5","13.7","2","16.72"
"SYN-LA-00299","Jharkhand","Vaishali","3.26","Agricultural","Commercial","7","9","0","0","0.64","0.71","4","5","6.55","Road","9","3","6","14.2","2","17.81"
"SYN-LA-00300","Jharkhand","Begusarai","24.27","Commercial","Fallow","7","9","0","0","20.87","25.25","6","4","7.99","Water management","17","4","4","12.66","3","15.2"
"SYN-LA-00301","Jharkhand","Begusarai","18.43","Residential","Mixed use","7","8","0","0","4.9","6.72","","8","9.41","Industrial corridor","3","1","5","14.17","1","16.23"
"SYN-LA-00302","Bihar","Ranchi","3.67","Forest buffer","Commercial","6","7","1","0","1.29","1.74","5","4","","","12","4","7","8.65","2","11.56"
"","Jharkhand","Bhojpur","10.02","Industrial","Fallow","6","7","","1","8.06","8.6","7","10","0.52","Road","3","2","3","7.46","1","11.76"
"SYN-LA-00304","Bihar","Ranchi","4.23","Forest buffer","","3","5","1","1","2.21","2.31","4","3","2.64","Industrial corridor","10","2","6","7.87","2","13.4"
"SYN-LA-00305","Uttar Pradesh","Nalanda","6.88","Forest buffer","Mixed use","8","8","0","0","2.55","3.11","9","1","8.88","Road","16","2","8","14.35","2","15.78"
"SYN-LA-00306","Bihar","Patna","13.94","Agricultural","Single-crop","4","5","0","0","11.07","13.98","2","6","1.4","Public utility","11","0","10","8.59","0","9.54"
"SYN-LA-00307","Uttar Pradesh","Vaishali","15.85","Residential","Multi-crop","6","7","0","0","8.86","9.81","5","7","","Industrial corridor","11","1","4","6.58","1","10.2"
"SYN-LA-00308","Uttar Pradesh","Begusarai","6.81","Forest buffer","Mixed use","8","10","1","4","4.8","5.02","7","1","4.24","Water management","20","1","8","12.18","3","18.31"
"SYN-LA-00309","Jharkhand","Patna","","Agricultural","Multi-crop","7","9","0","0","1.32","1.82","5","6","9.65","Road","","3","3","12.28","2","16.36"
"SYN-LA-00310","Bihar","Bhagalpur","10.6","Industrial","Multi-crop","1","1","0","0","6.55","8.29","3","6","12.09","Industrial corridor","2","2","9","6.55","0","8.76"
"SYN-LA-00311","Uttar Pradesh","","12.44","Residential","Single-crop","","8","1","2","9.94","10.42","3","6","6.34","Public utility","11","4","3","10.75","2","18.49"
"SYN-LA-00312","Uttar Pradesh","Gaya","23.94","Commercial","Commercial","","3","","0","19.81","21.63","6","9","11.22","Public utility","9","2","10","11.59","1","10.92"
"SYN-LA-00313","Jharkhand","Nalanda","7.61","Agricultural","","2","3","","1","5.85","6.58","5","10","7.21","","19","4","9","9.27","1","10.17"
"SYN-LA-00314","Bihar","Purnia","5.73","Commercial","Commercial","1","2","0","0","3.48","4.46","","8","2.73","Public utility","17","2","5","4.77","1","7.9"
"SYN-LA-00315","Jharkhand","Bhagalpur","8.29","Agricultural","Single-crop","4","6","1","0","4.59","5.3","1","9","4.22","Industrial corridor","19","4","7","8.43","1","12.09"
"SYN-LA-00316","Jharkhand","Purnia","19.8","Forest buffer","Single-crop","4","4","0","0","","15.73","7","1","8.8","Industrial corridor","4","5","6","9.15","2","11.96"
"SYN-LA-00317","Uttar Pradesh","Bhojpur","6.2","Agricultural","Single-crop","2","4","1","2","2.31","3.09","8","7","11.93","Road","14","1","6","13.58","2","17.8"
"SYN-LA-00318","Bihar","Vaishali","9.12","Agricultural","","2","4","0","1","7","7.76","7","3","0.67","Public utility","9","1","6","12.14","1","15.58"
"SYN-LA-00319","Jharkhand","Bhojpur","6.77","Industrial","Commercial","4","5","0","1","3.24","3.84","6","7","9.63","Rail","19","5","7","10.56","2","14.81"
"SYN-LA-00320","Bihar","Purnia","12.62","Industrial","Commercial","8","9","0","0","6.18","8.2","5","10","4.39","Public utility","2","1","4","","1","17.59"
"SYN-LA-00321","Bihar","Dhanbad","18.16","Industrial","Single-crop","2","2","0","0","7.49","8.59","4","5","5.39","Road","12","3","8","4.2","0","7.06"
"SYN-LA-00322","Bihar","Begusarai","17.23","Residential","Mixed use","7","8","0","0","7.76","10.35","2","9","","Road","10","4","4","8","1","11.56"
"SYN-LA-00323","Jharkhand","Purnia","18.9","Residential","Fallow","4","4","0","0","15.8","19.85","3","9","0.89","Industrial corridor","12","4","8","10.58","0","12.83"
"SYN-LA-00324","Bihar","Muzaffarpur","8.43","Agricultural","Residential","8","8","","1","5.23","6.43","7","8","4.09","Rail","5","5","5","8.36","2","13"
"SYN-LA-00325","Bihar","Nalanda","3.26","Residential","Single-crop","8","9","0","","2.73","3.68","3","8","8.33","Industrial corridor","18","3","6","12.35","1","15.28"
"SYN-LA-00326","Jharkhand","Bhojpur","20.74","Agricultural","Commercial","2","4","1","4","15.37","17.14","0","7","4.91","Public utility","17","2","","13.56","2","19.21"
"SYN-LA-00327","Uttar Pradesh","Gaya","23.31","Agricultural","Fallow","3","3","0","0","13.92","18.93","3","7","7.51","Road","2","1","8","7.36","0","8.83"
"SYN-LA-00328","Jharkhand","Patna","18.43","Agricultural","Mixed use","7","9","0","","10.4","10.95","7","5","5.02","Rail","9","2","6","14.72","2","17.76"
"SYN-LA-00329","Bihar","Nalanda","22.37","Industrial","Fallow","2","3","0","0","18.81","22.12","6","6","9.68","Public utility","2","2","8","","0","6.41"
"SYN-LA-00330","Uttar Pradesh","Ranchi","23.2","Residential","Residential","5","6","0","0","7.92","8.83","4","5","","Water management","7","2","9","12.91","1","13.21"
"SYN-LA-00331","Jharkhand","Gaya","10.04","Agricultural","Multi-crop","6","8","0","0","7.64","8.69","","5","8.5","","10","2","4","6.36","1","7.95"
"SYN-LA-00332","Bihar","Purnia","10.71","Commercial","Single-crop","2","4","0","0","3.32","3.77","","7","8.77","Road","19","","6","7.87","1","10.25"
"SYN-LA-00333","Jharkhand","Patna","18.5","Residential","Fallow","4","5","0","0","13.89","16.01","1","8","1.52","Road","3","4","5","5.96","0","8.1"
"SYN-LA-00334","Uttar Pradesh","Muzaffarpur","21.58","Commercial","Residential","","4","0","0","17.97","18.47","5","4","8.87","Public utility","7","1","7","10.93","1","11.67"
"SYN-LA-00335","Bihar","Dhanbad","8.65","Agricultural","Single-crop","1","0","1","4","3.62","4.15","6","8","12.05","Water management","19","4","7","7.7","2","15.04"
"SYN-LA-00336","Uttar Pradesh","","16.02","Forest buffer","Residential","1","1","1","4","4.15","5.57","10","6","4.45","Water management","16","2","9","12.43","2","18.72"
"SYN-LA-00337","Jharkhand","Begusarai","6.65","Agricultural","Commercial","1","2","0","0","2.92","3.21","6","6","7.46","Rail","3","6","9","7.88","1","9.71"
"SYN-LA-00338","Jharkhand","","1.74","Residential","Fallow","4","5","1","3","0.51","0.68","4","8","2.78","Rail","4","0","7","12.63","1","17.86"
"SYN-LA-00339","Uttar Pradesh","Ranchi","7.29","Industrial","Multi-crop","4","6","1","2","1.48","1.88","2","","7.74","Road","16","5","6","","2","19.51"
"SYN-LA-00340","Bihar","Patna","8.27","Forest buffer","Residential","3","5","0","0","2.28","2.79","8","5","4.74","Industrial corridor","3","1","5","10.01","1","11.95"
"SYN-LA-00341","Uttar Pradesh","Vaishali","","Forest buffer","Mixed use","6","7","0","0","3.39","4.11","7","","","Road","4","5","6","8.17","2","12.07"
"SYN-LA-00342","Bihar","Dhanbad","8.41","Commercial","Mixed use","4","6","0","0","5.01","5.81","1","5","11.92","Industrial corridor","3","0","9","10.02","1","10.43"
"SYN-LA-00343","Uttar Pradesh","Bhojpur","14.07","Commercial","Multi-crop","2","2","0","0","8.56","10.23","4","10","1.36","Rail","19","4","6","10.6","1","14.51"
"SYN-LA-00344","Bihar","Ranchi","9.33","Commercial","Single-crop","1","1","0","0","2.19","2.96","4","7","5.43","Water management","18","1","10","7.26","0","8"
"SYN-LA-00345","Jharkhand","Bhagalpur","8.05","Forest buffer","Commercial","7","","0","0","6.37","7.67","6","5","0.18","Water management","15","1","8","8.66","1","9.57"
"SYN-LA-00346","Uttar Pradesh","Bhojpur","16.16","Agricultural","Residential","4","5","0","","11.85","16.12","7","4","9.85","Public utility","12","1","8","6.11","1","5.88"
"SYN-LA-00347","Uttar Pradesh","Vaishali","10.27","Commercial","Commercial","5","4","0","0","","5.18","5","9","9.7","Industrial corridor","","2","6","13.54","1","14.62"
"SYN-LA-00348","Bihar","Ranchi","2.7","Forest buffer","Multi-crop","7","7","0","0","0.96","1.11","8","4","5.88","Industrial corridor","14","3","7","8.23","1","10.55"
"SYN-LA-00349","Uttar Pradesh","Bhojpur","3.12","Agricultural","Fallow","2","2","1","1","2.52","2.72","0","10","4.61","Road","14","0","10","6.48","0","9.27"
"SYN-LA-00350","Bihar","Bhojpur","11.68","Industrial","Multi-crop","1","0","0","0","4.98","5.09","4","10","7.67","Public utility","11","1","","11.11","0","10.61"
"SYN-LA-00351","Bihar","Purnia","10.25","Forest buffer","Residential","2","1","","0","2.18","2.89","4","7","3.39","Road","12","5","6","10.35","1","12.62"
"SYN-LA-00352","Bihar","Begusarai","20.78","Forest buffer","Mixed use","6","6","0","0","10.81","11.75","9","2","2.74","Water management","3","","5","13.58","1","15.79"
"SYN-LA-00353","Bihar","Muzaffarpur","","Industrial","Fallow","5","4","0","0","9.05","12.19","6","","7.17","Industrial corridor","19","0","6","8.01","1","8.29"
"SYN-LA-00354","Bihar","Vaishali","1.93","Agricultural","Residential","1","","0","0","1.37","1.78","0","8","2.94","Public utility","15","4","8","10.48","0","11.81"
"SYN-LA-00355","Uttar Pradesh","Dhanbad","13.88","Residential","","3","3","0","0","10.91","14.67","3","4","5","Industrial corridor","7","3","8","6.65","1","8.71"
"SYN-LA-00356","Jharkhand","Saran","","Commercial","Residential","6","7","0","0","1.76","2.15","7","4","4.55","Road","4","4","","","2","12.86"
"SYN-LA-00357","Uttar Pradesh","Bhagalpur","4.99","Commercial","Commercial","1","","0","0","","3.25","5","5","10.43","Public utility","14","3","10","","1","8"
"SYN-LA-00358","Bihar","Patna","7.35","Commercial","Residential","","9","1","1","1.61","1.92","5","4","2.69","Industrial corridor","11","5","7","11.36","3","16.76"
"SYN-LA-00359","Bihar","Dhanbad","6.08","Industrial","Mixed use","3","4","0","0","2.04","2.83","8","3","0.56","Water management","20","4","8","","1","9.56"
"SYN-LA-00360","Uttar Pradesh","Muzaffarpur","15.55","Residential","Multi-crop","5","5","1","1","11.7","14","7","4","9.49","Industrial corridor","17","2","9","7","2","9.42"
"SYN-LA-00361","Bihar","Nalanda","12.5","Industrial","Mixed use","5","6","0","0","10.58","12.89","5","5","","Public utility","11","3","8","8.6","1","11"
"SYN-LA-00362","Jharkhand","Bhagalpur","","Agricultural","Mixed use","7","8","0","1","7.44","8.98","5","6","4.56","Rail","16","0","7","10.96","1","13.79"
"SYN-LA-00363","Bihar","Begusarai","18.9","Agricultural","Fallow","1","1","0","0","4.41","4.71","4","6","9.78","Rail","2","4","8","7.14","1","7.73"
"SYN-LA-00364","","Patna","17.48","Commercial","Fallow","1","1","1","0","5.23","5.82","2","10","11.8","Rail","2","4","8","4.22","1","6.4"
"SYN-LA-00365","Uttar Pradesh","Gaya","10.71","Industrial","Residential","5","6","0","0","4.5","4.89","4","9","7.96","Road","8","7","","9.05","1","12.06"
"SYN-LA-00366","Uttar Pradesh","Patna","17.64","Residential","Single-crop","2","3","0","0","11.92","14.84","4","7","2.87","Public utility","13","0","7","10.29","1","10.57"
"SYN-LA-00367","Uttar Pradesh","Ranchi","11.65","Forest buffer","Fallow","7","9","0","0","5.99","6.52","6","3","3.06","Industrial corridor","12","4","6","12.44","2","16.19"
"SYN-LA-00368","Uttar Pradesh","Gaya","2.74","Industrial","Residential","1","2","0","0","1.73","2.12","1","9","9.3","Rail","17","1","6","5.52","0","6.85"
"SYN-LA-00369","Uttar Pradesh","Bhojpur","22.3","Agricultural","Commercial","8","9","0","0","12.02","15.41","7","5","0.62","Industrial corridor","11","2","5","14.57","2","16.63"
"","Bihar","Muzaffarpur","3.76","Industrial","Fallow","1","2","0","1","","2.44","5","7","5.69","Road","9","2","7","11.48","1","13.96"
"SYN-LA-00371","Uttar Pradesh","Gaya","","Agricultural","Single-crop","1","3","1","2","6.3","7.86","3","6","","Public utility","18","4","7","11.32","2","16.81"
"SYN-LA-00372","Jharkhand","Muzaffarpur","12.92","Agricultural","Single-crop","5","7","0","0","4.14","5.49","1","9","11.41","Public utility","19","0","7","12.78","1","13.85"
"SYN-LA-00373","Jharkhand","Saran","9.92","Residential","Fallow","1","2","0","0","6.81","9.25","6","4","11.59","Water management","6","1","6","6.72","1","8.64"
"SYN-LA-00374","Bihar","Purnia","13.76","Industrial","Mixed use","3","3","0","0","4.19","5.29","3","7","3.68","Rail","15","4","7","10.52","1","13.54"
"SYN-LA-00375","Bihar","Begusarai","14.84","Residential","Commercial","5","7","0","0","5.55","6.28","","5","2.96","Road","5","0","5","12.9","1","14.99"
"SYN-LA-00376","Jharkhand","","23.17","Industrial","Mixed use","4","4","0","0","13.61","18.34","5","7","2.16","Industrial corridor","14","5","5","8","1","11.04"
"SYN-LA-00377","Bihar","Begusarai","24.24","Residential","Mixed use","3","4","0","1","16.6","22.61","1","","3.6","Rail","6","4","10","9.7","0","12.31"
"SYN-LA-00378","Bihar","Vaishali","5.59","Agricultural","Single-crop","3","3","0","","3.58","4.26","7","6","2.85","Rail","12","4","8","7.16","1","8.82"
"SYN-LA-00379","Uttar Pradesh","Ranchi","7.12","Residential","Commercial","7","7","0","0","3.5","4.21","2","4","5.08","Road","9","3","7","11.16","1","13.61"
"SYN-LA-00380","Bihar","Gaya","15.6","Industrial","Mixed use","4","6","0","0","5.68","6.68","5","7","7.6","Industrial corridor","5","2","","9.04","1","10.7"
"SYN-LA-00381","Jharkhand","Begusarai","14.79","Commercial","Fallow","8","8","0","","4.86","6.6","6","8","7.47","Industrial corridor","10","4","5","14.05","2","15.84"
"SYN-LA-00382","Bihar","Purnia","7.64","Industrial","Single-crop","3","5","1","0","5.12","6.9","2","5","8.02","","4","3","8","5.01","1","9.29"
"SYN-LA-00383","Jharkhand","Bhojpur","19.96","Forest buffer","Mixed use","4","4","1","3","5.81","7.92","4","2","1.04","Public utility","","5","7","13.35","2","21.04"
"SYN-LA-00384","Jharkhand","Bhojpur","23.67","Industrial","Residential","7","9","0","","13.88","14.51","4","5","12.02","Public utility","7","1","4","7.47","2","11.15"
"SYN-LA-00385","Bihar","Saran","17.79","Residential","Fallow","2","3","","0","4.34","4.63","6","4","0.7","Water management","18","2","8","7.56","1","9.44"
"SYN-LA-00386","Jharkhand","Ranchi","24.91","Residential","Residential","1","0","0","0","15.16","20.86","3","7","2.91","Water management","3","4","6","8.83","0","9.95"
"SYN-LA-00387","Jharkhand","Bhojpur","17.26","Commercial","Multi-crop","3","5","0","1","3.42","4.79","7","9","3.67","Water management","13","0","7","11.12","1","12.39"
"SYN-LA-00388","Jharkhand","","10.31","Commercial","Multi-crop","6","7","0","0","2.51","2.6","4","9","10.5","Industrial corridor","13","","6","13.69","2","16.92"
"SYN-LA-00389","Uttar Pradesh","Bhagalpur","13.52","Residential","Commercial","2","4","1","3","11.24","15.47","6","4","8.61","Rail","17","5","8","14.36","3","18.82"
"SYN-LA-00390","Jharkhand","Vaishali","18.12","Industrial","Mixed use","5","7","0","1","5.79","7.5","4","5","11.96","Road","5","4","10","13.78","1","15.88"
"SYN-LA-00391","Uttar Pradesh","Muzaffarpur","3.15","Agricultural","Multi-crop","4","4","0","1","1.09","1.49","9","","10.37","Water management","12","1","6","11.95","2","13.21"
"SYN-LA-00392","Uttar Pradesh","Patna","5.18","Residential","Residential","6","8","0","0","2.74","3.5","5","8","8.16","Water management","11","2","4","12.53","2","13.86"
"SYN-LA-00393","Uttar Pradesh","Purnia","10.24","","Fallow","2","3","0","1","","6.94","5","5","9.51","Water management","17","1","7","12.36","1","15.32"
"SYN-LA-00394","Jharkhand","Nalanda","21.15","Forest buffer","Commercial","8","","0","1","14.29","18.8","4","7","7.62","Public utility","10","2","4","13.79","2","17.96"
"SYN-LA-00395","","Ranchi","5.67","Agricultural","Single-crop","2","2","0","0","3.26","3.68","6","8","5.08","Rail","2","2","5","7.1","0","8.16"
"SYN-LA-00396","Bihar","Muzaffarpur","12.96","Commercial","Single-crop","6","6","0","0","9.05","10.54","2","9","7.47","Road","14","5","4","8.17","1","12.92"
"SYN-LA-00397","Uttar Pradesh","Gaya","","Residential","Fallow","3","5","1","4","9.65","12.26","8","5","8.85","Water management","11","0","7","15.73","3","21.06"
"SYN-LA-00398","Bihar","Muzaffarpur","8.43","Residential","Single-crop","5","5","0","0","4.05","5.12","3","9","6.15","Public utility","19","1","9","12.94","1","13.68"
"SYN-LA-00399","Bihar","Patna","2.42","Commercial","Mixed use","3","4","0","0","0.88","1.02","7","7","0.65","","2","5","7","8.63","1","11.89"
"SYN-LA-00400","Uttar Pradesh","Purnia","8.99","Industrial","Multi-crop","8","7","0","0","1.71","2.23","7","4","4.34","Industrial corridor","11","2","3","11.33","2","13.56"
"SYN-LA-00401","Uttar Pradesh","Dhanbad","2.76","Industrial","Mixed use","6","7","0","0","1.89","2.58","6","8","1.86","Water management","16","2","6","13.46","1","16.07"
"SYN-LA-00402","Jharkhand","Gaya","1.29","Industrial","Multi-crop","4","6","0","0","1.04","1.36","7","5","1.93","Water management","18","0","10","10.62","1","11.7"
"SYN-LA-00403","Bihar","Gaya","9.38","Residential","Mixed use","2","3","0","0","6.64","8.49","7","6","4.74","Public utility","15","2","7","7.25","1","8.87"
"SYN-LA-00404","Bihar","Nalanda","6.22","Commercial","Commercial","3","4","0","1","5.05","6.69","","3","4.01","Rail","10","3","5","8.72","1","11.05"
"SYN-LA-00405","Jharkhand","Purnia","17.17","Residential","Commercial","1","1","0","0","5.08","6.96","7","5","3.43","Water management","13","5","5","5.94","1","9.1"
"SYN-LA-00406","Uttar Pradesh","Gaya","12.72","Agricultural","Commercial","2","3","0","0","10.43","11.88","3","4","4.99","Water management","11","4","8","11.95","1","12.63"
"SYN-LA-00407","Uttar Pradesh","Bhojpur","3.56","Commercial","","8","9","0","0","1.27","1.58","3","4","11.3","Industrial corridor","4","2","3","12.36","2","15.16"
"SYN-LA-00408","Bihar","Begusarai","13.72","Industrial","Residential","8","8","0","0","10.44","13.43","","7","11.63","Rail","17","2","7","","1","11.7"
"SYN-LA-00409","Jharkhand","Gaya","2.17","Residential","Fallow","3","5","0","1","1.86","2.49","2","3","2.9","Public utility","20","3","5","9.57","1","13.56"
"SYN-LA-00410","Jharkhand","Bhojpur","","Forest buffer","Multi-crop","6","5","0","","12.79","13.78","3","1","","Rail","13","1","5","13.85","2","16.1"
"SYN-LA-00411","Jharkhand","Ranchi","9.61","Forest buffer","Fallow","4","4","0","0","6.42","7.12","7","3","3.13","Water management","13","3","","6.6","1","6.76"
"SYN-LA-00412","Bihar","Bhojpur","3.62","Industrial","","3","4","0","0","1.97","2.32","3","3","2.55","Industrial corridor","","4","7","9.68","1","12.79"
"SYN-LA-00413","Uttar Pradesh","Begusarai","14.09","Residential","Multi-crop","8","8","0","0","2.67","2.75","2","8","","Water management","19","5","4","9.17","2","12.55"
"SYN-LA-00414","Jharkhand","Bhagalpur","16.05","Commercial","Single-crop","2","3","0","0","10.91","13.49","3","3","7.57","Road","2","4","8","4.26","0","5.72"
"SYN-LA-00415","Uttar Pradesh","Bhagalpur","8.92","Agricultural","Fallow","","8","0","0","5.8","7.44","0","3","1.29","Road","8","0","4","14.04","1","15.93"
"SYN-LA-00416","Jharkhand","Nalanda","9.36","Residential","Fallow","1","2","0","0","3","3.15","4","9","1.06","Public utility","18","0","7","4.05","0","6.53"
"SYN-LA-00417","Uttar Pradesh","","10.02","Commercial","","8","7","","0","5.87","6.95","5","10","4.83","","2","3","5","13.83","1","16.33"
"SYN-LA-00418","Jharkhand","Bhagalpur","12.44","Forest buffer","Multi-crop","8","8","0","0","8.13","10.41","6","5","11.23","Rail","13","2","4","8.55","2","11.14"
"","Bihar","Dhanbad","","Residential","Commercial","3","2","0","0","3.74","4.68","5","7","8.98","Water management","7","4","7","6.63","1","9.76"
"SYN-LA-00420","Bihar","Saran","24.47","Residential","Mixed use","4","4","0","0","16.64","17.98","5","9","2.91","Industrial corridor","17","5","10","12.93","1","15.87"
"SYN-LA-00421","Jharkhand","Bhagalpur","3.34","Industrial","Fallow","4","","0","0","1.86","2.4","8","10","2.98","Water management","14","4","8","5.51","0","8.65"
"SYN-LA-00422","Jharkhand","Patna","23.43","Commercial","Single-crop","3","2","0","0","20.48","27.41","","8","10.33","Water management","3","1","8","7.27","0","7.34"
"SYN-LA-00423","Jharkhand","Gaya","23.16","","","4","6","0","0","7.5","8.47","4","4","11.72","Water management","6","0","6","11.8","1","14.51"
"SYN-LA-00424","Bihar","Vaishali","6.13","","","7","9","0","0","4.43","5.36","3","9","7.96","Public utility","19","2","7","9.38","1","10.32"
"SYN-LA-00425","Uttar Pradesh","Begusarai","13.19","Residential","Multi-crop","4","5","0","1","8.77","11.47","","9","7.43","Rail","8","4","5","10.14","1","13.89"
"SYN-LA-00426","Bihar","Bhojpur","5.35","Agricultural","Residential","8","8","1","0","1.09","1.51","1","6","3.37","Water management","2","3","6","10.73","1","13.94"
"SYN-LA-00427","Bihar","Dhanbad","3.99","Industrial","","3","3","0","0","1.39","1.55","8","5","7.23","Rail","4","2","6","7.12","1","9.17"
"SYN-LA-00428","Jharkhand","Bhagalpur","3.71","Industrial","Single-crop","1","1","0","0","0.77","0.79","5","10","0.59","Road","20","1","6","4.91","0","7.88"
"SYN-LA-00429","Bihar","Patna","7.92","Industrial","","3","4","0","0","3.1","3.18","4","","","Rail","20","4","6","10.63","1","12.25"
"SYN-LA-00430","Uttar Pradesh","Gaya","3.39","Agricultural","Single-crop","5","5","0","0","1.56","1.67","3","4","11.54","Road","18","2","6","13.35","2","15.12"
"SYN-LA-00431","Bihar","Bhojpur","4.09","Agricultural","Residential","8","10","0","0","0.87","1.09","7","","5.16","Rail","9","3","5","12.81","2","14.44"
"SYN-LA-00432","Jharkhand","Patna","2.62","Agricultural","Fallow","6","6","0","0","1.83","2.27","2","3","6.09","Public utility","15","4","7","11.66","1","15.06"
"SYN-LA-00433","Uttar Pradesh","Patna","24.39","Industrial","Multi-crop","2","3","0","0","4.92","5.07","1","4","5.38","Water management","16","0","9","10.19","1","9.99"
"SYN-LA-00434","Jharkhand","Purnia","22.89","Residential","Fallow","","4","1","1","8.75","10.68","1","3","2.25","Industrial corridor","13","4","8","9.3","1","12.6"
"SYN-LA-00435","Uttar Pradesh","Nalanda","0.96","Commercial","Multi-crop","","5","1","1","0.79","1.07","7","8","11.75","Industrial corridor","9","1","7","13.46","2","16.78"
"SYN-LA-00436","Bihar","Muzaffarpur","23.95","Agricultural","Residential","1","0","0","0","4.81","5.31","6","6","6.7","Road","19","5","8","11","1","14.23"
"SYN-LA-00437","Bihar","Patna","21.85","Forest buffer","Multi-crop","1","2","1","4","17.09","22.95","10","6","7.91","Road","13","2","10","11.88","2","15.88"
"SYN-LA-00438","Jharkhand","Dhanbad","20.48","Commercial","Fallow","3","3","0","0","7.77","9.79","4","","7.43","Public utility","15","2","9","10.77","1","11.14"
"SYN-LA-00439","Uttar Pradesh","Vaishali","20.83","Commercial","Mixed use","4","5","1","3","15.35","21.11","0","7","5.76","Industrial corridor","3","4","","9.32","1","15.17"
"SYN-LA-00440","Jharkhand","Vaishali","9.82","Residential","Commercial","5","6","1","4","3.78","5.21","","3","7.5","Public utility","15","1","6","12.41","3","18.82"
"SYN-LA-00441","Bihar","","3.18","Industrial","Multi-crop","4","3","1","0","2.18","","3","5","6.19","Industrial corridor","19","3","8","5.44","1","9.06"
"SYN-LA-00442","Bihar","Bhagalpur","7.77","Commercial","Single-crop","7","9","0","0","1.76","2.08","4","4","8.66","Public utility","11","3","4","12.04","2","16.37"
"SYN-LA-00443","Jharkhand","","13.77","Residential","Single-crop","3","4","0","0","10.06","11.49","2","3","10.78","Water management","","0","7","7.48","1","8.13"
"SYN-LA-00444","Uttar Pradesh","Bhojpur","22.66","Agricultural","Single-crop","7","9","1","1","5.25","","2","5","5.76","Public utility","11","2","8","10.97","2","15.21"
"SYN-LA-00445","Jharkhand","Begusarai","22.7","Residential","Single-crop","2","4","0","1","17.71","21.36","7","3","5.2","Road","13","4","6","10.58","2","12.88"
"SYN-LA-00446","Bihar","Dhanbad","24.58","Residential","Single-crop","1","2","0","0","16.12","21.19","8","7","","Industrial corridor","5","","9","6.74","0","6.88"
"SYN-LA-00447","Jharkhand","Bhojpur","14.05","Industrial","Mixed use","3","","1","4","11.21","12.39","8","5","12.06","Industrial corridor","","5","7","14.01","3","20.5"
"SYN-LA-00448","Uttar Pradesh","Patna","10.18","Agricultural","Single-crop","4","6","0","1","4.69","5.39","2","9","4.15","Water management","18","3","9","8.53","1","11.89"
"SYN-LA-00449","Uttar Pradesh","Begusarai","20.5","Forest buffer","Multi-crop","7","9","0","1","6.46","7.32","3","2","7.07","Public utility","2","","3","7.8","2","10.43"
"SYN-LA-00450","Bihar","Gaya","10.68","Agricultural","Commercial","6","8","0","0","4.68","5.47","6","8","3.12","Rail","19","2","8","13.4","1","14.82"
"SYN-LA-00451","Jharkhand","Bhagalpur","8.37","Industrial","Single-crop","4","5","0","0","4.84","5.99","5","4","9.16","Rail","8","4","5","5.48","1","9.14"
"SYN-LA-00452","Bihar","Purnia","15.11","Industrial","Single-crop","1","2","0","0","9","11.58","5","9","7.16","Water management","6","0","7","3.8","0","3.71"
"SYN-LA-00453","Jharkhand","Muzaffarpur","9.84","Agricultural","Commercial","4","","0","0","","4.31","3","7","1.35","","","2","8","11.52","1","13.86"
"SYN-LA-00454","Jharkhand","Vaishali","22.78","Forest buffer","Fallow","5","6","1","1","6.39","8.92","3","4","9.33","Public utility","3","0","6","14.3","2","17.41"
"","Bihar","Dhanbad","5.57","Forest buffer","Fallow","1","1","0","1","3.28","3.64","7","3","6.55","Industrial corridor","16","2","5","5.61","1","8.53"
"SYN-LA-00456","Jharkhand","Gaya","20.94","Forest buffer","Residential","5","6","0","0","17.04","","2","8","3.29","Industrial corridor","19","3","8","","1","8.21"
"SYN-LA-00457","Uttar Pradesh","Dhanbad","13.31","Commercial","Mixed use","8","8","0","0","","4.28","3","9","2.41","Industrial corridor","4","4","5","12.2","1","14.25"
"SYN-LA-00458","Uttar Pradesh","Ranchi","15.02","Agricultural","Commercial","3","3","0","1","8.59","10.61","7","3","8.51","Rail","19","6","9","11.26","2","14.4"
"SYN-LA-00459","","Dhanbad","8.56","Agricultural","Commercial","6","8","0","","2.66","3.01","6","4","11.29","Rail","13","6","8","7.62","2","10.92"
"SYN-LA-00460","Bihar","Vaishali","10.28","","Commercial","7","8","0","1","5.74","7.45","5","5","10.4","Water management","16","2","4","13.48","2","15.99"
"SYN-LA-00461","Bihar","Patna","19.98","Forest buffer","Fallow","2","4","0","0","8.51","10.01","8","4","6.8","Water management","4","2","6","11.67","1","12.64"
"SYN-LA-00462","","Purnia","4.74","Commercial","Commercial","3","4","0","0","2.14","2.92","2","8","3.8","Road","9","3","5","9.12","1","10.33"
"SYN-LA-00463","Bihar","Bhojpur","6.88","","Mixed use","6","6","0","1","4.01","5.31","5","4","2.09","Rail","13","4","5","7.91","1","11"
"SYN-LA-00464","Uttar Pradesh","Ranchi","19.93","Agricultural","Mixed use","3","2","0","0","16.35","20.69","5","5","0.57","Industrial corridor","5","3","6","11.71","1","14.99"
"SYN-LA-00465","Jharkhand","Purnia","24.79","","Commercial","4","3","1","4","13.04","15.34","1","3","10.04","Water management","11","4","7","16.69","2","22.28"
"SYN-LA-00466","Jharkhand","Bhojpur","23.39","Agricultural","Commercial","4","6","0","0","6.76","8.86","1","4","0.36","Industrial corridor","5","2","9","6.32","0","6.8"
"SYN-LA-00467","Jharkhand","Muzaffarpur","17.47","Residential","Residential","6","","0","1","7.18","8.71","7","7","4.84","Road","6","4","3","14.73","2","19.58"
"SYN-LA-00468","Bihar","Bhojpur","6.98","Forest buffer","Multi-crop","5","6","0","0","2.24","2.72","4","3","4.09","Water management","10","2","5","7.86","1","9.55"
"SYN-LA-00469","Uttar Pradesh","Vaishali","23.23","Industrial","Commercial","4","","0","0","12.37","14.48","2","5","9.66","Industrial corridor","16","0","6","8.7","1","9.96"
"SYN-LA-00470","Jharkhand","Vaishali","8.74","Agricultural","Mixed use","2","1","1","1","6.03","6.67","3","6","0.47","","9","1","6","10.61","1","14.5"
"SYN-LA-00471","Bihar","Saran","13.85","Forest buffer","Mixed use","6","","0","0","3.11","3.76","8","7","4.89","Industrial corridor","18","0","7","13.43","1","13.52"
"SYN-LA-00472","Uttar Pradesh","Gaya","24.03","Residential","Single-crop","3","5","0","0","13.03","14.02","6","4","10.87","Rail","4","2","5","","2","14.81"
"SYN-LA-00473","Jharkhand","Ranchi","10.32","Commercial","Multi-crop","3","4","","1","6.16","6.54","4","8","8.27","Rail","12","3","","11.33","1","14.21"
"SYN-LA-00474","Bihar","Muzaffarpur","18.47","Commercial","Single-crop","2","2","0","0","8.83","10.17","3","5","0.87","Public utility","2","","8","8.32","0","10.6"
"SYN-LA-00475","Jharkhand","Saran","","Forest buffer","Residential","5","6","0","0","0.55","0.71","7","6","5.18","Public utility","4","0","8","13.22","1","14.93"
"SYN-LA-00476","Jharkhand","Patna","21.62","Industrial","Fallow","2","3","0","1","8.67","9.74","5","10","10.71","Water management","7","3","6","6.33","1","10.33"
"SYN-LA-00477","Jharkhand","Saran","14.28","Residential","Residential","4","6","1","2","3.25","3.54","7","5","9.04","Public utility","2","5","8","11.93","2","16.77"
"SYN-LA-00478","Jharkhand","Gaya","13.74","Agricultural","Mixed use","3","3","0","0","5.71","5.88","5","4","11.38","Water management","2","2","8","7.98","1","9.62"
"SYN-LA-00479","Jharkhand","Muzaffarpur","15.16","Residential","Multi-crop","3","3","0","0","7.81","9.83","4","5","2.44","Public utility","14","3","","5.18","1","7.94"
"SYN-LA-00480","Uttar Pradesh","Bhagalpur","5.88","Forest buffer","Multi-crop","5","5","0","0","","5.26","","2","0.99","Public utility","","5","7","6.27","1","7.51"
"SYN-LA-00481","Bihar","Begusarai","8.16","Residential","Commercial","5","","0","0","2.85","3.37","1","7","11.67","Industrial corridor","14","4","7","13.06","1","14.65"
"SYN-LA-00482","","Patna","16.23","","Mixed use","1","3","0","1","12.14","15.13","1","8","8.73","Public utility","3","1","7","7.78","0","8.91"
"SYN-LA-00483","Jharkhand","Saran","","Forest buffer","Commercial","7","9","1","4","2.15","2.28","","6","4.66","Road","19","2","7","11.07","3","16.69"
"SYN-LA-00484","Uttar Pradesh","Patna","2.68","Residential","Fallow","3","5","0","0","1.44","1.61","7","10","9.08","Rail","11","","7","10.18","1","10.83"
"SYN-LA-00485","Jharkhand","Bhagalpur","","Commercial","Commercial","6","5","1","3","1.68","2.32","3","4","7.2","Industrial corridor","6","1","5","15.97","2","21.49"
"SYN-LA-00486","","Muzaffarpur","20.57","","Residential","8","10","1","1","8.33","10.88","1","8","","Public utility","19","4","6","10.31","3","13.74"
"SYN-LA-00487","Jharkhand","Bhagalpur","14.25","Industrial","Fallow","6","8","0","0","9.76","11.63","5","7","12.03","Industrial corridor","10","4","8","9","1","11.69"
"SYN-LA-00488","","Nalanda","11.69","Residential","Single-crop","2","3","0","1","3.95","4.45","5","5","11.97","Rail","17","2","9","12.64","1","14.95"
"SYN-LA-00489","Jharkhand","Saran","21.07","Agricultural","Single-crop","6","7","0","1","17.71","18.06","5","7","9.58","","16","1","7","10.84","1","12.88"
"SYN-LA-00490","Bihar","Muzaffarpur","17.75","Industrial","Commercial","","6","1","0","5.07","6.54","4","3","4.7","Road","15","3","8","6.44","2","10.9"
"SYN-LA-00491","Bihar","Gaya","23.57","Residential","Commercial","8","8","1","2","14.63","17.84","7","7","6.5","Water management","10","4","3","11.19","3","16.87"
"SYN-LA-00492","Jharkhand","Ranchi","18.82","Commercial","","7","9","0","0","3.97","4.61","7","5","10.59","Water management","9","3","7","9.08","1","10.46"
"SYN-LA-00493","Uttar Pradesh","Dhanbad","14.07","Industrial","Commercial","7","9","1","3","7.11","9.84","7","10","8.51","Road","2","1","5","14.72","2","20.77"
"SYN-LA-00494","Bihar","","7.55","Commercial","Commercial","2","1","0","0","4.57","5.9","5","4","7.63","Water management","14","4","9","4.59","1","5.34"
"SYN-LA-00495","Jharkhand","Bhagalpur","16.49","Commercial","Single-crop","1","1","0","0","14.25","","8","9","10.13","Water management","14","2","8","5.39","1","6.83"
"SYN-LA-00496","Jharkhand","Vaishali","20.44","","","4","4","0","1","6.59","6.98","2","2","3.19","Industrial corridor","14","0","10","","0","7.27"
"SYN-LA-00497","Bihar","","20.56","Agricultural","Single-crop","3","3","0","","6.27","7.88","3","6","7.41","Rail","3","","7","7.28","1","11.02"
"SYN-LA-00498","Uttar Pradesh","Ranchi","4.88","Commercial","Single-crop","7","8","1","3","3.35","3.84","3","7","8.88","Road","17","0","6","12.36","3","18.53"
"SYN-LA-00499","Bihar","Patna","18.57","","Multi-crop","3","4","0","0","10.42","11.35","9","","11.53","Water management","15","2","9","7.7","1","9.63"
"SYN-LA-00500","Jharkhand","Saran","19.05","Forest buffer","Fallow","4","4","0","1","14.9","20.24","10","2","1.23","Water management","12","3","9","8.15","1","9.65"
"SYN-LA-00501","Bihar","Ranchi","8.86","Residential","Fallow","3","3","0","0","1.94","2.52","4","7","","Road","18","4","7","8.82","1","10.35"
"SYN-LA-00502","Jharkhand","Vaishali","","Commercial","Fallow","4","6","0","0","1.57","1.68","2","8","7.56","Rail","9","2","8","10.12","1","10.39"
"SYN-LA-00503","Jharkhand","Nalanda","5.84","Forest buffer","Multi-crop","4","5","0","0","1.45","1.5","4","4","6.43","Water management","15","1","6","7.03","1","10.05"
"SYN-LA-00504","Jharkhand","Patna","4.25","Commercial","Mixed use","8","10","0","0","1.16","1.58","3","","6.28","Industrial corridor","7","3","8","12.9","1","13.01"
"SYN-LA-00505","Jharkhand","Ranchi","0.98","Residential","Commercial","4","4","0","","0.67","0.83","6","5","2.61","Industrial corridor","","4","9","12.92","1","15.95"
"SYN-LA-00506","Jharkhand","Begusarai","4.08","Forest buffer","","7","9","1","2","1.04","1.31","5","2","9.79","Public utility","","4","6","9.69","3","16.33"
"SYN-LA-00507","","Dhanbad","","Commercial","Mixed use","4","6","0","0","3.46","3.68","4","7","5.66","Water management","20","5","10","6.51","1","8.24"
"SYN-LA-00508","Uttar Pradesh","Bhojpur","11.79","Forest buffer","Commercial","6","7","0","0","10.02","11.42","7","4","1.3","Road","7","2","","","1","15.79"
"SYN-LA-00509","Jharkhand","Purnia","11.25","Industrial","Commercial","4","5","0","0","7.81","10.78","7","8","4.96","Water management","10","1","7","8","1","10.84"
"SYN-LA-00510","Bihar","Vaishali","5.23","Forest buffer","Residential","","6","0","0","","5.42","","4","11.05","Rail","3","4","7","5.8","1","8.93"
"SYN-LA-00511","","Bhagalpur","7.58","Agricultural","Multi-crop","5","6","0","1","","4.47","2","5","10.73","Public utility","6","1","7","10.68","1","14.24"
"SYN-LA-00512","Jharkhand","Nalanda","20.47","Forest buffer","Single-crop","4","6","0","0","12.76","16.11","6","6","0.73","Water management","19","4","8","8.72","1","10.5"
"SYN-LA-00513","Jharkhand","Bhojpur","10.99","Forest buffer","Single-crop","","4","0","0","2.37","3.1","4","4","3.51","Public utility","15","5","5","9.43","1","12.55"
"SYN-LA-00514","Uttar Pradesh","Muzaffarpur","24.58","Agricultural","Multi-crop","7","","0","0","18.73","26.14","6","7","5.16","Rail","16","3","4","8.5","1","11.17"
"SYN-LA-00515","Jharkhand","Bhojpur","5.11","Commercial","Multi-crop","1","3","0","","0.99","1.29","3","9","8.1","Road","8","4","10","5.83","0","6.62"
"SYN-LA-00516","Bihar","Bhagalpur","9.53","Commercial","","4","","0","0","2.21","2.41","4","8","2.93","Rail","6","3","8","9.96","1","11.08"
"","Uttar Pradesh","Muzaffarpur","10.6","Agricultural","Single-crop","1","1","0","","4.44","4.93","2","3","7.73","Public utility","6","1","7","7.34","0","8.52"
"SYN-LA-00518","Jharkhand","Patna","1.94","","Multi-crop","2","4","0","0","0.54","0.57","3","5","8.97","Industrial corridor","20","3","5","11.18","1","14.35"
"SYN-LA-00519","Uttar Pradesh","Vaishali","19.65","Industrial","Mixed use","7","8","1","4","15.3","16.95","4","8","0.48","Water management","","","6","11.98","2","19.34"
"SYN-LA-00520","Bihar","","21.01","Commercial","","1","3","1","2","6.03","8.2","3","4","3.24","Water management","4","2","6","12.97","2","17.53"
"SYN-LA-00521","Jharkhand","Bhojpur","17.06","Forest buffer","Fallow","1","3","0","0","12.29","14.89","","","6.78","Road","9","1","5","4.29","0","6"
"SYN-LA-00522","","Nalanda","16.28","Forest buffer","Commercial","8","8","1","","12.84","14.02","8","3","10.5","Industrial corridor","2","3","5","16.23","3","23.01"
"SYN-LA-00523","Bihar","Vaishali","14.21","Forest buffer","Fallow","5","4","0","0","11.83","16.03","","8","0.26","Rail","10","5","7","7.79","1","9.6"
"SYN-LA-00524","Bihar","Nalanda","5.25","Forest buffer","Multi-crop","6","6","0","1","3.44","3.56","7","1","1.29","Industrial corridor","2","3","7","13.9","1","17.02"
"SYN-LA-00525","Bihar","Vaishali","18.87","Residential","","3","4","1","2","8.23","10.68","3","4","1.96","Water management","13","1","6","14.28","2","18.57"
"SYN-LA-00526","Bihar","Vaishali","23.87","Agricultural","Multi-crop","5","","0","0","16.42","17.8","5","10","3.65","Water management","5","1","8","9.7","0","11.66"
"SYN-LA-00527","Bihar","Saran","5.77","Agricultural","Fallow","3","3","0","","4.18","5.32","2","5","9.16","Rail","9","1","7","6.52","1","8.14"
"SYN-LA-00528","","Muzaffarpur","7.94","Forest buffer","Mixed use","6","7","0","0","6.18","7.72","5","6","10.82","Public utility","13","3","4","13.95","2","16.17"
"SYN-LA-00529","Jharkhand","Begusarai","10.55","Residential","Fallow","5","7","1","3","3.13","3.7","2","8","5.75","Road","11","2","9","14.94","2","19.72"
"SYN-LA-00530","Uttar Pradesh","Begusarai","16.73","Commercial","Commercial","4","6","0","0","13.82","15.28","3","6","11.37","Rail","3","3","10","6.57","0","7.89"
"SYN-LA-00531","Jharkhand","Bhagalpur","9.65","Industrial","Single-crop","4","3","0","1","7","9.43","5","6","11.53","Water management","12","1","7","12.31","1","13.48"
"SYN-LA-00532","Bihar","Ranchi","4.81","Forest buffer","Commercial","5","5","0","0","1.81","2.09","7","3","","Road","15","2","7","12.53","1","12.92"
"SYN-LA-00533","Uttar Pradesh","Muzaffarpur","2.96","Forest buffer","Residential","2","2","0","1","2.07","2.48","10","2","6.06","Water management","7","","6","5.29","1","9.09"
"SYN-LA-00534","Bihar","Vaishali","7.55","Forest buffer","Commercial","8","9","0","0","","4.21","7","8","2.06","Rail","8","7","7","11.66","2","13.31"
"SYN-LA-00535","Jharkhand","Nalanda","23.4","Agricultural","Multi-crop","2","1","0","0","17.85","24.08","4","7","11.3","Water management","7","5","7","10.48","1","12.84"
"","Bihar","Ranchi","3.13","Commercial","Fallow","7","","0","0","2.4","3.19","2","5","1.71","Road","16","5","7","12","1","15.38"
"SYN-LA-00537","Bihar","Gaya","19.48","","Single-crop","2","2","1","3","13.88","18.86","4","4","5.41","Public utility","3","0","5","14.08","2","20.48"
"SYN-LA-00538","","Muzaffarpur","3.1","Agricultural","Single-crop","1","1","1","2","1.7","2.14","7","3","3.47","Public utility","5","3","6","9.06","2","13.17"
"","Bihar","Patna","17.45","Industrial","Multi-crop","3","3","0","0","13.12","14.33","5","10","1.73","Water management","3","0","8","10.14","0","11.58"
"SYN-LA-00540","","Bhojpur","18.44","Residential","Mixed use","5","7","0","0","3.87","4.93","8","5","11.87","Industrial corridor","14","4","8","5.89","1","8.78"
"SYN-LA-00541","Bihar","Begusarai","","Commercial","Mixed use","8","9","0","1","8.27","","6","6","7.68","Public utility","20","4","6","10.59","2","13.39"
"SYN-LA-00542","Jharkhand","Dhanbad","13.57","","Fallow","6","5","0","0","11.43","12.89","6","3","0.71","Road","5","0","8","12.78","1","12.81"
"SYN-LA-00543","Jharkhand","Bhagalpur","2.14","Agricultural","Residential","8","8","0","0","1.18","","","6","0.39","Public utility","19","3","6","","1","11.76"
"SYN-LA-00544","Jharkhand","Purnia","1.19","","Mixed use","5","6","1","1","0.77","0.93","0","7","5.96","Industrial corridor","11","1","7","9.45","1","12.21"
"SYN-LA-00545","Bihar","Vaishali","0.81","Residential","Commercial","4","3","0","0","0.69","0.8","2","7","8.2","Road","5","5","7","10.55","1","11.67"
"SYN-LA-00546","Bihar","Nalanda","5.86","Forest buffer","Commercial","7","8","0","0","4.99","5.83","8","6","0.45","","3","2","4","12.35","1","14.38"
"SYN-LA-00547","Bihar","Bhojpur","5.6","Residential","Fallow","2","3","0","0","4.8","5.59","1","9","8.28","Public utility","5","1","9","7.77","0","9.88"
"SYN-LA-00548","Uttar Pradesh","Nalanda","","Commercial","Fallow","7","9","1","1","7.87","","2","4","3.42","Industrial corridor","9","2","6","11.52","2","14.4"
"SYN-LA-00549","Uttar Pradesh","Purnia","17","Agricultural","Residential","6","6","0","1","11.94","13.49","2","7","9.8","Road","10","","5","9.59","2","14.92"
"SYN-LA-00550","Bihar","Patna","5.32","Residential","Mixed use","1","0","0","0","1.61","1.89","4","6","10.36","Industrial corridor","11","5","8","9.43","1","12.74"
"SYN-LA-00551","Uttar Pradesh","Begusarai","19.83","Industrial","Single-crop","3","5","0","","5.17","6.12","8","7","7.43","Industrial corridor","11","1","9","9.7","1","9.75"
"SYN-LA-00552","Bihar","Saran","2.66","Agricultural","Commercial","5","5","0","1","0.82","0.98","1","4","5.8","Rail","20","5","9","11.05","1","13.47"
"SYN-LA-00553","Bihar","Ranchi","24.62","Commercial","","3","3","0","0","17.78","22.67","3","10","6.51","Industrial corridor","16","2","6","7","1","8.54"
"SYN-LA-00554","Uttar Pradesh","Purnia","24.36","Residential","Residential","2","2","0","1","21.2","25.04","3","10","9.43","Rail","9","2","8","5.23","0","6.61"
"SYN-LA-00555","Uttar Pradesh","Gaya","3.56","Forest buffer","Commercial","8","9","0","0","2.14","2.29","8","4","6.18","Rail","20","4","5","9.56","2","11.96"
"SYN-LA-00556","Bihar","Gaya","7.91","Agricultural","Multi-crop","2","3","0","1","6.42","6.81","4","4","9.05","Public utility","8","1","7","12.63","1","13.88"
"SYN-LA-00557","Uttar Pradesh","Begusarai","15.01","Forest buffer","Commercial","8","10","1","1","8.38","10.95","5","6","11.67","Public utility","13","","4","9.01","3","15.32"
"SYN-LA-00558","Uttar Pradesh","Dhanbad","10.2","Forest buffer","Residential","1","1","1","3","8","10.58","10","8","0.46","Road","13","7","6","11.04","2","17.75"
"SYN-LA-00559","Bihar","Gaya","11.44","Forest buffer","Fallow","5","7","1","0","9.21","10.86","3","5","0.24","Rail","15","5","6","","2","16.63"
"SYN-LA-00560","Jharkhand","Bhagalpur","6.23","Forest buffer","Residential","2","4","0","1","4.16","4.76","5","5","1.77","Rail","10","0","10","6.29","1","6.83"
"SYN-LA-00561","Jharkhand","Vaishali","24.24","Forest buffer","Residential","8","9","1","4","13.84","18.34","4","1","5.99","Water management","3","4","5","16.76","3","23.87"
"SYN-LA-00562","Jharkhand","Vaishali","10.36","Industrial","Mixed use","8","9","0","0","4.64","5.79","7","5","","Rail","3","4","5","13.44","2","16.48"
"","Jharkhand","Dhanbad","17.64","Agricultural","Multi-crop","7","8","0","0","14.16","18.91","2","9","8.76","Water management","15","1","7","11.82","1","13.09"
"SYN-LA-00564","Bihar","Patna","7.59","Industrial","Commercial","4","6","1","2","4.36","5.54","3","3","9.11","","13","3","6","7.43","2","13.56"
"SYN-LA-00565","","Patna","18.04","Industrial","Multi-crop","5","7","0","0","","5.02","5","4","8.44","Industrial corridor","9","4","9","11.32","1","13.88"
"SYN-LA-00566","Bihar","","10.28","Commercial","Residential","3","4","1","4","3.14","4.24","3","8","","Water management","10","1","8","13.7","1","18.04"
"SYN-LA-00567","Jharkhand","Dhanbad","23.97","Agricultural","Single-crop","2","3","0","0","5.86","7.97","5","7","11.62","Public utility","16","2","7","6.87","1","9.95"
"SYN-LA-00568","Jharkhand","Gaya","8.65","Industrial","Multi-crop","2","1","","1","4.12","","8","7","4.57","Public utility","12","1","","6.34","1","7.82"
"SYN-LA-00569","Uttar Pradesh","Saran","7.66","Forest buffer","Mixed use","3","5","","0","6.03","8.15","6","2","7.51","Water management","2","5","6","8.44","1","12.34"
"SYN-LA-00570","Bihar","Dhanbad","16.57","Residential","Residential","5","4","0","1","6.47","7.43","4","7","10.91","Rail","12","5","9","14.52","1","15.68"
"SYN-LA-00571","Jharkhand","Gaya","8.3","Residential","Multi-crop","5","6","0","0","5.57","6.43","","4","1.09","Industrial corridor","10","1","7","10","1","11.43"
"SYN-LA-00572","Uttar Pradesh","Vaishali","8.25","Agricultural","Commercial","1","3","1","0","6.93","8.61","2","4","","Rail","6","5","8","9.35","1","12.58"
"SYN-LA-00573","Jharkhand","Muzaffarpur","16.18","Forest buffer","","2","2","0","0","9.89","13.21","5","2","9.57","Water management","12","3","8","10.73","1","12.11"
"SYN-LA-00574","Jharkhand","Bhagalpur","21.92","Residential","Fallow","4","5","0","0","13.79","18.42","4","9","5.91","Water management","10","0","6","6.56","1","7.38"
"SYN-LA-00575","Jharkhand","Bhojpur","0.97","Forest buffer","","8","8","1","4","0.39","0.47","6","6","4.09","Public utility","18","2","4","11.9","3","18.37"
"SYN-LA-00576","Uttar Pradesh","Patna","12.13","Agricultural","Mixed use","4","5","0","0","4.4","4.85","5","6","0.7","Road","14","3","7","9.56","1","11.54"
"","Uttar Pradesh","Muzaffarpur","4.24","Residential","Mixed use","1","3","1","2","1.75","2.21","3","9","8.02","Road","2","1","7","10.09","1","13.62"
"SYN-LA-00578","Uttar Pradesh","Patna","1.68","Commercial","Fallow","3","4","0","0","0.81","1.06","7","9","9.58","Public utility","15","3","6","6.61","1","7.44"
"SYN-LA-00579","Jharkhand","Patna","2.21","Industrial","Residential","8","9","1","3","0.52","0.57","6","9","6.2","Rail","","","5","12.43","3","19.52"
"SYN-LA-00580","Jharkhand","Saran","10.52","Agricultural","Multi-crop","2","2","1","0","","8.38","7","3","9.68","Water management","20","3","7","5.11","2","7"
"SYN-LA-00581","Bihar","Patna","16","Residential","Residential","6","6","0","0","4.24","4.58","5","8","3.96","Public utility","17","5","5","","1","13.7"
"SYN-LA-00582","Jharkhand","Dhanbad","1.46","Commercial","Fallow","5","5","1","0","1.23","1.44","2","3","1.86","Road","11","0","8","12.82","1","15.41"
"SYN-LA-00583","Jharkhand","Ranchi","16.28","Commercial","Mixed use","4","","0","0","8.87","10.74","6","5","11.57","Water management","14","0","7","11.03","1","12.51"
"SYN-LA-00584","Jharkhand","Dhanbad","15.15","Commercial","Mixed use","6","6","1","4","12.07","16.25","6","9","11.79","Public utility","15","5","6","14.01","3","20.49"
"SYN-LA-00585","Bihar","Nalanda","13","Commercial","Fallow","6","8","0","0","8.01","11.04","7","6","8","Road","6","2","5","","2","12.53"
"","Bihar","Nalanda","18.25","Commercial","Single-crop","1","2","0","0","15.68","18.86","7","8","9.97","Rail","9","0","5","10.57","1","11.09"
"SYN-LA-00587","Uttar Pradesh","Dhanbad","24.14","Commercial","Multi-crop","7","8","1","4","9.17","","5","","8.07","Road","6","2","3","16.61","3","25.04"
"SYN-LA-00588","Bihar","Gaya","6.5","Commercial","Single-crop","2","4","1","4","3.43","3.79","6","7","2.88","Water management","15","","9","13.82","2","19.45"
"SYN-LA-00589","","Purnia","7.72","","Mixed use","","1","0","0","2.71","2.77","5","9","3.88","Water management","16","4","9","5.19","0","6.77"
"SYN-LA-00590","Jharkhand","Nalanda","12.62","Industrial","","2","3","0","0","7.55","7.72","6","3","10.55","Water management","2","1","10","10.64","1","10.17"
"SYN-LA-00591","Bihar","Gaya","13.13","Industrial","Multi-crop","8","7","0","1","8.11","8.97","6","9","5.65","Water management","8","4","6","12.89","1","14.89"
"SYN-LA-00592","Bihar","Vaishali","10.76","Forest buffer","Residential","8","9","0","0","2.92","4.03","7","5","7.78","Rail","13","5","5","8.08","2","10.87"
"SYN-LA-00593","Jharkhand","Purnia","24.93","Forest buffer","Fallow","4","5","1","4","12.65","17.32","9","4","1.76","Water management","2","1","9","13.69","2","17.38"
"SYN-LA-00594","Bihar","Nalanda","8.66","Agricultural","Multi-crop","5","4","0","0","4.22","5.49","8","5","3.21","Rail","13","5","7","7.46","1","10.04"
"SYN-LA-00595","Jharkhand","Bhagalpur","18.44","Residential","Single-crop","5","5","0","0","8.08","10.4","8","5","","Road","6","2","8","8.18","1","10.77"
"SYN-LA-00596","","Muzaffarpur","24.22","Agricultural","Single-crop","8","","0","0","15.17","17.32","6","8","0.14","Road","","2","7","15.17","1","15.34"
"SYN-LA-00597","Bihar","Begusarai","6.48","Residential","Residential","5","6","0","1","4.55","6.25","4","3","11.58","Public utility","6","4","7","12.47","1","14.47"
"SYN-LA-00598","Uttar Pradesh","Purnia","2.08","Commercial","Commercial","8","10","0","0","0.9","1.16","3","3","4.48","Water management","20","4","","11.35","2","13.21"
"SYN-LA-00599","Bihar","Vaishali","16.75","Commercial","Mixed use","6","5","0","1","9.94","12.42","2","","2.69","Road","15","2","4","13.31","1","17.2"
"SYN-LA-00600","Uttar Pradesh","Dhanbad","16.74","","Residential","","3","0","0","11.75","","0","9","9.71","Road","19","5","10","11.07","1","12.27"
"SYN-LA-00601","Jharkhand","Nalanda","22.68","Commercial","Multi-crop","1","0","","0","15.58","16.24","5","6","10.47","Water management","13","3","","6.27","1","7.1"
"SYN-LA-00602","Uttar Pradesh","","8.11","Forest buffer","Single-crop","6","6","0","0","2.91","3.4","6","7","2.01","Industrial corridor","17","0","5","11.11","1","13.81"
"SYN-LA-00603","Jharkhand","Ranchi","1.8","Industrial","Mixed use","4","4","0","1","0.76","1.02","7","9","5.62","","18","2","7","7.08","1","8.29"
"SYN-LA-00604","Jharkhand","Bhojpur","10.26","Agricultural","Commercial","4","4","0","0","4.39","5.47","8","7","2.52","Public utility","8","1","9","10.52","1","10.23"
"SYN-LA-00605","Uttar Pradesh","Bhojpur","22.49","Agricultural","Fallow","4","3","1","2","","","6","5","4.71","Water management","19","3","8","10.16","2","13.23"
"SYN-LA-00606","Uttar Pradesh","Muzaffarpur","6.22","Residential","Mixed use","7","8","0","0","3.36","4.06","4","8","8.13","Water management","7","2","4","7.89","1","11.96"
"SYN-LA-00607","Uttar Pradesh","Vaishali","21.7","Agricultural","Single-crop","1","0","0","0","5.97","6.54","8","9","3.68","Industrial corridor","2","2","","8.48","0","10.16"
"SYN-LA-00608","Jharkhand","Dhanbad","16.41","Agricultural","Single-crop","8","9","0","0","7.21","8.76","8","8","10.4","Water management","20","2","3","12.23","2","14.5"
"SYN-LA-00609","Bihar","Bhagalpur","5.96","Residential","Fallow","6","5","0","1","3.29","3.42","6","4","1.94","Industrial corridor","7","2","5","10.19","1","12.79"
"SYN-LA-00610","Bihar","Vaishali","4.12","Commercial","Mixed use","1","3","1","1","1.24","1.38","2","6","6.44","Road","17","1","8","6.17","1","10.33"
"SYN-LA-00611","Uttar Pradesh","Dhanbad","11.87","Agricultural","Single-crop","5","7","0","0","9.85","12.68","2","3","3.05","Public utility","10","1","6","8.65","1","10.52"
"SYN-LA-00612","Jharkhand","Gaya","10.4","Residential","Commercial","7","7","1","3","2.99","3.29","2","6","5.3","Rail","4","6","5","13.1","2","21.76"
"SYN-LA-00613","Jharkhand","Bhagalpur","8.54","Industrial","Mixed use","6","8","0","0","5.17","5.95","7","4","0.47","Rail","14","0","8","6.43","1","7.12"
"SYN-LA-00614","Jharkhand","Begusarai","14.46","Commercial","Residential","6","6","0","0","12.04","13.25","4","10","8.67","","","4","6","11.21","1","13.49"
"SYN-LA-00615","Jharkhand","Nalanda","13.85","Agricultural","Multi-crop","8","8","0","0","12.02","14.36","6","6","6.81","Industrial corridor","12","5","6","12.93","2","14.54"
"SYN-LA-00616","Jharkhand","Nalanda","3.92","Forest buffer","Multi-crop","5","6","0","0","3.18","4.41","9","6","0.78","Rail","4","3","9","13.29","1","14.74"
"SYN-LA-00617","Uttar Pradesh","Dhanbad","18.39","Forest buffer","Multi-crop","","1","1","4","9.84","11.72","4","","9.11","Water management","15","0","7","10.55","1","14.66"
"SYN-LA-00618","Bihar","Vaishali","9.41","Commercial","Mixed use","8","7","1","1","4.97","5.19","2","5","9.49","Water management","","5","7","13.89","3","19.9"
"SYN-LA-00619","Uttar Pradesh","","21.13","Agricultural","","8","8","0","0","15.19","18.42","3","6","7.89","Public utility","20","0","7","12.39","1","12.67"
"SYN-LA-00620","Jharkhand","Patna","18.93","Forest buffer","Residential","5","6","0","0","11.05","12.47","5","2","2.22","Industrial corridor","3","5","9","13.66","1","16.47"
"SYN-LA-00621","Jharkhand","Muzaffarpur","2.61","Commercial","Multi-crop","8","8","0","0","1.37","1.61","0","7","6.51","Public utility","8","0","7","9.8","1","11.55"
"SYN-LA-00622","Bihar","Dhanbad","21.66","Agricultural","Residential","1","2","1","2","18.39","19.46","6","4","","Water management","13","2","","7.75","1","12.97"
"SYN-LA-00623","Bihar","Saran","5.97","Agricultural","Fallow","2","1","","0","3.88","4.42","2","4","8.81","Water management","3","2","10","7.17","0","6.68"
"SYN-LA-00624","","Bhagalpur","12.84","Commercial","Single-crop","6","8","0","","3.58","4.59","3","10","6.03","Public utility","4","4","4","14.08","1","16.58"
"SYN-LA-00625","Bihar","Saran","6.54","","Residential","","2","0","0","1.28","1.38","8","10","3.37","Public utility","16","4","6","6.52","1","10.03"
"SYN-LA-00626","Jharkhand","Ranchi","9.2","Industrial","Multi-crop","1","1","1","1","2.48","2.59","4","8","","Public utility","15","1","6","9.33","1","13.52"
"SYN-LA-00627","Uttar Pradesh","Ranchi","9.52","Agricultural","Mixed use","6","","0","0","4.06","4.79","6","7","11.43","Water management","11","3","6","7.11","1","8.88"
"SYN-LA-00628","Jharkhand","Bhagalpur","5.01","Commercial","Single-crop","7","7","0","1","1.82","2.28","1","10","11.48","Public utility","4","1","7","13.94","1","15.61"
"","Bihar","Purnia","5.74","Commercial","Fallow","8","8","1","0","4.42","4.77","5","9","2.56","Public utility","18","","5","14.39","2","17.04"
"SYN-LA-00630","Jharkhand","Saran","3.43","Commercial","","6","5","0","0","0.86","1.16","","9","8.82","","16","4","4","11.16","2","14.07"
"SYN-LA-00631","Jharkhand","Nalanda","14.37","Residential","Fallow","5","6","0","0","11.99","12.48","4","6","7","Public utility","6","","7","6.37","1","6.8"
"SYN-LA-00632","Bihar","Bhojpur","7.06","Commercial","Commercial","2","2","0","","4.95","6.26","","9","11.42","Industrial corridor","15","2","8","12.8","1","14.51"
"SYN-LA-00633","Bihar","Begusarai","19.25","Residential","Residential","6","","0","0","10.6","13.62","8","6","2.52","Road","9","7","5","13.95","2","18.46"
"SYN-LA-00634","Uttar Pradesh","Muzaffarpur","24.92","Commercial","Fallow","7","6","0","0","11.77","12.26","3","5","","Industrial corridor","20","3","5","12.29","2","14.66"
"SYN-LA-00635","Bihar","Bhagalpur","2.28","Industrial","Mixed use","","7","0","0","1","1.32","7","7","11.41","Water management","15","5","4","8.47","2","12.64"
"SYN-LA-00636","Jharkhand","Bhagalpur","19.15","Agricultural","Commercial","2","1","0","0","7.56","9.08","7","","3.47","Rail","3","5","6","4.83","1","8.66"
"SYN-LA-00637","Bihar","Purnia","6.7","Forest buffer","Multi-crop","4","4","0","0","3.69","","6","8","","Public utility","","2","5","8.58","1","10.77"
"SYN-LA-00638","","Bhagalpur","7.85","Forest buffer","Multi-crop","8","8","0","0","4.55","5.14","7","7","4.79","Water management","6","1","7","10.92","1","11.14"
"SYN-LA-00639","Uttar Pradesh","Nalanda","24.86","Commercial","Mixed use","3","3","0","1","15.66","19.45","","6","2.2","Rail","8","4","9","12.55","1","15.96"
"SYN-LA-00640","Jharkhand","Bhojpur","","Industrial","Single-crop","3","","1","3","11.54","14.36","0","8","5.97","Public utility","17","1","5","","2","20.25"
"SYN-LA-00641","Jharkhand","Bhagalpur","21.25","Residential","Commercial","1","1","0","0","17.93","","1","5","5.62","Rail","4","7","9","5.27","0","7.14"
"SYN-LA-00642","Bihar","Dhanbad","4.12","Residential","Commercial","","","0","0","3.15","3.27","7","7","7.89","Water management","3","1","6","10.64","1","11.12"
"SYN-LA-00643","Jharkhand","Bhojpur","24.65","Residential","Commercial","8","10","0","1","16.69","21.99","1","8","0.2","Rail","2","7","4","9.47","2","14.55"
"SYN-LA-00644","Uttar Pradesh","Ranchi","16.87","Forest buffer","Single-crop","3","4","0","0","14.3","17.13","6","1","6.29","Public utility","3","","10","7.75","1","6.96"
"SYN-LA-00645","Uttar Pradesh","Nalanda","8.1","Commercial","Mixed use","2","2","0","0","4.91","","2","4","5.24","Rail","13","2","6","11.26","1","13.05"
"SYN-LA-00646","Uttar Pradesh","Ranchi","24.88","Industrial","Fallow","8","9","1","0","14.29","16.75","2","3","5.95","Public utility","15","1","7","10.7","2","14.14"
"SYN-LA-00647","Jharkhand","","20.82","Industrial","","3","4","0","0","8.14","11.11","7","","2.24","Rail","14","4","10","11.61","1","12.99"
"SYN-LA-00648","Jharkhand","Bhagalpur","19.17","Commercial","Residential","5","","0","0","16.55","21.26","8","9","11.77","Rail","11","5","8","7.84","1","10.73"
"SYN-LA-00649","Uttar Pradesh","Vaishali","22.89","Agricultural","Commercial","8","10","0","0","","6.45","6","10","6.45","Rail","14","2","4","12.31","2","15.3"
"SYN-LA-00650","Bihar","Begusarai","20.27","Industrial","Fallow","6","6","0","0","9.95","12.11","3","5","6.33","Public utility","17","4","4","8.97","1","11.45"
"SYN-LA-00651","","Patna","21.75","Forest buffer","Commercial","2","2","1","0","18.87","21.42","3","8","","Rail","17","6","6","4.8","1","7.98"
"SYN-LA-00652","Jharkhand","Gaya","4.49","Residential","Mixed use","8","9","0","0","2.64","3.17","3","8","4.93","Public utility","4","3","8","14.76","1","16.21"
"SYN-LA-00653","Bihar","Gaya","5.66","Commercial","Residential","7","7","1","4","1.3","","3","8","1.15","Water management","15","4","6","16.62","2","22.33"
"SYN-LA-00654","Bihar","Patna","20.64","Residential","Residential","4","4","1","2","9.76","10.96","3","8","8.33","","19","1","9","14.15","1","18.75"
"SYN-LA-00655","Bihar","Muzaffarpur","24.81","Residential","Multi-crop","8","8","0","0","6.47","9.02","3","4","2.35","Water management","13","5","4","7.42","1","10.58"
"SYN-LA-00656","Uttar Pradesh","Gaya","23.79","Industrial","Multi-crop","1","0","0","1","9.04","10.09","0","3","3.13","Industrial corridor","7","4","7","11.58","1","13.92"
"SYN-LA-00657","Uttar Pradesh","Patna","17.84","Industrial","Multi-crop","4","4","1","1","7.86","8.29","2","8","1.82","Industrial corridor","14","3","7","13.14","1","18.57"
"SYN-LA-00658","Bihar","Dhanbad","8.38","Forest buffer","Commercial","3","3","0","0","2.63","2.85","6","","7.18","Industrial corridor","4","2","8","12.33","1","15.03"
"SYN-LA-00659","Bihar","","9.86","Industrial","Mixed use","3","4","0","0","6.01","","1","9","1.62","Water management","2","5","6","6.1","0","10.32"
"","Uttar Pradesh","Begusarai","23.16","Commercial","Multi-crop","7","8","","0","4.5","5.62","3","10","6.36","Water management","17","2","7","12.55","1","14.98"
"SYN-LA-00661","Bihar","Gaya","17.36","Industrial","Mixed use","3","5","0","0","10.84","14.37","1","6","","Road","18","1","8","7.81","1","8.41"
"SYN-LA-00662","Uttar Pradesh","Nalanda","15.52","Industrial","Commercial","2","4","0","0","8.91","10.09","","4","5.44","Industrial corridor","10","1","8","10.96","1","11.31"
"SYN-LA-00663","Bihar","Begusarai","8.66","Agricultural","Residential","6","","0","0","5.31","7.2","3","7","2.23","Road","16","4","8","9.99","1","11.97"
"SYN-LA-00664","Bihar","Begusarai","15.63","Forest buffer","Residential","3","5","0","0","7.59","9.03","3","5","3.43","Road","2","7","9","9.53","1","13.48"
"SYN-LA-00665","Uttar Pradesh","Purnia","19","Forest buffer","Multi-crop","5","7","1","","16.65","21.57","5","4","6.58","Industrial corridor","8","0","7","12.74","2","16.84"
"SYN-LA-00666","","Ranchi","","Forest buffer","Single-crop","8","10","0","1","","0.88","3","5","11.64","Public utility","17","4","5","8.61","2","11.52"
"SYN-LA-00667","Jharkhand","Muzaffarpur","23.55","Forest buffer","Mixed use","6","8","0","0","12.65","13.21","3","8","8.71","Public utility","4","2","6","7.75","1","9.78"
"SYN-LA-00668","Bihar","Dhanbad","19.34","Commercial","Multi-crop","4","5","0","0","5.56","6.28","6","7","6.16","Water management","5","1","9","11.9","1","12.57"
"SYN-LA-00669","Jharkhand","Bhagalpur","17.32","Residential","Single-crop","8","9","0","0","","11.05","7","3","7.44","Water management","7","3","5","10.27","2","13.45"
"SYN-LA-00670","Jharkhand","Vaishali","12.59","Commercial","Commercial","3","5","0","0","4.63","4.86","1","6","9.24","Public utility","8","2","6","9.06","1","11.15"
"SYN-LA-00671","Jharkhand","Vaishali","10.7","Residential","Residential","2","3","1","1","8.39","9.31","5","3","11.86","Public utility","17","4","6","10.25","2","15.54"
"SYN-LA-00672","","Nalanda","6.07","Agricultural","Mixed use","8","9","0","1","4.45","4.84","2","6","11.75","Road","11","1","5","14.37","2","18.58"
"SYN-LA-00673","Uttar Pradesh","Bhagalpur","23.44","Agricultural","Single-crop","6","6","1","2","20.43","24.44","2","","3.4","Industrial corridor","17","0","7","12.77","2","15.59"
"SYN-LA-00674","Uttar Pradesh","Muzaffarpur","15.68","Agricultural","","6","8","1","2","11.12","13.79","3","8","1.71","Water management","15","2","5","12.11","2","16.41"
"SYN-LA-00675","Jharkhand","Vaishali","3.79","Commercial","Fallow","4","5","0","0","1.41","1.76","1","3","11.22","Road","7","1","8","5.25","1","5.38"
"SYN-LA-00676","","Ranchi","13.31","Industrial","Single-crop","1","","0","0","10.48","12.1","7","3","1.1","Road","7","2","8","11.53","1","12.56"
"SYN-LA-00677","Bihar","Vaishali","16.39","Commercial","Commercial","2","1","0","0","12.09","16.75","1","10","7.91","Water management","11","1","6","11.86","0","13.93"
"SYN-LA-00678","Bihar","Saran","18.24","Industrial","Mixed use","4","4","0","0","6.13","8.3","1","5","2.8","Rail","15","3","7","12.96","1","15.41"
"SYN-LA-00679","","Bhagalpur","24.67","Residential","Fallow","2","3","1","2","7.34","7.54","6","9","10.12","Rail","20","3","10","11.93","2","16.79"
"SYN-LA-00680","Bihar","Ranchi","22.22","Agricultural","Multi-crop","4","6","0","0","","25.07","2","4","11.21","Industrial corridor","9","4","7","6.99","1","9.05"
"SYN-LA-00681","Bihar","Dhanbad","2.96","Agricultural","Fallow","7","8","0","1","2.01","2.25","6","7","7.27","Water management","4","3","4","9.59","1","14.2"
"SYN-LA-00682","Uttar Pradesh","Ranchi","11.61","Industrial","Mixed use","2","3","0","0","9.34","12.48","","6","11.77","Water management","12","3","8","4.71","1","7.65"
"SYN-LA-00683","Jharkhand","Bhojpur","14.29","Industrial","Mixed use","3","3","0","0","12.49","14.32","7","10","4.24","Public utility","19","1","9","11.13","0","12.26"
"SYN-LA-00684","Uttar Pradesh","Gaya","9.08","Agricultural","Fallow","4","6","0","","3.45","3.8","2","3","11.34","Water management","3","2","6","8.64","1","10.77"
"SYN-LA-00685","Jharkhand","Dhanbad","23.23","Commercial","Mixed use","1","3","0","1","12.83","13.97","7","7","7.1","Industrial corridor","19","4","10","10.52","1","12.67"
"SYN-LA-00686","Jharkhand","","9.91","Forest buffer","Mixed use","5","6","0","0","8.16","10.18","9","5","","Rail","16","4","10","6.98","1","8.24"
"SYN-LA-00687","Jharkhand","Begusarai","23.18","Forest buffer","Single-crop","6","8","1","2","11.25","14.17","5","4","0.11","Road","13","0","5","14.24","2","19.49"
"SYN-LA-00688","Bihar","Ranchi","2.39","Forest buffer","Multi-crop","3","3","0","1","1.61","2.18","5","4","","Rail","2","1","6","","1","14.35"
"SYN-LA-00689","Bihar","","17.2","Residential","Residential","2","4","0","0","11.23","13.63","7","8","4.81","Water management","7","1","10","9.65","0","10.29"
"SYN-LA-00690","Uttar Pradesh","Gaya","1.5","Agricultural","Residential","7","9","0","0","0.35","0.45","4","","","","4","3","5","8.72","2","12.15"
"SYN-LA-00691","Bihar","Purnia","","Agricultural","Commercial","5","6","1","4","6.74","","4","5","6.53","Water management","12","2","10","14.18","2","19.41"
"SYN-LA-00692","Uttar Pradesh","Muzaffarpur","8.58","Agricultural","Single-crop","5","6","0","0","3.51","3.71","4","6","4.45","Rail","9","2","7","6.69","1","7.77"
"SYN-LA-00693","Jharkhand","Gaya","6.96","Forest buffer","Fallow","6","6","0","0","4.53","5.94","4","8","6.84","Industrial corridor","4","4","4","6.81","1","10.52"
"SYN-LA-00694","Bihar","Ranchi","20.27","Industrial","Fallow","6","6","0","","","18.23","4","6","5.39","Public utility","11","3","5","8.61","1","10.26"
"SYN-LA-00695","Bihar","Saran","19.04","Forest buffer","Mixed use","6","6","0","0","3.86","4.39","3","2","5.24","Road","8","5","3","8.07","2","12.7"
"SYN-LA-00696","Bihar","Muzaffarpur","13.79","Forest buffer","Residential","3","3","0","0","11.35","14.27","2","3","2.9","Rail","9","3","","8.76","1","10.88"
"SYN-LA-00697","Jharkhand","","13.68","Industrial","Residential","8","10","0","0","5.79","7.65","3","10","8.27","Rail","3","3","","7.89","1","10.28"
"SYN-LA-00698","Jharkhand","Vaishali","14.9","Forest buffer","Residential","2","3","0","","7.67","9.45","5","7","10.7","Road","7","3","8","11.66","1","12.77"
"SYN-LA-00699","Bihar","Bhojpur","16.28","Industrial","Fallow","3","2","","0","10.45","12.33","6","7","5.98","Road","2","4","8","8.22","1","11.02"
"SYN-LA-00700","Jharkhand","Patna","9.26","Commercial","Single-crop","6","8","0","1","5.42","6.26","4","5","9.1","Water management","2","4","5","9.73","2","12.63"
"SYN-LA-00701","Bihar","Dhanbad","6.46","Commercial","Commercial","6","","0","1","4.54","5.32","5","10","11.62","Water management","19","3","4","12.58","2","15.83"
"SYN-LA-00702","Jharkhand","Gaya","23.25","Agricultural","Mixed use","","2","0","0","12.57","15.95","1","10","2.78","Road","14","","6","9.04","1","12.64"
"SYN-LA-00703","Bihar","Bhagalpur","19.16","Residential","Multi-crop","1","1","0","1","6.4","8.56","5","8","6.08","","8","3","9","7.4","0","9.68"
"SYN-LA-00704","Bihar","Dhanbad","17.92","Residential","Single-crop","4","6","1","4","14.2","17.25","4","7","9.5","Water management","5","0","9","10.03","2","15.57"
"SYN-LA-00705","Bihar","Nalanda","16.48","Industrial","Single-crop","","4","0","1","3.75","4.58","4","3","8.32","Public utility","14","1","8","7.27","1","9.39"
"SYN-LA-00706","Bihar","Vaishali","3.27","Commercial","Mixed use","8","8","0","0","2.83","3.27","3","9","6.63","Rail","10","0","7","9.45","1","10.78"
"SYN-LA-00707","Uttar Pradesh","Saran","6.67","Commercial","Fallow","2","1","0","0","1.71","2.19","4","8","1.84","Public utility","19","4","5","5.68","1","8.22"
"SYN-LA-00708","Bihar","Muzaffarpur","9.22","Commercial","Commercial","7","7","0","0","4.7","6.25","4","4","10.62","Rail","8","7","6","9.99","2","13.65"
"SYN-LA-00709","Jharkhand","","","Residential","Fallow","6","7","0","0","6","7.64","6","4","5.77","Rail","15","4","3","10.5","2","14.66"
"SYN-LA-00710","Jharkhand","Patna","9.16","Forest buffer","Mixed use","1","1","0","1","3.24","4.48","2","6","6.22","Industrial corridor","16","1","6","5.88","0","8.41"
"SYN-LA-00711","Uttar Pradesh","Begusarai","16.28","Agricultural","Fallow","6","8","0","0","4.82","5.92","8","9","9.9","Industrial corridor","","3","5","14.09","2","16.63"
"SYN-LA-00712","Bihar","Vaishali","6.54","Industrial","Commercial","1","3","0","0","3.82","4.91","6","4","0.98","Industrial corridor","15","4","5","10.84","1","14.89"
"SYN-LA-00713","Jharkhand","Purnia","1.96","Industrial","Commercial","1","0","1","3","1.71","1.98","7","3","5.53","Industrial corridor","16","4","9","12.79","2","19.48"
"SYN-LA-00714","Bihar","Saran","3.58","Agricultural","Residential","2","2","0","0","0.96","1.21","5","8","1.99","Public utility","10","3","6","9.48","1","12.29"
"SYN-LA-00715","Jharkhand","Nalanda","20.67","Residential","Residential","4","6","1","0","3.82","4.63","6","6","","Water management","7","2","5","","2","16.02"
"SYN-LA-00716","Jharkhand","Vaishali","19.97","Forest buffer","Residential","5","7","0","0","14.5","15.97","4","2","0.19","Road","19","5","5","13.5","2","17.23"
"SYN-LA-00717","Jharkhand","Nalanda","13.66","Commercial","Multi-crop","8","9","0","0","4.25","4.61","1","7","9.34","Water management","18","1","7","11.29","1","13.88"
"SYN-LA-00718","Bihar","Vaishali","6.84","Forest buffer","Single-crop","5","7","0","0","5.29","5.51","5","6","7.84","","4","4","6","8.45","1","10.9"
"SYN-LA-00719","Bihar","Vaishali","18.53","Agricultural","Fallow","8","8","0","0","9.83","12.68","4","6","1.07","Public utility","14","5","5","12.67","1","15.73"
"SYN-LA-00720","Jharkhand","Ranchi","24.26","Commercial","Single-crop","3","5","","0","6.3","7.23","5","9","","Water management","5","5","5","6.61","1","9.61"
"SYN-LA-00721","Jharkhand","Begusarai","17.85","Residential","Single-crop","5","7","","","4.59","5.38","6","8","0.71","Water management","6","5","5","8.63","1","12.93"
"SYN-LA-00722","Bihar","Ranchi","6.92","","Multi-crop","3","4","1","2","5.71","7.15","5","9","","Road","8","1","6","9.27","1","13.19"
"SYN-LA-00723","","Nalanda","4.34","Residential","Multi-crop","1","2","1","2","1.64","2.28","4","4","6.98","Industrial corridor","2","3","8","7.88","1","12.52"
"SYN-LA-00724","Jharkhand","Saran","14.05","Agricultural","Commercial","1","1","0","0","6.7","8.55","1","6","9.86","Water management","7","1","9","6.72","0","6.79"
"SYN-LA-00725","Bihar","Begusarai","1.04","Agricultural","Commercial","2","2","1","1","0.75","0.87","1","8","8.75","Rail","16","3","6","6.38","1","11.91"
"","Bihar","Dhanbad","4.51","Agricultural","Fallow","8","9","0","0","0.9","1.21","4","3","5.66","Rail","20","1","7","8.55","2","10.68"
"SYN-LA-00727","Uttar Pradesh","","19.95","Industrial","Commercial","8","10","0","","9.89","10.56","1","8","12.09","Public utility","7","1","4","13.9","2","14.91"
"SYN-LA-00728","Jharkhand","Gaya","5.04","Forest buffer","Single-crop","6","8","","4","2.19","2.96","5","4","2.43","Road","16","4","4","15.36","3","22.64"
"SYN-LA-00729","Uttar Pradesh","Purnia","13.56","Commercial","Commercial","","3","0","1","5.59","6.24","1","9","3.89","Road","16","5","9","6.65","0","10.39"
"","Jharkhand","","16.27","Commercial","Single-crop","5","7","0","0","8","8.6","8","3","2.51","","7","1","6","6.75","1","7.89"
"SYN-LA-00731","Uttar Pradesh","Patna","13.16","Residential","Multi-crop","3","5","0","0","10.18","12.05","9","7","5.86","Water management","18","4","8","5.05","1","7.9"
"SYN-LA-00732","Bihar","Bhojpur","1.34","Agricultural","Fallow","1","1","0","0","0.8","0.89","7","4","1.27","Water management","11","4","9","7.69","1","9.69"
"SYN-LA-00733","Bihar","Ranchi","23.4","Forest buffer","Fallow","8","8","1","","10.84","12.54","6","1","2.21","Road","15","5","3","15.94","3","23.3"
"SYN-LA-00734","Uttar Pradesh","Dhanbad","11.25","Agricultural","Fallow","3","3","0","0","7.36","9.41","4","8","6.63","Road","14","4","10","8.65","1","8.7"
"SYN-LA-00735","Bihar","Gaya","8.88","","Fallow","1","1","0","0","4.86","5.19","1","","3.46","Industrial corridor","15","3","10","4.04","0","5.71"
"SYN-LA-00736","Uttar Pradesh","Gaya","3.4","Commercial","Commercial","6","6","0","","0.67","0.78","2","9","10.43","Road","20","2","","6.32","1","8.36"
"SYN-LA-00737","","Bhojpur","10.74","Industrial","Multi-crop","2","1","1","3","6.62","8.98","7","10","2.09","","20","4","8","7.65","1","13.33"
"SYN-LA-00738","Jharkhand","Begusarai","2.84","Forest buffer","Fallow","","1","0","0","1.02","1.07","4","8","0.3","Water management","11","0","6","5.97","0","8.54"
"SYN-LA-00739","Bihar","Muzaffarpur","15.42","Industrial","Single-crop","6","6","1","2","6.42","8.67","","3","10.01","Road","12","2","4","14.99","3","20.06"
"SYN-LA-00740","Bihar","Purnia","15.98","Forest buffer","","1","1","0","0","","5.94","7","","4.18","Public utility","19","4","8","9.7","1","10.46"
"SYN-LA-00741","Jharkhand","Patna","7.47","Agricultural","Fallow","8","10","0","0","5.25","5.83","5","5","3.82","Public utility","17","","8","10.26","1","10.65"
"SYN-LA-00742","Jharkhand","Muzaffarpur","17.16","Forest buffer","Mixed use","2","4","1","4","14.22","16.34","7","5","9.2","Industrial corridor","15","1","5","8.79","3","16.63"
"SYN-LA-00743","Jharkhand","Bhagalpur","14.14","Commercial","","1","","0","1","10.13","13.55","7","8","8.25","Industrial corridor","","2","6","6.87","1","10.12"
"SYN-LA-00744","Bihar","Saran","21.93","Agricultural","Fallow","5","5","0","0","18.57","24.97","3","6","6.41","Public utility","19","0","10","11.63","1","12.08"
"SYN-LA-00745","Uttar Pradesh","Ranchi","9.18","Agricultural","Residential","5","6","0","0","3.03","3.42","7","4","5.87","Road","16","7","7","11.78","2","16.4"
"SYN-LA-00746","Bihar","Purnia","3.08","Forest buffer","Multi-crop","4","4","0","0","1.91","2.08","5","6","2.16","Road","7","3","5","7.78","1","10.55"
"SYN-LA-00747","Jharkhand","Begusarai","23.89","Industrial","Fallow","5","5","0","0","10.63","13.05","0","9","2.82","Public utility","12","3","7","10.4","1","12.28"
"SYN-LA-00748","Jharkhand","Patna","14.21","Forest buffer","Fallow","4","6","1","0","7.46","8.86","6","7","0.66","Public utility","5","3","10","9.74","1","10.74"
"SYN-LA-00749","Uttar Pradesh","Saran","","Agricultural","Single-crop","","9","0","1","2.18","2.7","5","4","6.53","Water management","8","","4","9.85","2","13.42"
"SYN-LA-00750","Jharkhand","Bhagalpur","21.59","Industrial","Single-crop","1","3","0","0","4.52","5.49","3","6","1.85","Road","9","0","6","6.76","0","7.21"
"SYN-LA-00751","Bihar","Bhagalpur","19.6","Agricultural","Residential","","6","0","0","11.29","14.8","5","","1.44","Water management","8","2","5","7.56","1","8.7"
"SYN-LA-00752","Bihar","Begusarai","15.66","Forest buffer","Fallow","1","1","0","0","11.67","15.76","10","7","3.3","Road","12","5","5","11.24","1","14.98"
"SYN-LA-00753","Bihar","Saran","15.23","Commercial","Mixed use","5","6","0","0","11.99","16.56","5","9","6.58","Road","4","3","6","11.84","1","14.37"
"SYN-LA-00754","Uttar Pradesh","Bhojpur","17.65","Commercial","Fallow","","2","","0","10.4","13.81","3","7","8.45","Water management","4","2","5","5.1","0","8.51"
"SYN-LA-00755","Bihar","","23.25","Agricultural","Commercial","7","8","0","0","11.36","11.73","","7","8.02","Industrial corridor","11","1","6","8.14","1","10.37"
"SYN-LA-00756","Jharkhand","Patna","21.65","Agricultural","Commercial","1","","0","0","9.69","12.39","2","9","11.13","Road","2","1","6","3.82","0","4.77"
"SYN-LA-00757","Bihar","Muzaffarpur","14.36","Industrial","Multi-crop","4","6","0","0","","3.49","5","7","11.74","Road","8","5","6","9.4","1","11.05"
"SYN-LA-00758","Uttar Pradesh","","8.37","Commercial","","5","","1","2","2.17","2.94","5","7","1.2","Water management","20","0","7","","2","17.35"
"SYN-LA-00759","Bihar","Muzaffarpur","13.42","Commercial","Multi-crop","6","7","1","2","","3.63","8","8","10.01","Road","12","1","8","14.7","2","18.2"
"SYN-LA-00760","Uttar Pradesh","Begusarai","24.99","Agricultural","Commercial","8","10","0","0","4.89","6.66","6","4","6.06","Public utility","10","2","7","10.91","2","13.66"
"SYN-LA-00761","Bihar","Begusarai","23.28","Residential","Mixed use","2","4","1","4","","8.12","7","8","0.41","Industrial corridor","5","3","","13.2","2","21.13"
"SYN-LA-00762","Uttar Pradesh","Nalanda","2.51","Forest buffer","Mixed use","8","8","0","1","1.78","2.4","5","6","9.68","Rail","17","1","6","14.32","2","16.33"
"SYN-LA-00763","Bihar","Bhagalpur","7.97","Industrial","Residential","3","4","0","0","2.8","3.38","4","7","5.16","Road","19","4","7","7.6","1","10.84"
"SYN-LA-00764","Bihar","Bhojpur","21.99","Agricultural","Mixed use","3","3","0","0","12.22","16.35","7","8","10.08","Rail","7","5","8","4.73","1","5.82"
"SYN-LA-00765","Bihar","Muzaffarpur","20.99","Industrial","Single-crop","1","2","0","0","","18.45","7","5","5.71","Water management","13","5","8","6.49","1","8.97"
"SYN-LA-00766","Jharkhand","Purnia","13.42","Commercial","Mixed use","2","3","1","0","7.78","10.06","4","8","9.96","Public utility","2","3","8","10.16","1","14.33"
"SYN-LA-00767","Uttar Pradesh","Begusarai","","Commercial","Residential","5","5","0","1","2.09","2.88","8","9","7.78","Water management","14","4","5","10.05","1","14"
"SYN-LA-00768","Bihar","Patna","1.65","Industrial","Mixed use","2","2","0","","0.38","0.53","4","5","7.2","Industrial corridor","17","","7","","1","5.8"
"SYN-LA-00769","Uttar Pradesh","Dhanbad","23.04","Forest buffer","Fallow","1","1","0","0","5.83","6.11","6","4","7.13","Road","6","4","","7.74","0","9.29"
"","Bihar","Purnia","24.98","Residential","Mixed use","5","6","1","0","","6.28","0","10","3.32","Road","13","1","8","11.66","1","14.69"
"SYN-LA-00771","Jharkhand","Nalanda","9.53","Commercial","Residential","2","3","1","","6.59","7.5","5","8","1.85","Road","7","5","7","7.1","1","14.59"
"SYN-LA-00772","Uttar Pradesh","Gaya","22.67","Commercial","Mixed use","2","3","0","0","7.33","7.7","3","","7.55","Road","19","5","7","7.32","1","11.26"
"SYN-LA-00773","Uttar Pradesh","Bhagalpur","7.72","Residential","Multi-crop","5","6","0","0","2.35","2.8","1","7","2.74","Road","14","1","6","11.99","1","13.34"
"SYN-LA-00774","Jharkhand","Bhagalpur","18.31","Commercial","Commercial","7","8","0","","9.75","10.39","0","5","","Industrial corridor","4","1","6","7.97","1","11.03"
"SYN-LA-00775","Jharkhand","Purnia","15.93","Industrial","Fallow","2","1","0","0","6.59","8.69","2","8","2.98","Water management","18","3","10","9.31","0","10.24"
"SYN-LA-00776","Bihar","Bhojpur","5.16","Commercial","Multi-crop","4","5","0","0","1.19","1.39","0","4","4.23","Rail","14","5","6","8.65","1","12.65"
"SYN-LA-00777","Jharkhand","Saran","8.26","Commercial","Commercial","1","1","1","4","2.36","3.03","","6","11.62","Public utility","20","1","9","8.61","1","14.94"
"SYN-LA-00778","Jharkhand","Vaishali","3.82","Forest buffer","Commercial","3","4","0","0","0.94","1.1","3","5","2.35","Public utility","14","3","7","10.08","1","11.38"
"SYN-LA-00779","Jharkhand","Bhojpur","16.38","Forest buffer","Commercial","6","7","0","1","9.79","10.09","9","6","10.65","Public utility","2","1","4","14.24","2","18.01"
"SYN-LA-00780","Bihar","Purnia","7.09","Commercial","","6","7","","0","2.16","2.31","6","4","8.39","Industrial corridor","2","3","","12.96","2","16.64"
"SYN-LA-00781","Bihar","Bhojpur","14.53","Commercial","Single-crop","7","7","0","0","4.42","4.63","4","4","11.02","Water management","18","1","7","7.92","1","8.12"
"SYN-LA-00782","Jharkhand","Saran","8.76","Forest buffer","Mixed use","","","1","4","6.46","8.34","4","5","10.91","Water management","4","1","7","8.89","2","13.44"
"SYN-LA-00783","Uttar Pradesh","Muzaffarpur","2.25","Forest buffer","Single-crop","5","7","0","1","0.85","1","5","5","6.59","Road","5","3","10","14.13","1","15.71"
"SYN-LA-00784","Uttar Pradesh","Gaya","19.68","Residential","Single-crop","2","4","0","0","12.62","14.16","3","8","2.74","Road","17","1","6","6.27","0","7.64"
"SYN-LA-00785","Jharkhand","Nalanda","11.19","Agricultural","Mixed use","8","8","0","0","3.24","3.99","2","8","8.18","Rail","","5","5","7.76","2","11.34"
"SYN-LA-00786","Uttar Pradesh","Dhanbad","1.38","Commercial","Single-crop","6","8","1","0","0.84","1","3","5","11.6","Industrial corridor","4","5","3","10.97","3","17.64"
"SYN-LA-00787","Bihar","Gaya","4.18","Forest buffer","Multi-crop","5","4","0","0","1.89","2.34","6","2","2.85","","9","0","6","12.69","1","13.54"
"SYN-LA-00788","Uttar Pradesh","Nalanda","15.34","Industrial","Multi-crop","3","4","0","0","3.81","4.23","2","8","5.26","Road","6","2","9","9.41","0","11.41"
"SYN-LA-00789","Uttar Pradesh","Dhanbad","1.58","Residential","Fallow","6","6","0","","1.16","","2","9","5.31","Industrial corridor","14","0","8","10.76","1","12.22"
"SYN-LA-00790","Jharkhand","Saran","4.32","Agricultural","","","7","0","0","","1.4","0","8","8.86","Public utility","4","3","5","7.28","1","10.42"
"SYN-LA-00791","Jharkhand","Dhanbad","4.89","Commercial","Multi-crop","2","","0","0","3.85","5.38","2","9","1.44","Industrial corridor","9","4","6","12.04","1","14.31"
"SYN-LA-00792","Bihar","Bhojpur","20.42","Residential","Fallow","8","8","0","0","6.9","8.16","4","3","5.26","Water management","3","1","7","10.87","1","12.28"
"SYN-LA-00793","Uttar Pradesh","Bhojpur","17.55","Agricultural","Fallow","2","1","0","1","12.29","13.73","0","5","3.52","Industrial corridor","13","3","8","9.62","0","10.79"
"SYN-LA-00794","Uttar Pradesh","Gaya","3.02","Residential","Commercial","8","8","0","0","1.48","1.61","4","7","7.77","Rail","15","4","5","11.06","2","13.16"
"SYN-LA-00795","Bihar","Vaishali","3.91","Industrial","Commercial","5","5","1","2","1.14","1.52","6","7","","Water management","5","2","8","8.89","1","11.97"
"SYN-LA-00796","Bihar","Begusarai","14.81","Agricultural","Single-crop","5","7","0","0","3.47","3.83","9","8","5.37","Water management","13","2","7","13.25","1","15.6"
"SYN-LA-00797","Jharkhand","Purnia","0.85","","Fallow","5","4","","0","","0.73","4","4","2.33","","6","4","9","11.84","1","13.83"
"SYN-LA-00798","Uttar Pradesh","Nalanda","11.01","Commercial","Single-crop","8","9","0","0","5.58","6.15","6","6","5.88","Water management","17","1","8","12.63","1","12.41"
"","Jharkhand","Nalanda","13.61","Agricultural","Single-crop","8","10","1","3","4.21","4.6","7","10","8.03","Water management","3","2","8","16.4","2","22.1"
"SYN-LA-00800","","Begusarai","23.43","Agricultural","Multi-crop","8","8","0","0","11.33","12.43","4","5","9.89","Industrial corridor","14","2","8","13.54","1","15.33"
"SYN-LA-00801","Jharkhand","Bhojpur","4","Commercial","Residential","1","2","0","0","","4.62","7","3","2.52","Road","3","8","7","11.52","1","13.49"
"SYN-LA-00802","Jharkhand","Dhanbad","6.55","Residential","Commercial","5","7","0","1","3.38","4.26","7","8","7.22","Road","","4","9","11.63","1","14.77"
"SYN-LA-00803","Jharkhand","Bhagalpur","14.25","Commercial","Fallow","4","5","0","1","9.5","11.55","6","6","3.66","Rail","7","4","9","11.28","1","13.69"
"SYN-LA-00804","","Muzaffarpur","20.25","Forest buffer","Mixed use","8","8","1","3","12.57","15.74","8","5","6.92","Water management","","","4","15.28","3","20.54"
"SYN-LA-00805","Uttar Pradesh","Dhanbad","3.19","Industrial","Single-crop","8","10","0","","0.88","1.07","6","3","10.9","Industrial corridor","13","5","3","12.39","3","17.66"
"SYN-LA-00806","Bihar","Patna","17.77","Agricultural","Multi-crop","7","8","0","0","5.37","7.07","4","6","11.36","Rail","","2","7","","1","14.99"
"SYN-LA-00807","Bihar","","22.74","Agricultural","Mixed use","7","7","0","0","6.03","8.2","2","5","7.13","Public utility","19","3","6","7.43","1","10.61"
"SYN-LA-00808","Uttar Pradesh","Ranchi","21.9","Residential","Single-crop","4","6","0","1","4.77","5.43","1","4","6.67","Industrial corridor","5","4","9","6.63","1","7.58"
"SYN-LA-00809","Jharkhand","Begusarai","1.34","Residential","Multi-crop","5","5","0","0","0.32","0.44","1","8","0.8","Rail","15","4","10","5.85","0","6.6"
"SYN-LA-00810","Bihar","Purnia","10.42","Residential","Residential","4","","1","3","4.91","6.54","2","5","5.58","Industrial corridor","8","3","10","14.69","2","18.34"
"SYN-LA-00811","Uttar Pradesh","Begusarai","24.25","Residential","Residential","2","3","1","3","9.31","10.67","7","6","2.24","Road","17","7","9","14.3","2","21.5"
"SYN-LA-00812","Bihar","Muzaffarpur","3.63","Forest buffer","Multi-crop","5","7","0","1","2.98","3.92","8","7","9.43","Rail","8","5","10","14.24","1","15.93"
"SYN-LA-00813","Uttar Pradesh","Nalanda","16.14","Agricultural","Commercial","5","5","0","0","13.87","15.9","4","8","0.86","Road","18","0","5","10.39","1","12.3"
"SYN-LA-00814","Uttar Pradesh","Gaya","12.56","Industrial","Residential","4","4","1","1","9.81","11.15","7","9","","Rail","5","5","7","10.35","1","14.74"
"SYN-LA-00815","Jharkhand","Begusarai","6.23","Forest buffer","Residential","6","8","1","","4.11","4.74","","5","7.09","Industrial corridor","13","1","6","10.15","2","13.66"
"","Bihar","Muzaffarpur","2.65","Residential","Residential","8","10","0","0","0.7","0.94","8","10","7.68","Industrial corridor","12","0","7","10.47","1","11.69"
"SYN-LA-00817","Jharkhand","Bhojpur","14.05","Residential","Residential","7","8","0","1","4.51","5.99","6","4","7.95","Road","2","7","6","12.75","2","17.47"
"SYN-LA-00818","Jharkhand","Patna","21.46","Agricultural","Residential","8","9","0","0","7.99","10.58","4","4","5.01","","15","","8","9.85","1","10.06"
"SYN-LA-00819","Bihar","Begusarai","1.29","Residential","Mixed use","5","6","0","0","0.32","0.39","7","4","8.89","Water management","","3","9","6.2","1","6.92"
"SYN-LA-00820","Jharkhand","Bhagalpur","5.19","Forest buffer","Fallow","","7","0","0","2.02","2.22","10","1","9.67","","16","0","6","12.64","2","12.57"
"SYN-LA-00821","Bihar","Ranchi","2.43","Agricultural","Fallow","8","10","0","0","1.58","1.83","7","3","10.7","Industrial corridor","19","3","5","13.53","3","16.04"
"SYN-LA-00822","Jharkhand","Dhanbad","18.13","Commercial","Commercial","1","2","0","0","13.86","14.88","2","5","7.46","Public utility","19","4","9","9.55","1","9.88"
"SYN-LA-00823","Bihar","Muzaffarpur","3.2","Agricultural","Commercial","2","3","","0","2.53","3.09","7","10","3.98","Rail","12","3","9","5.59","0","6.98"
"SYN-LA-00824","Uttar Pradesh","Muzaffarpur","18.65","Industrial","Fallow","6","7","0","0","8.32","9.11","6","8","2.95","Industrial corridor","17","4","4","11.5","2","14.29"
"SYN-LA-00825","Uttar Pradesh","Vaishali","13.86","Commercial","Fallow","3","4","1","0","4.78","4.91","5","10","5.57","Water management","20","2","7","12.54","1","15.48"
"SYN-LA-00826","Jharkhand","","","","Residential","3","2","0","0","6.98","7.72","3","4","9.26","Industrial corridor","3","3","5","7.25","1","9.15"
"SYN-LA-00827","Jharkhand","Purnia","13.67","Residential","","7","8","0","0","2.9","3.51","7","8","8.31","Water management","7","3","7","11.68","1","12.16"
"SYN-LA-00828","Bihar","Dhanbad","10.01","Agricultural","Single-crop","3","5","0","0","3.27","4.32","0","8","7.41","Road","10","3","8","4.86","0","5.68"
"SYN-LA-00829","Jharkhand","Begusarai","13.42","Agricultural","Single-crop","3","5","0","0","6.57","8.51","2","5","9.95","Industrial corridor","6","2","7","9.05","1","9.21"
"SYN-LA-00830","Bihar","Patna","2.29","Commercial","Residential","3","3","","0","0.55","0.67","5","3","3.44","Water management","4","1","7","5.92","1","7.54"
"SYN-LA-00831","Bihar","Begusarai","23.43","Industrial","","4","3","1","4","6.13","8.25","6","7","2.36","Road","11","4","9","9.77","2","14.83"
"SYN-LA-00832","Uttar Pradesh","Saran","2.76","Industrial","","","4","0","0","0.68","0.77","4","5","10.02","Road","4","4","6","8.93","1","10.79"
"SYN-LA-00833","Bihar","Ranchi","7.48","Agricultural","Residential","7","8","0","1","5.13","5.48","5","","8.06","Public utility","2","2","4","10.32","2","13.66"
"SYN-LA-00834","Jharkhand","Patna","4.3","Agricultural","Commercial","4","4","0","0","2.09","2.55","1","8","10.48","Rail","14","5","5","12.89","1","17.33"
"SYN-LA-00835","Jharkhand","Patna","3.78","Commercial","Fallow","5","6","0","0","1.42","1.61","1","","5.94","Road","20","3","6","9.84","1","10.66"
"SYN-LA-00836","Jharkhand","Saran","","Commercial","Residential","8","9","","0","","0.7","4","","8.94","Industrial corridor","4","4","8","","1","17.98"
"SYN-LA-00837","Jharkhand","Patna","9.61","Forest buffer","Fallow","3","4","0","1","5.9","6.32","9","8","8.36","Public utility","4","5","6","7.4","1","9.92"
"SYN-LA-00838","Bihar","Begusarai","1.43","Commercial","Multi-crop","4","6","1","0","","0.37","6","8","10.15","Industrial corridor","11","4","6","9.24","2","12.24"
"SYN-LA-00839","Bihar","Bhojpur","14.86","Commercial","Mixed use","5","7","0","0","5.53","6.12","5","5","0.89","Water management","19","5","5","11.84","2","13.87"
"SYN-LA-00840","Uttar Pradesh","Ranchi","24.79","Forest buffer","Single-crop","5","5","0","0","6.14","7.65","4","2","1.33","Public utility","2","1","9","6.02","0","5.76"
"SYN-LA-00841","Uttar Pradesh","Patna","9.12","Commercial","Multi-crop","6","8","0","0","6.78","7.19","4","6","10.11","Road","20","5","6","13.65","2","15.65"
"SYN-LA-00842","Jharkhand","Nalanda","14.3","Residential","Multi-crop","8","10","0","0","9.46","11.98","7","8","3.81","Public utility","2","4","6","10.52","1","12.13"
"SYN-LA-00843","Uttar Pradesh","Saran","10.43","Agricultural","Residential","3","4","0","0","3.59","4.59","2","7","10.91","Road","14","8","7","7.5","1","11"
"SYN-LA-00844","Bihar","Dhanbad","22.89","Agricultural","Residential","6","6","0","0","6.01","6.48","5","4","4.28","Rail","","1","5","11.74","1","12.9"
"SYN-LA-00845","Uttar Pradesh","","21.35","Agricultural","Residential","2","2","0","0","16.97","","0","9","","Public utility","12","1","9","10.63","0","9.8"
"SYN-LA-00846","Bihar","Dhanbad","21.61","Commercial","Multi-crop","7","9","1","0","10.34","13.8","0","6","10.38","Public utility","15","2","","7.1","2","8.98"
"SYN-LA-00847","Jharkhand","Bhojpur","14.19","Commercial","Single-crop","7","7","0","0","4.63","5.35","0","6","2.71","Industrial corridor","3","3","8","10.64","1","13.46"
"SYN-LA-00848","Uttar Pradesh","Gaya","23.56","Agricultural","Fallow","5","7","0","0","7.78","9.04","0","8","9.37","Rail","6","5","6","8.46","1","10.09"
"SYN-LA-00849","Uttar Pradesh","Gaya","14.33","Forest buffer","Single-crop","7","8","0","0","5","6.08","5","1","1","Rail","15","3","5","8.28","2","10.38"
"SYN-LA-00850","Jharkhand","Purnia","19.1","Forest buffer","Commercial","3","5","0","0","10.36","11.67","4","6","5.61","Public utility","13","4","7","5.42","1","8.37"
"SYN-LA-00851","Bihar","Bhojpur","17.71","Commercial","Single-crop","7","8","1","0","5.67","5.85","4","4","7.72","Water management","15","2","8","","2","10.18"
"SYN-LA-00852","Jharkhand","Saran","3.14","Commercial","Fallow","2","3","0","0","1.75","1.96","2","10","2.2","Road","12","0","8","5.2","0","6.94"
"SYN-LA-00853","Bihar","Gaya","20.71","Industrial","Commercial","8","10","0","0","11.64","12.12","8","10","8.79","Public utility","13","3","6","14.15","2","16.18"
"SYN-LA-00854","","Saran","7.89","Industrial","Commercial","1","","0","0","2.91","3.66","8","","9.75","Public utility","14","1","7","10.06","1","11.3"
"SYN-LA-00855","Jharkhand","","20.6","Residential","Fallow","6","8","0","0","16.72","19.69","4","5","2.44","Road","8","1","4","9.68","1","10.71"
"SYN-LA-00856","","Muzaffarpur","","Forest buffer","Commercial","5","","0","0","5.61","7.77","8","6","1.49","Industrial corridor","5","2","8","8.91","1","11"
"SYN-LA-00857","Bihar","Bhagalpur","23.99","Agricultural","Mixed use","5","6","0","0","12.51","15.61","4","7","9.61","Industrial corridor","17","3","5","11.51","1","13.73"
"SYN-LA-00858","Bihar","","","Agricultural","Commercial","5","7","0","0","0.45","0.59","2","7","3.57","Road","16","0","8","12.85","1","13.15"
"SYN-LA-00859","Uttar Pradesh","Gaya","10.97","Industrial","Mixed use","2","3","0","1","5.77","6.74","6","4","0.73","Rail","13","2","7","6.78","1","10.06"
"SYN-LA-00860","Bihar","Saran","3.35","Residential","Fallow","7","8","0","0","1.21","1.32","4","7","2.93","Water management","8","5","","11.48","1","13.24"
"","Uttar Pradesh","Bhojpur","12.67","Agricultural","Residential","3","3","0","0","10.8","13.43","4","6","0.14","Rail","20","","6","6.88","0","8.25"
"SYN-LA-00862","Bihar","Dhanbad","2.55","Industrial","Residential","6","6","0","1","1.55","2.07","7","6","3.6","Road","13","8","6","14.72","2","18"
"SYN-LA-00863","Jharkhand","Vaishali","4.12","Industrial","Multi-crop","2","1","1","1","1.19","1.22","1","10","10.11","Industrial corridor","","0","8","5.29","0","7.1"
"SYN-LA-00864","Bihar","Dhanbad","14.68","Agricultural","Single-crop","","6","0","0","9.04","9.51","6","6","4.55","Rail","20","4","8","11.66","1","14.36"
"SYN-LA-00865","Bihar","Saran","21.19","Commercial","Mixed use","4","5","0","1","16.25","17.16","","7","0.21","Industrial corridor","16","0","","10.57","1","10.67"
"SYN-LA-00866","Uttar Pradesh","Muzaffarpur","1.23","","Single-crop","1","3","1","1","0.63","0.75","6","6","6.51","Public utility","15","3","8","10.18","1","15.23"
"SYN-LA-00867","Bihar","Begusarai","22.25","Industrial","Residential","6","8","0","0","6.76","9.02","1","4","11.38","Industrial corridor","18","2","","8.97","1","11.65"
"SYN-LA-00868","Uttar Pradesh","Ranchi","9.78","Commercial","Fallow","7","8","0","1","2.09","2.54","7","5","4.69","Public utility","17","5","7","13.9","2","17.9"
"SYN-LA-00869","Uttar Pradesh","Patna","6.77","Industrial","","4","4","0","1","5.46","6.43","7","9","","Road","7","4","9","9.82","1","11.29"
"SYN-LA-00870","Bihar","Bhojpur","8.47","Industrial","","5","5","1","0","3.57","4.52","3","9","7.72","Water management","10","4","8","9.59","1","14.36"
"SYN-LA-00871","Bihar","Dhanbad","24.39","Residential","Fallow","","10","0","0","18.54","21.93","","9","3.67","Water management","11","2","8","7.81","1","9.86"
"SYN-LA-00872","Bihar","Bhojpur","22.8","Residential","Commercial","8","8","0","0","11.67","13.03","5","8","11.3","Water management","2","0","5","7.86","1","10.33"
"SYN-LA-00873","Uttar Pradesh","Vaishali","22.38","Forest buffer","Single-crop","3","4","0","0","13.98","19.18","2","1","2.94","Public utility","6","4","","7.4","1","10.57"
"SYN-LA-00874","Bihar","Bhagalpur","17.85","Residential","Mixed use","2","1","1","0","5.85","7.53","5","9","1.93","Water management","11","3","8","6.62","1","10.08"
"SYN-LA-00875","Jharkhand","Ranchi","19.92","Residential","Residential","3","2","0","0","8.32","8.88","4","9","4.12","Industrial corridor","2","2","7","5.68","0","6.54"
"SYN-LA-00876","Jharkhand","Ranchi","1.08","Commercial","Multi-crop","3","3","0","0","0.59","0.66","2","8","","Road","17","1","8","7.58","0","8.48"
"SYN-LA-00877","Jharkhand","Ranchi","14.58","Commercial","Residential","2","3","0","1","3.08","3.7","7","4","1.18","Rail","20","3","6","6.17","1","8.82"
"SYN-LA-00878","Uttar Pradesh","Patna","17.35","Commercial","Mixed use","6","6","0","1","5","6.44","3","6","8.76","Road","2","2","4","9.46","1","11.7"
"SYN-LA-00879","Jharkhand","Muzaffarpur","24.3","Forest buffer","Residential","2","4","0","0","15.79","17.78","7","4","2.37","Public utility","2","2","10","4.86","0","6.59"
"SYN-LA-00880","Jharkhand","Patna","16.24","Residential","Mixed use","7","8","0","0","9.24","10.2","4","5","4.47","Rail","","4","3","6.88","1","11.49"
"SYN-LA-00881","Bihar","Saran","8.99","Industrial","Fallow","8","9","0","0","4.96","6.33","8","10","11.16","Water management","18","0","5","12.62","2","13.1"
"","Bihar","Gaya","6.99","Forest buffer","Residential","5","5","0","0","1.3","1.54","10","1","1.28","Public utility","4","0","7","10.87","1","12.5"
"SYN-LA-00883","Uttar Pradesh","Bhagalpur","5.51","Industrial","","5","6","1","4","4.64","","2","9","5.12","Water management","17","1","8","","2","21.18"
"SYN-LA-00884","Uttar Pradesh","Bhojpur","23.03","Residential","Fallow","","5","0","0","7.33","9.64","4","4","5.16","Rail","14","3","7","10.29","1","12.76"
"SYN-LA-00885","Jharkhand","Gaya","24.32","Agricultural","Single-crop","2","2","0","0","14.1","19.24","5","4","0.17","Industrial corridor","12","4","7","8.47","1","12.18"
"SYN-LA-00886","Uttar Pradesh","Muzaffarpur","9.21","Forest buffer","Commercial","7","6","1","1","","3.24","8","7","2.4","Public utility","6","1","6","12.33","2","15.14"
"SYN-LA-00887","Bihar","Dhanbad","24.34","Commercial","Fallow","1","1","0","0","16.01","18.36","6","5","8.82","Water management","10","1","","10.38","1","12.44"
"SYN-LA-00888","Uttar Pradesh","Gaya","3.02","Agricultural","Multi-crop","4","6","1","1","1.74","2.1","3","10","2.65","Water management","19","5","10","8.54","1","12.9"
"SYN-LA-00889","Jharkhand","Begusarai","5.67","Commercial","Fallow","8","10","0","0","4.28","5.78","1","5","5.38","Industrial corridor","5","0","6","10.24","1","11.85"
"SYN-LA-00890","Uttar Pradesh","Ranchi","16.43","Industrial","Commercial","","1","1","3","6.16","6.69","8","8","5.07","Water management","17","","7","7.33","2","12.24"
"SYN-LA-00891","Uttar Pradesh","Nalanda","3.17","Residential","Single-crop","7","9","0","0","1.1","1.2","0","9","5.77","Rail","4","3","7","14.56","1","17.45"
"SYN-LA-00892","Jharkhand","Vaishali","4.62","Industrial","Fallow","7","7","0","0","3.66","4.21","3","9","5.09","Road","10","4","6","10.64","1","13.41"
"SYN-LA-00893","Jharkhand","Saran","1.37","Agricultural","Commercial","5","4","0","0","0.94","1.32","8","6","","","14","1","6","9.81","1","11.73"
"SYN-LA-00894","Uttar Pradesh","Nalanda","19.87","Agricultural","Commercial","2","4","0","0","12.82","14.58","6","4","11.29","Public utility","19","0","6","7.09","1","7.22"
"SYN-LA-00895","Uttar Pradesh","Patna","16.05","","Residential","7","8","0","1","3.59","4.72","2","7","11.84","Road","6","7","8","14.05","2","16.33"
"SYN-LA-00896","Uttar Pradesh","","9.09","Industrial","Fallow","5","7","0","1","2.69","3.68","8","6","7.88","Industrial corridor","15","4","","8.26","2","12.13"
"SYN-LA-00897","Bihar","Muzaffarpur","15.03","Residential","Mixed use","4","6","0","1","11.52","12.15","4","5","8.13","Public utility","5","","8","6.41","1","7.85"
"SYN-LA-00898","Uttar Pradesh","Vaishali","3.39","Forest buffer","Multi-crop","5","5","0","1","2.64","3.43","6","","7.66","Rail","19","4","7","13.08","1","17.12"
"SYN-LA-00899","Uttar Pradesh","Patna","14.38","Residential","Multi-crop","3","3","0","0","9.77","12.08","4","8","10.86","Water management","18","5","8","10.37","1","12.86"
"SYN-LA-00900","Uttar Pradesh","Ranchi","17.31","","Multi-crop","1","3","1","4","6.81","7.51","1","6","5.68","Public utility","14","","9","13.1","1","18.4"
"SYN-LA-00901","Uttar Pradesh","","11.16","Industrial","Multi-crop","","8","0","0","5.86","8.08","2","7","1.82","","","1","6","12.99","1","15.24"
"SYN-LA-00902","","Saran","10.41","Commercial","Mixed use","1","2","0","0","1.89","2.48","1","8","10.73","Water management","18","0","9","9.41","0","9.96"
"SYN-LA-00903","Bihar","Dhanbad","14.24","Residential","Mixed use","1","0","1","2","9.64","12.49","5","7","2.05","Public utility","19","3","8","8.68","1","14.28"
"SYN-LA-00904","Bihar","Purnia","8.64","Residential","Commercial","3","3","0","1","4.82","5.51","7","4","11.09","Industrial corridor","13","3","7","7.05","1","9.99"
"SYN-LA-00905","Bihar","","2.09","Industrial","Multi-crop","2","4","0","0","0.96","1.3","3","4","1.38","Public utility","14","1","8","8.03","1","10.18"
"SYN-LA-00906","Bihar","Ranchi","10.2","Industrial","Commercial","2","3","0","0","5.31","6.35","0","6","5.77","Industrial corridor","9","","6","4.82","0","7.98"
"SYN-LA-00907","Bihar","Purnia","10.39","Residential","Residential","","9","1","0","6.66","","7","9","3.54","Rail","2","0","7","11.96","1","14.75"
"SYN-LA-00908","Uttar Pradesh","Muzaffarpur","","Agricultural","Single-crop","8","10","0","0","2.96","3.54","6","8","1.62","Road","19","3","5","14.83","2","18.64"
"SYN-LA-00909","Uttar Pradesh","Patna","4.83","Residential","Multi-crop","7","8","0","","2.15","2.54","1","9","0.17","Public utility","3","5","7","13.94","1","15.48"
"SYN-LA-00910","Jharkhand","Muzaffarpur","22.45","Forest buffer","Mixed use","8","9","0","1","6.38","7.11","10","3","2.1","Water management","16","1","4","14.38","3","16.16"
"SYN-LA-00911","Jharkhand","Begusarai","1.81","Forest buffer","Multi-crop","2","3","0","0","","0.72","8","1","0.21","Public utility","14","1","6","5.43","1","6.84"
"SYN-LA-00912","Uttar Pradesh","Purnia","7.12","Agricultural","Mixed use","3","4","0","1","2.9","3.2","2","10","7.12","Rail","10","1","9","6.13","0","7.85"
"SYN-LA-00913","Bihar","Dhanbad","1.39","Industrial","Residential","7","6","1","2","0.58","0.7","7","7","6.92","Industrial corridor","11","5","4","10.68","3","16.63"
"SYN-LA-00914","Uttar Pradesh","Vaishali","20.88","Industrial","Multi-crop","8","8","1","3","5.42","7.52","4","7","10.84","Rail","4","3","5","14.74","3","21.53"
"SYN-LA-00915","Jharkhand","Bhagalpur","10.92","Commercial","Fallow","8","9","0","1","3.76","4.63","7","10","7.06","Road","15","0","5","9.03","2","12.69"
"SYN-LA-00916","Uttar Pradesh","Vaishali","8","Forest buffer","Fallow","5","6","1","2","4.18","5.77","9","2","1.29","Public utility","8","2","9","8.32","2","10.69"
"SYN-LA-00917","Jharkhand","Gaya","17.81","Agricultural","Residential","6","7","0","1","5.17","7.18","7","5","5.12","Rail","18","5","4","9.24","2","14.91"
"SYN-LA-00918","Jharkhand","Ranchi","14.2","Agricultural","Residential","1","3","0","0","6.84","9.19","7","5","6.03","Industrial corridor","12","1","7","7.46","1","9.92"
"SYN-LA-00919","Uttar Pradesh","Nalanda","9.26","Commercial","Residential","8","9","0","","7.09","8.72","1","4","2.27","Road","18","4","6","13.6","2","16.84"
"SYN-LA-00920","Bihar","Gaya","10.88","Residential","Fallow","1","1","0","1","8.1","10.04","1","","7.66","Industrial corridor","10","1","5","7.19","1","10.37"
"SYN-LA-00921","Uttar Pradesh","Nalanda","7.76","Forest buffer","Fallow","3","3","0","0","1.8","2.11","4","","5.31","Road","15","1","7","6.47","0","7.1"
"SYN-LA-00922","Uttar Pradesh","Vaishali","6.7","Forest buffer","Commercial","1","1","0","0","5.8","7.06","5","1","5.07","Water management","7","","9","","1","8.08"
"SYN-LA-00923","","Vaishali","7.12","Residential","Multi-crop","8","10","0","0","2.02","2.42","3","6","3.18","Public utility","15","4","6","8.63","1","10.99"
"SYN-LA-00924","Jharkhand","Bhagalpur","13.39","Commercial","Multi-crop","4","6","1","4","2.79","3.29","4","7","5.47","Rail","12","2","7","10.17","2","16"
"SYN-LA-00925","Uttar Pradesh","Ranchi","6.87","Forest buffer","Residential","5","6","0","0","4.91","5.36","9","7","2.95","Rail","8","4","9","","1","13.35"
"SYN-LA-00926","Jharkhand","Saran","6.76","Industrial","Fallow","3","3","0","0","2.79","3.85","5","4","11.36","Rail","3","4","9","8.93","1","11.8"
"SYN-LA-00927","Uttar Pradesh","Begusarai","14.08","","Residential","2","3","1","4","12.38","14.49","5","2","9.25","Road","14","3","7","9.81","3","16.8"
"SYN-LA-00928","Uttar Pradesh","Dhanbad","4.31","Industrial","Residential","4","6","0","0","2.12","","1","3","3.85","Rail","","1","5","12","1","15.18"
"SYN-LA-00929","Uttar Pradesh","Patna","13.75","Forest buffer","Mixed use","6","7","1","3","4.87","6.21","6","1","5.66","Water management","20","4","3","11.81","3","20.4"
"SYN-LA-00930","Uttar Pradesh","Bhojpur","15.72","Industrial","Commercial","","","0","0","8.84","12.14","5","9","9.2","Water management","16","1","5","5.92","1","8.49"
"SYN-LA-00931","Jharkhand","Nalanda","19.02","","Multi-crop","3","5","1","4","14.9","17.09","5","9","7.43","Rail","","","10","","2","13.88"
"SYN-LA-00932","Jharkhand","Patna","22.69","Industrial","Multi-crop","3","5","1","4","11.8","14.57","3","9","7.86","Water management","7","4","7","12.42","2","18.85"
"SYN-LA-00933","Jharkhand","Ranchi","","Agricultural","","8","8","0","0","1.08","1.41","","3","8.38","Road","9","2","5","14.02","2","15.09"
"SYN-LA-00934","Uttar Pradesh","Bhojpur","7.89","Industrial","Fallow","2","2","1","0","1.8","2.26","1","7","11.76","Public utility","4","2","8","8.7","1","11.48"
"SYN-LA-00935","Uttar Pradesh","Saran","23.29","Forest buffer","Fallow","2","2","0","0","16.14","22.09","3","2","9.8","Rail","14","5","9","7.88","1","9.17"
"","Jharkhand","Begusarai","7.17","Industrial","Commercial","3","5","1","3","4.93","6.61","4","","10.63","Industrial corridor","10","4","10","13.77","2","17.32"
"SYN-LA-00937","Uttar Pradesh","Vaishali","24.49","Agricultural","Multi-crop","8","","1","0","12.09","13","3","4","2.19","Road","19","2","5","10.07","2","13.95"
"SYN-LA-00938","Jharkhand","Nalanda","","Commercial","Fallow","8","8","0","","","5.42","7","3","10.1","Industrial corridor","13","4","4","13.37","3","18.58"
"SYN-LA-00939","Jharkhand","Bhojpur","21.53","Agricultural","Single-crop","2","4","","0","9.67","12.09","5","8","1.04","Road","13","3","10","9.37","0","9.54"
"SYN-LA-00940","Uttar Pradesh","Bhojpur","12.17","Commercial","Fallow","8","10","1","0","6.63","7.4","4","4","5.29","Public utility","6","2","6","14.31","2","19.05"
"SYN-LA-00941","Uttar Pradesh","Ranchi","1.5","Forest buffer","Fallow","","10","0","0","0.85","0.95","9","3","9.55","Water management","10","0","","10.36","2","11.29"
"SYN-LA-00942","Bihar","Vaishali","3.95","Commercial","Residential","1","2","1","4","3.39","4.33","4","4","10.23","Road","19","5","8","12.3","2","18.79"
"SYN-LA-00943","Bihar","Bhojpur","24.3","Industrial","Mixed use","6","8","0","0","15.4","19.71","2","7","11.55","Industrial corridor","7","3","6","7.51","1","10.16"
"","Uttar Pradesh","Purnia","18.53","Residential","Commercial","6","7","1","1","7.07","9.18","7","8","0.86","Public utility","9","4","4","7.75","2","12.33"
"SYN-LA-00945","Bihar","Vaishali","1.37","Agricultural","Mixed use","3","4","","0","1.17","1.36","6","7","9.48","Industrial corridor","17","2","9","8.33","1","8.69"
"SYN-LA-00946","Bihar","Purnia","22.77","Commercial","Fallow","6","7","0","0","18.46","23.75","9","3","12.05","Water management","20","1","4","10.39","3","12.69"
"SYN-LA-00947","","Nalanda","4.93","Agricultural","Commercial","6","7","0","0","3","3.81","2","5","","Industrial corridor","16","1","3","8.19","1","10.28"
"SYN-LA-00948","Uttar Pradesh","Ranchi","24.06","Residential","Fallow","3","5","1","4","11.96","15.43","4","7","5.75","Rail","2","3","8","12.03","1","18.24"
"SYN-LA-00949","Jharkhand","Dhanbad","18.23","Commercial","Mixed use","4","6","1","2","15.84","20.7","","10","3.61","Rail","3","3","9","13.98","1","17.13"
"SYN-LA-00950","Bihar","Vaishali","19.92","Forest buffer","Fallow","","2","0","0","12.98","14.17","6","2","3.22","Water management","2","","8","5.4","0","6.55"
"SYN-LA-00951","Bihar","","22.02","Industrial","Mixed use","3","5","","0","17.46","","7","9","1.18","Water management","7","2","6","9.64","1","10.52"
"SYN-LA-00952","Bihar","Patna","16.59","Commercial","Single-crop","4","6","0","0","7.75","7.95","8","8","","Road","7","2","","11.63","1","12.89"
"SYN-LA-00953","Jharkhand","Nalanda","0.83","Residential","Residential","5","5","0","1","0.5","0.6","5","6","8.49","Rail","13","2","9","10.2","1","13.35"
"SYN-LA-00954","Bihar","Begusarai","8.2","Forest buffer","Single-crop","7","8","0","1","3.31","3.97","4","2","7.79","Road","5","2","5","15.02","2","16.94"
"SYN-LA-00955","Uttar Pradesh","Begusarai","24.89","Industrial","Residential","8","8","0","0","8.69","10.76","4","","2.91","Industrial corridor","16","1","4","11.5","1","15.32"
"SYN-LA-00956","Uttar Pradesh","Purnia","19","Commercial","Mixed use","4","5","0","0","4.24","5.7","9","4","10.11","Water management","6","0","7","10.86","1","11.36"
"SYN-LA-00957","Jharkhand","Muzaffarpur","8.49","Agricultural","Residential","8","9","1","0","6.88","7.94","8","9","3.15","Road","19","6","8","13.64","2","17.76"
"SYN-LA-00958","Uttar Pradesh","Patna","5.37","Industrial","Residential","6","6","1","1","1.53","1.94","5","5","4.61","Road","10","5","8","8.83","2","14.23"
"SYN-LA-00959","Jharkhand","Purnia","16.98","Agricultural","Fallow","7","8","0","0","9.11","9.84","2","10","1.27","Public utility","10","1","6","6.86","0","7.26"
"SYN-LA-00960","Uttar Pradesh","Bhojpur","","Residential","Multi-crop","4","4","0","0","10.43","13.13","3","8","5.73","Industrial corridor","8","4","5","8.19","1","11.21"
"SYN-LA-00961","Bihar","Begusarai","24.33","Residential","Residential","7","7","1","1","14.86","18.57","9","","7.34","Water management","6","0","3","10.59","2","13.79"
"SYN-LA-00962","Uttar Pradesh","Saran","17.82","Industrial","Commercial","7","8","0","1","5.92","7.55","7","9","1.37","Public utility","20","1","3","10.92","2","14.47"
"SYN-LA-00963","Bihar","Vaishali","23.98","Residential","Single-crop","4","5","","1","8.23","9.2","3","7","4.33","Public utility","4","3","6","14.03","1","19.87"
"SYN-LA-00964","Uttar Pradesh","","2.13","Agricultural","Multi-crop","4","5","0","0","1.56","1.97","7","7","3.62","Rail","7","3","7","11.98","1","13.13"
"SYN-LA-00965","Jharkhand","Ranchi","24.68","Commercial","Fallow","4","5","0","0","6.18","7.13","3","6","1.33","Public utility","18","4","10","7.25","0","7.29"
"SYN-LA-00966","Jharkhand","Begusarai","6.44","Commercial","","5","7","1","4","3.43","4.32","7","7","1.34","Rail","10","4","5","13.57","3","21.86"
"SYN-LA-00967","Bihar","","21.27","Residential","Multi-crop","2","2","0","0","12.87","15.02","5","8","7.88","Public utility","18","1","6","11.91","1","14.29"
"SYN-LA-00968","Jharkhand","Ranchi","2.78","Agricultural","Mixed use","1","2","0","0","1.55","2.1","8","10","7.31","Water management","13","1","5","8.41","1","11.95"
"SYN-LA-00969","Bihar","Ranchi","15","Forest buffer","Mixed use","","3","1","3","9.37","11.64","6","2","0.83","Road","6","3","9","11.13","1","15.39"
"SYN-LA-00970","Uttar Pradesh","","21.13","Residential","Mixed use","","6","1","0","8.6","9.31","","4","10.63","Road","19","3","9","7.74","2","10.21"
"SYN-LA-00971","Bihar","Dhanbad","5.7","Industrial","Residential","8","10","0","0","4.43","6","4","4","6.66","Road","6","4","7","10.22","1","13.33"
"SYN-LA-00972","","Gaya","11.67","Agricultural","Mixed use","8","10","0","0","4.03","4.85","5","9","5.14","Road","16","1","3","9.39","2","13.13"
"SYN-LA-00973","Uttar Pradesh","Muzaffarpur","14.35","Agricultural","Single-crop","4","5","0","1","2.7","3.14","0","4","3.78","Public utility","15","2","5","13.67","1","16.53"
"SYN-LA-00974","Uttar Pradesh","Purnia","18.57","Agricultural","Multi-crop","","4","0","0","11.46","12.01","4","9","8.9","Rail","14","4","9","11.16","1","13.32"
"SYN-LA-00975","Uttar Pradesh","Ranchi","15.43","Commercial","Commercial","8","8","0","0","10.95","12.26","1","3","0.9","Industrial corridor","6","4","4","8.63","1","13.14"
"SYN-LA-00976","Bihar","","20.2","Agricultural","Residential","7","10","1","2","14.74","18.57","8","6","10.68","Road","20","","6","11.39","3","16.47"
"SYN-LA-00977","Bihar","Saran","0.95","Agricultural","Single-crop","7","7","0","1","0.63","0.87","5","5","8.71","Road","3","3","3","7.85","2","11.06"
"SYN-LA-00978","Jharkhand","Begusarai","21.95","Agricultural","Multi-crop","8","10","0","0","6.15","7.72","","8","1.58","Public utility","9","0","3","15.25","1","19.19"
"SYN-LA-00979","Bihar","Muzaffarpur","4.27","Commercial","Single-crop","6","8","0","0","1.54","1.93","7","6","1.35","Industrial corridor","11","2","4","8.93","2","10.36"
"SYN-LA-00980","Jharkhand","Ranchi","18.13","Industrial","Residential","5","","1","0","15.36","20.17","7","9","6.15","Public utility","4","4","9","12.14","1","14.45"
"SYN-LA-00981","Uttar Pradesh","Begusarai","","Industrial","Single-crop","1","0","0","0","5.88","6.51","8","6","7.27","Public utility","20","1","5","10.05","1","12.71"
"SYN-LA-00982","Uttar Pradesh","Gaya","4.1","Residential","Residential","8","9","0","0","2.53","2.63","7","7","10.44","Water management","3","1","6","12.75","1","15.51"
"SYN-LA-00983","Bihar","Saran","15.88","Commercial","Multi-crop","5","6","0","0","5.11","6.81","5","4","3.09","Public utility","16","4","7","13.54","2","15.38"
"SYN-LA-00984","Uttar Pradesh","Patna","","Industrial","Fallow","3","2","0","0","4.41","","","5","7.35","Rail","13","4","8","7.1","1","10.19"
"SYN-LA-00985","Bihar","Bhagalpur","22.39","Agricultural","Commercial","5","7","0","0","8.14","8.35","3","7","0.74","Road","14","2","5","12.74","1","15.65"
"","Bihar","Ranchi","19.34","","Multi-crop","4","4","1","3","11.01","12.71","6","9","6.42","Rail","11","3","9","13.32","1","17.71"
"SYN-LA-00987","Bihar","Begusarai","19.62","Commercial","Residential","2","3","0","0","12.74","16.41","3","9","9.1","Road","10","6","8","","1","8.86"
"SYN-LA-00988","Bihar","Muzaffarpur","24.81","Commercial","Mixed use","1","3","0","0","14.48","16.81","6","7","3.48","Water management","12","3","6","9.13","1","11.47"
"SYN-LA-00989","Uttar Pradesh","Bhagalpur","10.14","Industrial","Commercial","3","5","1","3","6.81","8.56","6","5","9.08","Road","3","4","10","7.53","2","12.73"
"SYN-LA-00990","Jharkhand","","2.23","Industrial","Fallow","8","9","0","0","0.57","0.63","5","9","7.76","Rail","","0","6","14.32","1","16.65"
"SYN-LA-00991","Jharkhand","Ranchi","10.63","Residential","Commercial","1","1","0","1","5.86","6.96","5","6","7.99","Industrial corridor","4","3","9","5.84","0","7.59"
"SYN-LA-00992","Jharkhand","Bhojpur","1.3","Residential","Commercial","1","1","0","0","0.25","0.33","5","5","8.23","Industrial corridor","16","3","8","","1","6.52"
"SYN-LA-00993","Jharkhand","Nalanda","11.77","Residential","Residential","5","5","1","3","6.22","8.34","","5","8.39","Water management","17","2","9","9.86","2","14.34"
"SYN-LA-00994","Uttar Pradesh","","12.34","Industrial","Commercial","1","0","0","0","4.32","5.65","3","8","5.31","Industrial corridor","19","4","9","7.53","0","9.3"
"SYN-LA-00995","Bihar","Saran","14.42","Agricultural","Multi-crop","8","8","0","0","3.39","4.5","3","9","5.01","Industrial corridor","3","3","4","11.7","1","15.71"
"SYN-LA-00996","Bihar","Bhagalpur","6.35","Agricultural","Fallow","8","10","0","0","2.27","2.55","8","9","5.79","Public utility","14","5","7","11.75","2","15.76"
"SYN-LA-00997","Bihar","Patna","8.15","Commercial","Mixed use","1","3","0","0","4.32","5.49","8","10","11.17","Water management","17","2","9","10.82","1","12.25"
"SYN-LA-00998","Bihar","Patna","16.54","Commercial","Residential","1","1","0","0","5.58","7.05","7","3","3.94","Water management","15","","9","6.04","1","7.29"
"SYN-LA-00999","","Muzaffarpur","5.47","Residential","Fallow","6","8","0","0","4.54","4.79","2","10","4.44","Public utility","2","0","6","12.88","1","14.31"
"SYN-LA-01000","Bihar","Muzaffarpur","12","Agricultural","Single-crop","8","8","0","0","6.95","8.39","6","9","9.95","Water management","13","4","5","12.51","2","15.85"
"SYN-LA-01001","Uttar Pradesh","Begusarai","14.32","Commercial","Single-crop","2","3","0","0","","7.89","2","3","3.43","Road","11","2","9","10.67","1","10.13"
"SYN-LA-01002","Uttar Pradesh","Dhanbad","24.41","","Commercial","4","5","0","0","19.89","22.23","5","2","4","Industrial corridor","2","2","5","12.92","1","14.15"
"SYN-LA-01003","Bihar","Gaya","21.53","Forest buffer","Mixed use","1","2","0","0","11.95","15.43","8","2","0.63","Water management","7","5","7","5.75","1","9.32"
"SYN-LA-01004","Uttar Pradesh","","","Residential","Fallow","3","5","0","1","10.94","12.2","4","3","1.87","Rail","6","3","5","11.44","1","14.63"
"SYN-LA-01005","Jharkhand","Bhojpur","5.12","Agricultural","Multi-crop","5","5","0","0","4.36","4.72","6","9","7.04","","6","2","8","13.58","1","13.81"
"SYN-LA-01006","Bihar","Begusarai","18.98","Residential","Residential","2","2","0","0","11.18","13.26","4","10","1.82","Road","8","5","9","10.94","0","14.09"
"SYN-LA-01007","Jharkhand","Gaya","11.17","Commercial","Residential","5","7","0","0","","13.52","3","5","1.94","Road","13","8","9","13.09","1","17.09"
"SYN-LA-01008","Bihar","Bhagalpur","1.9","Agricultural","Commercial","8","10","0","0","","1.5","5","7","7.01","Industrial corridor","3","3","6","8","1","11"
"SYN-LA-01009","Uttar Pradesh","Dhanbad","22.8","Commercial","Fallow","3","3","0","0","17.43","24.36","4","6","11.18","Road","10","4","6","12","1","13.28"
"SYN-LA-01010","Bihar","Patna","2.36","","Mixed use","1","1","0","0","0.95","1.27","7","9","7.09","Public utility","","3","8","7.46","1","8.27"
"SYN-LA-01011","Uttar Pradesh","Muzaffarpur","23.03","Commercial","Mixed use","","10","0","","20.21","22.95","1","8","6.58","Water management","14","2","6","10.08","1","11.28"
"SYN-LA-01012","Jharkhand","Muzaffarpur","11.61","Commercial","Residential","4","4","0","0","7.66","9.56","2","9","10.54","Public utility","","1","5","6.67","0","8.08"
"SYN-LA-01013","Jharkhand","Ranchi","1.02","Industrial","Fallow","5","5","0","0","0.47","0.62","1","7","11.46","Road","15","1","10","5.79","0","6.77"
"SYN-LA-01014","Bihar","Vaishali","22.02","Forest buffer","Fallow","2","2","0","0","18.23","23.62","6","6","","Water management","16","2","7","11.1","1","11.77"
"SYN-LA-01015","Bihar","Muzaffarpur","20.1","Industrial","Single-crop","3","3","0","0","5.17","","5","9","8.75","Road","15","4","7","9.01","1","11.12"
"SYN-LA-01016","Bihar","","7.12","Agricultural","Mixed use","","3","1","0","","6.87","","4","","Road","16","4","9","10.5","1","12.81"
"SYN-LA-01017","Jharkhand","Nalanda","7.47","Forest buffer","Residential","1","3","0","0","","4.84","10","4","2.53","Water management","7","0","6","4.77","1","6.78"
"SYN-LA-01018","Uttar Pradesh","Ranchi","1.09","Agricultural","Multi-crop","7","7","0","0","0.31","0.33","4","10","7.06","Public utility","9","5","6","11.8","1","15.92"
"SYN-LA-01019","Bihar","Purnia","12.29","Agricultural","Mixed use","1","1","0","0","8.5","11.52","5","9","","Water management","15","3","7","8.06","1","9.9"
"SYN-LA-01020","Jharkhand","","23.95","Residential","Single-crop","1","2","0","0","13.5","18.6","9","6","8.47","Water management","6","3","9","6.22","1","6"
"SYN-LA-01021","Uttar Pradesh","Muzaffarpur","16.1","Industrial","Single-crop","7","8","0","1","8.62","9.13","7","7","0.76","Industrial corridor","8","0","8","9.03","1","10.53"
"SYN-LA-01022","Jharkhand","Vaishali","0.9","Residential","Single-crop","8","10","0","0","0.57","0.65","3","4","5.48","Public utility","7","","3","13.02","2","17.43"
"SYN-LA-01023","Uttar Pradesh","Nalanda","20.58","Industrial","Mixed use","8","9","","0","9.37","12.04","2","4","10.7","Rail","3","4","4","12.16","2","14.84"
"SYN-LA-01024","Uttar Pradesh","Purnia","18.94","Forest buffer","Multi-crop","2","1","1","","11.88","14.08","9","2","11.49","Water management","4","3","9","13.38","2","16.86"
"SYN-LA-01025","Uttar Pradesh","Nalanda","20.1","Commercial","Single-crop","4","5","0","0","10.24","12.64","2","6","8.71","Road","19","1","10","6.83","1","8.49"
"SYN-LA-01026","Uttar Pradesh","Muzaffarpur","0.81","Industrial","Residential","7","7","0","","0.54","0.58","7","8","1.13","Water management","13","5","3","7.81","2","10.58"
"SYN-LA-01027","Uttar Pradesh","Nalanda","21.25","Industrial","Commercial","5","5","0","0","8.18","10.76","7","5","1.09","Water management","8","3","7","13.25","1","15.54"
"SYN-LA-01028","Bihar","Patna","15.34","Commercial","Fallow","4","5","0","0","10.61","11.12","4","7","11.64","Industrial corridor","6","2","8","9.28","1","9.56"
"SYN-LA-01029","Uttar Pradesh","Vaishali","20.13","Residential","Mixed use","3","2","0","","17.71","18.61","8","5","4.08","Industrial corridor","17","2","5","7.33","1","11.07"
"SYN-LA-01030","Uttar Pradesh","Bhojpur","5.14","Residential","Mixed use","7","8","0","0","1.28","1.72","5","7","5.96","Industrial corridor","15","2","7","13.66","1","16.21"
"SYN-LA-01031","Bihar","Patna","0.81","Forest buffer","Residential","3","","1","2","0.25","0.31","4","4","10.8","Road","3","8","8","","2","13.83"
"SYN-LA-01032","Bihar","Purnia","10.91","Agricultural","","3","2","0","0","5.66","7.47","3","3","2.8","Water management","8","5","","6.72","1","10.47"
"SYN-LA-01033","Jharkhand","Muzaffarpur","9.1","Residential","Residential","7","7","1","2","4.53","4.64","3","7","2.83","Public utility","4","1","7","10.55","1","16.22"
"SYN-LA-01034","Uttar Pradesh","Saran","10.13","Industrial","Single-crop","4","5","0","0","3.83","4.4","1","6","11.8","Public utility","18","5","7","12.05","1","13.97"
"SYN-LA-01035","Uttar Pradesh","Vaishali","16.06","Residential","Multi-crop","8","9","0","0","3.46","3.91","8","7","5.37","Water management","15","4","7","10.39","2","11.36"
"SYN-LA-01036","Bihar","Bhojpur","7.96","Agricultural","Mixed use","6","","0","0","3.36","4.58","5","8","10.59","Rail","19","1","4","10.77","2","12.69"
"SYN-LA-01037","Jharkhand","Bhojpur","8.52","Commercial","Multi-crop","6","7","0","","3.73","5.13","1","6","9.19","Rail","6","3","4","13.09","2","17.14"
"","Bihar","Ranchi","23.32","Residential","Mixed use","4","6","0","0","16.68","21.08","1","6","8.63","Road","16","3","9","5.64","1","5.86"
"SYN-LA-01039","Bihar","Bhagalpur","14.6","Forest buffer","Commercial","1","1","0","0","3.96","4.04","3","1","9.56","Industrial corridor","12","1","8","10.17","1","11.41"
"SYN-LA-01040","Jharkhand","Purnia","21.87","Commercial","Mixed use","5","6","1","4","13.7","17.51","3","6","1.73","Rail","10","2","8","11.53","2","18.63"
"SYN-LA-01041","Uttar Pradesh","Bhojpur","23.42","Residential","Commercial","8","10","0","0","16.44","20.28","8","7","4.13","Road","9","1","7","11","1","13.32"
"SYN-LA-01042","Bihar","Patna","19.42","Residential","Multi-crop","5","7","1","2","11.59","14.45","1","9","3.12","Water management","","3","5","11.47","2","16.25"
"SYN-LA-01043","Bihar","Bhojpur","24.24","Residential","Commercial","5","5","0","0","","12.71","3","8","6.09","Road","6","2","7","6.64","1","7.45"
"SYN-LA-01044","Jharkhand","Bhojpur","3.6","Commercial","Fallow","6","7","0","0","1.08","1.28","4","9","11.4","Rail","","","5","12.84","1","16.09"
"SYN-LA-01045","Jharkhand","Dhanbad","7.27","Agricultural","Commercial","8","10","0","0","4.75","5.53","1","4","7.18","Road","16","4","3","14.59","2","18.42"
"SYN-LA-01046","Uttar Pradesh","Bhojpur","12.85","Agricultural","Single-crop","1","1","0","0","3.84","5.18","4","4","","Industrial corridor","18","2","10","4.54","0","5.53"
"SYN-LA-01047","Bihar","Gaya","18.93","","Commercial","4","6","0","0","13.78","18.78","3","4","10.07","Industrial corridor","3","1","8","6.74","1","6.84"
"SYN-LA-01048","Bihar","Purnia","4.59","Residential","Commercial","","2","0","0","3.34","4.31","3","6","11.11","Public utility","13","2","6","8.05","1","10.37"
"SYN-LA-01049","Uttar Pradesh","Purnia","6.45","Industrial","Commercial","7","7","0","0","1.43","1.5","0","6","9.04","Road","10","0","","12.31","1","13.81"
"SYN-LA-01050","Jharkhand","Begusarai","22.2","Agricultural","Residential","8","7","1","4","16.17","18.99","3","4","4.77","Water management","17","","7","18.89","3","24.73"
"SYN-LA-01051","Bihar","Begusarai","9.16","Agricultural","Mixed use","2","2","0","0","7.16","9.91","3","7","4.35","Road","2","1","9","9.28","0","9.05"
"SYN-LA-01052","Bihar","Ranchi","23.56","Forest buffer","Commercial","5","7","0","1","8.69","11.53","9","7","2.44","Water management","14","4","8","9.76","1","12.4"
"SYN-LA-01053","Bihar","Nalanda","6.82","Agricultural","Residential","6","8","0","0","3.24","4.33","7","4","7.88","Rail","4","3","6","12.94","2","16.53"
"SYN-LA-01054","Uttar Pradesh","Purnia","21.97","Agricultural","Single-crop","5","","1","1","14.01","","0","7","10.38","Public utility","14","4","7","11.5","1","14.55"
"SYN-LA-01055","Uttar Pradesh","Bhojpur","15.33","Forest buffer","Commercial","5","5","0","1","11.5","13.74","4","6","11.87","Road","14","4","5","12.41","2","16.13"
"SYN-LA-01056","Jharkhand","Dhanbad","20.72","Residential","Fallow","1","2","1","0","13.6","16.81","1","8","9.11","Water management","10","2","8","7.43","1","9.07"
"SYN-LA-01057","","Bhagalpur","2.98","Forest buffer","Single-crop","8","8","1","4","0.8","0.86","10","5","0.9","Water management","15","5","4","11.74","3","18.71"
"SYN-LA-01058","Jharkhand","Gaya","7.83","Residential","Mixed use","3","5","0","0","3.43","4.62","7","8","","Industrial corridor","6","0","","12.2","1","12.43"
"SYN-LA-01059","Uttar Pradesh","Purnia","24.34","Residential","Residential","6","6","0","0","11.32","12.78","2","8","8.38","Water management","14","3","5","8.24","1","11.71"
"SYN-LA-01060","Bihar","Bhojpur","10.98","Commercial","Fallow","8","9","0","0","8.98","10.58","4","10","2.87","Public utility","4","1","3","13.18","1","15.74"
"SYN-LA-01061","Bihar","Bhagalpur","18.47","Residential","Residential","8","8","1","4","9.23","11.04","8","5","1.92","Rail","14","4","6","12.23","3","18.96"
"SYN-LA-01062","Bihar","Bhagalpur","16.76","Industrial","Mixed use","5","6","0","0","14.09","19.18","2","9","3.73","Public utility","17","4","9","7.94","1","8.12"
"SYN-LA-01063","","Muzaffarpur","11.4","Agricultural","Residential","4","4","","4","8.12","11.17","1","7","5.49","Public utility","11","5","6","15.49","2","23.13"
"SYN-LA-01064","Uttar Pradesh","Begusarai","7.72","Industrial","","3","","0","0","","2.04","5","9","","Road","3","0","6","5.92","0","6.65"
"SYN-LA-01065","Uttar Pradesh","Patna","4.54","Forest buffer","Commercial","4","4","1","4","2.04","2.28","9","4","2.54","Rail","3","","8","15.93","3","23.94"
"","Jharkhand","Vaishali","22.26","Industrial","Fallow","2","2","0","1","19.17","20.19","2","5","","Road","5","1","9","10.77","0","13.24"
"","Bihar","Bhagalpur","","","Single-crop","6","7","1","3","5.3","","7","9","1.48","Water management","5","3","7","16.85","2","21.4"
"SYN-LA-01068","Jharkhand","Begusarai","6.9","Residential","Single-crop","4","3","1","2","5.24","5.5","3","9","0.88","Public utility","18","3","9","11.21","1","16.41"
"SYN-LA-01069","Uttar Pradesh","Ranchi","11.26","","Multi-crop","1","0","1","2","9.71","13.48","3","10","1.75","","14","","8","12.96","1","16.17"
"SYN-LA-01070","Uttar Pradesh","Muzaffarpur","18.32","Forest buffer","Single-crop","7","7","0","0","10.21","12.2","5","2","4.89","Rail","18","4","7","10.09","2","11.42"
"SYN-LA-01071","Jharkhand","Purnia","20.11","Residential","Single-crop","8","10","0","1","8.3","10.77","6","9","3.82","Rail","5","3","6","15.58","2","17.37"
"SYN-LA-01072","Bihar","Begusarai","13.17","Commercial","Mixed use","3","4","0","0","7.59","8.19","6","4","0.13","Industrial corridor","17","4","10","10.82","1","12.46"
"SYN-LA-01073","Bihar","Nalanda","14.12","Agricultural","Mixed use","6","8","1","4","","13.6","","8","3.51","Public utility","9","3","5","11.06","2","17.56"
"SYN-LA-01074","Uttar Pradesh","Begusarai","6.39","Industrial","Single-crop","6","7","1","4","","5.71","3","","7.18","Road","19","1","4","13.01","3","18.75"
"SYN-LA-01075","Bihar","Saran","16.71","Industrial","Fallow","6","7","1","0","5.79","5.96","6","9","6.78","Public utility","9","3","6","9.51","1","11.77"
"SYN-LA-01076","Uttar Pradesh","Vaishali","19.26","Forest buffer","Single-crop","4","5","0","0","13.82","15.59","8","6","9.66","Rail","12","4","7","12.95","1","15.67"
"SYN-LA-01077","Uttar Pradesh","Saran","19.79","Agricultural","Multi-crop","8","8","1","0","11.39","","","7","5.17","Public utility","18","1","6","11.03","1","14.6"
"SYN-LA-01078","Uttar Pradesh","","17.51","Commercial","","4","3","1","2","14.25","17.37","6","9","10.38","Road","2","1","8","14.17","1","18.27"
"SYN-LA-01079","Bihar","Purnia","24.26","Industrial","Commercial","5","6","0","0","9.35","12.36","1","7","2.18","Rail","8","4","8","13.07","1","13.97"
"SYN-LA-01080","Bihar","Muzaffarpur","1.01","Agricultural","Mixed use","3","2","","0","0.61","0.83","6","9","10.11","Rail","8","1","9","6.24","0","6.88"
"SYN-LA-01081","Uttar Pradesh","Bhojpur","15.61","Residential","Commercial","5","6","0","0","8.37","8.62","5","7","2.13","Public utility","15","2","5","10.79","1","14.6"
"SYN-LA-01082","Jharkhand","Vaishali","17.16","Forest buffer","Fallow","4","5","0","1","","8.03","8","2","7.53","","20","1","6","10.01","2","11.75"
"SYN-LA-01083","Bihar","Bhagalpur","1.71","Forest buffer","Residential","1","1","1","4","1.06","1.33","","3","8.62","Rail","16","2","9","12.6","2","17.98"
"SYN-LA-01084","Uttar Pradesh","Saran","20.54","Commercial","","6","6","0","0","8.9","10.69","6","5","1.17","Road","20","5","5","7.98","2","10.85"
"SYN-LA-01085","Bihar","Gaya","11.54","Industrial","Single-crop","1","0","0","0","4.63","6.17","5","9","1.81","Water management","11","3","6","9.04","0","10.35"
"SYN-LA-01086","Uttar Pradesh","Vaishali","6.2","Forest buffer","Mixed use","2","2","0","0","","","8","6","3.01","Rail","","3","9","5.46","0","6.68"
"SYN-LA-01087","Uttar Pradesh","Purnia","3.05","Agricultural","Commercial","","9","0","0","2.48","2.85","5","10","11.17","Road","5","0","4","12","1","12.98"
"SYN-LA-01088","Uttar Pradesh","Bhojpur","4.18","Commercial","","6","7","0","0","2.96","3.68","1","6","0.11","Industrial corridor","11","0","5","13.82","1","14.4"
"SYN-LA-01089","Bihar","Saran","17.3","Residential","Residential","6","8","0","1","3.93","4.18","8","8","6.25","Water management","8","1","7","13.31","1","15.69"
"SYN-LA-01090","Bihar","Nalanda","8.46","Residential","Residential","1","1","0","0","5.85","","4","6","7.49","Public utility","18","5","7","8.38","1","9.61"
"","Uttar Pradesh","Purnia","0.91","Commercial","Fallow","2","2","1","0","0.54","0.71","4","9","6.87","Rail","3","4","7","7.27","1","10.34"
"SYN-LA-01092","Uttar Pradesh","Patna","1.26","Commercial","Mixed use","8","8","0","","0.5","0.59","1","","5.62","Public utility","15","0","4","9.32","1","12.03"
"SYN-LA-01093","Jharkhand","Patna","21.92","Industrial","Residential","1","3","1","1","19.22","20.38","5","8","10.27","Water management","13","2","9","5.81","1","7.49"
"SYN-LA-01094","Uttar Pradesh","Muzaffarpur","3.98","Agricultural","Fallow","","6","0","0","2.21","2.89","7","7","3.53","Rail","7","","7","14.13","1","16.64"
"SYN-LA-01095","Bihar","Dhanbad","20.57","Agricultural","","3","3","0","1","16.95","22.97","1","7","6.22","","3","","10","9.54","0","11.08"
"SYN-LA-01096","Jharkhand","Bhojpur","18.59","Residential","Mixed use","7","8","0","0","3.46","4.65","1","9","1.38","Road","10","2","8","9.71","1","9.7"
"SYN-LA-01097","Bihar","Dhanbad","24.33","Agricultural","","5","6","1","0","5.28","5.82","3","6","4.78","Water management","20","0","7","10.43","1","13.66"
"SYN-LA-01098","Jharkhand","Begusarai","","Commercial","","1","1","0","0","12.65","16.82","5","6","","Public utility","18","1","5","9.51","1","11.07"
"SYN-LA-01099","Jharkhand","Purnia","18.79","Industrial","Single-crop","1","0","1","2","13.13","16.26","0","10","","Public utility","2","1","8","11.97","1","16.66"
"SYN-LA-01100","Uttar Pradesh","Bhagalpur","6.93","Agricultural","Commercial","3","4","0","0","5.43","6.89","4","8","4.72","Industrial corridor","","1","6","4.87","1","7.95"
"SYN-LA-01101","Bihar","Bhojpur","24.61","Commercial","Multi-crop","7","8","0","0","9.31","11.23","4","10","1.95","Public utility","9","1","5","12.42","1","15.32"
"SYN-LA-01102","Bihar","Begusarai","7.72","Agricultural","Commercial","3","3","","0","5.34","6.56","2","7","6.11","Rail","19","6","7","9.45","1","12.92"
"SYN-LA-01103","","Purnia","13.35","Agricultural","Single-crop","5","7","0","0","3.84","4.7","6","10","9.99","Public utility","12","2","8","12.39","1","14.8"
"SYN-LA-01104","Uttar Pradesh","Nalanda","1.49","Industrial","Mixed use","4","","0","0","0.45","0.58","7","7","0.96","Industrial corridor","15","2","","7.07","1","8.5"
"SYN-LA-01105","Jharkhand","Nalanda","12.67","","Single-crop","5","5","0","0","4.54","5.19","2","","5.95","Industrial corridor","18","4","6","12.21","1","14.11"
"SYN-LA-01106","Uttar Pradesh","Vaishali","16.42","Agricultural","Commercial","7","8","0","0","11.12","13.5","4","6","7.71","Industrial corridor","17","2","6","11.24","2","12.23"
"","Jharkhand","Patna","6.58","Forest buffer","Mixed use","","","0","0","3.9","4.66","8","3","3.74","Rail","11","4","4","13.05","2","15.25"
"SYN-LA-01108","Uttar Pradesh","","13.09","Forest buffer","","5","6","1","2","8.29","11.32","4","7","2.67","Water management","10","3","8","15.39","1","19.28"
"SYN-LA-01109","Uttar Pradesh","Nalanda","21.22","Commercial","Multi-crop","8","10","0","","4.88","5.34","6","7","11.81","Road","4","2","7","8.58","1","10.59"
"SYN-LA-01110","Uttar Pradesh","Nalanda","9.2","Commercial","Residential","1","0","0","1","5.73","6.17","5","3","1.47","Public utility","12","5","7","11.44","1","15.22"
"SYN-LA-01111","Uttar Pradesh","Vaishali","2.94","Residential","Mixed use","8","9","0","1","1.78","2.29","4","4","7.38","Rail","6","4","5","","2","19.37"
"SYN-LA-01112","Bihar","Vaishali","22.53","Forest buffer","Multi-crop","2","1","1","4","13.1","16.8","3","6","8.5","Road","13","3","5","","2","18.52"
"SYN-LA-01113","Uttar Pradesh","Gaya","1.38","Forest buffer","Residential","8","10","0","0","0.95","1.12","9","3","10.35","Industrial corridor","4","2","3","14.83","3","19"
"SYN-LA-01114","Bihar","Ranchi","4.04","Commercial","Multi-crop","8","9","1","1","","3.15","2","6","0.27","","18","1","6","10.59","2","14.6"
"SYN-LA-01115","Jharkhand","Purnia","15.09","Residential","Residential","4","5","0","0","10.75","12.42","1","5","1.79","Water management","18","0","8","7.9","1","9.57"
"SYN-LA-01116","Jharkhand","Patna","1.62","Agricultural","","4","4","0","0","1.17","1.51","8","9","10.87","Road","15","1","7","11.01","1","13.08"
"SYN-LA-01117","Jharkhand","Begusarai","11.48","Residential","Multi-crop","7","8","0","1","8.69","8.91","1","6","3.65","Road","13","2","5","10.92","1","13.07"
"","Jharkhand","Nalanda","8.23","Commercial","Mixed use","7","9","0","0","6.96","7.28","0","5","3.83","Rail","3","3","6","12.35","1","14.02"
"SYN-LA-01119","Jharkhand","Dhanbad","7.42","Industrial","Residential","3","5","0","1","2.18","2.25","8","4","5.44","Water management","20","1","6","6.39","1","8.79"
"SYN-LA-01120","Uttar Pradesh","","","Residential","Fallow","1","2","","1","2.4","2.86","1","7","0.94","Road","4","4","6","5.47","1","10.04"
"SYN-LA-01121","Uttar Pradesh","Nalanda","5.37","Residential","Single-crop","1","2","1","1","4.43","5.02","4","10","2.72","Rail","6","5","7","7.68","1","12.92"
"SYN-LA-01122","Bihar","Purnia","0.81","Residential","Single-crop","1","3","0","","0.7","0.82","2","7","0.91","Road","18","3","6","9.92","1","12.7"
"SYN-LA-01123","Bihar","Muzaffarpur","22.35","Industrial","Commercial","7","6","0","0","14.6","15.12","1","3","0.74","Water management","18","4","4","8.68","1","12.65"
"SYN-LA-01124","Bihar","Purnia","20.25","Agricultural","Mixed use","2","2","1","4","7.43","7.63","5","5","6.47","Industrial corridor","7","1","5","9.27","2","14.36"
"SYN-LA-01125","Jharkhand","Ranchi","13.3","Industrial","Mixed use","7","7","0","0","2.45","3.21","1","8","6.35","Road","6","0","4","8.92","1","12.49"
"SYN-LA-01126","Bihar","Vaishali","21.14","Commercial","","7","8","1","3","12.77","17.05","5","8","","Public utility","5","4","7","11.9","2","17.28"
"SYN-LA-01127","Bihar","Patna","15.03","Agricultural","Single-crop","1","2","0","0","11.37","14.53","9","5","9.88","Water management","6","1","","","1","6.77"
"SYN-LA-01128","Bihar","Bhagalpur","19.22","Forest buffer","Fallow","3","2","","1","8.08","10.96","7","7","8.8","Water management","12","1","9","7.17","1","7.38"
"SYN-LA-01129","Uttar Pradesh","Begusarai","13.9","Agricultural","Fallow","4","5","0","0","11.25","12.6","7","9","10.42","Public utility","19","5","6","12.26","2","13.93"
"SYN-LA-01130","Jharkhand","Purnia","17.66","Commercial","Commercial","4","5","1","2","7.88","9.46","0","4","3.61","","17","5","8","11.5","2","17.53"
"SYN-LA-01131","Uttar Pradesh","Bhojpur","16.79","Forest buffer","Single-crop","1","","0","0","13","17.18","3","4","5.2","Industrial corridor","9","2","9","3.77","0","5.04"
"SYN-LA-01132","Jharkhand","Patna","7.8","","Residential","6","","0","0","5.85","7.73","4","4","8.57","Industrial corridor","9","3","","6.53","1","8.81"
"SYN-LA-01133","Uttar Pradesh","Begusarai","11.82","Forest buffer","Mixed use","5","5","0","0","6.77","8.64","8","6","4.73","Water management","4","4","8","9.85","1","11.48"
"SYN-LA-01134","Uttar Pradesh","Begusarai","12.29","Industrial","Residential","1","0","0","1","7.53","9.01","2","6","7.76","Road","9","7","8","4.72","0","7.3"
"SYN-LA-01135","Bihar","Bhojpur","19.74","Industrial","Fallow","6","8","0","0","11.03","15","7","8","2.49","Water management","13","2","7","13.47","1","15.61"
"SYN-LA-01136","Bihar","Ranchi","8.39","Commercial","Single-crop","7","9","0","","5.62","7.25","3","4","8.39","Water management","15","1","8","8.07","1","8.92"
"SYN-LA-01137","Jharkhand","Vaishali","19.04","Commercial","Multi-crop","3","3","1","2","11.4","14.09","1","6","0.75","Public utility","12","2","9","10.51","1","13.73"
"SYN-LA-01138","Bihar","Vaishali","4.71","Commercial","Mixed use","7","7","0","0","2.22","3","4","9","12.09","Water management","8","3","7","","1","11.28"
"SYN-LA-01139","Jharkhand","Bhagalpur","21.55","Residential","Commercial","5","7","0","1","14.88","","8","10","4.25","Road","4","0","6","14.37","1","16.76"
"SYN-LA-01140","Jharkhand","Nalanda","14.05","Forest buffer","Multi-crop","1","2","0","0","10.61","14.24","10","2","8.22","Road","12","1","7","5.77","1","7.9"
"SYN-LA-01141","Uttar Pradesh","Vaishali","6.67","","Mixed use","8","10","0","1","3.39","4.05","1","6","5.19","Public utility","3","2","7","","1","17.57"
"SYN-LA-01142","Bihar","Muzaffarpur","14.46","Forest buffer","Residential","1","0","0","0","10.76","13.35","4","7","6.15","","15","3","9","11.08","1","13.58"
"SYN-LA-01143","Uttar Pradesh","Gaya","22.05","Forest buffer","Residential","7","7","0","0","12.98","17.89","3","7","3.16","Road","4","4","7","9.11","1","12.43"
"SYN-LA-01144","Jharkhand","Bhojpur","6.49","Residential","Mixed use","6","6","1","1","5.1","7.09","1","6","3.58","Public utility","9","4","4","8.42","2","14.77"
"SYN-LA-01145","Bihar","Bhojpur","21.3","Agricultural","Fallow","5","5","0","0","6.21","8.07","1","6","0.94","Road","9","2","6","7.96","1","9.44"
"SYN-LA-01146","Uttar Pradesh","Ranchi","11.89","Industrial","Single-crop","2","4","0","0","6.72","9.06","6","7","4.85","Rail","16","3","8","12.03","1","12.79"
"SYN-LA-01147","Bihar","Bhagalpur","11.31","Forest buffer","","2","4","0","0","2.91","3.54","5","7","6.92","Water management","2","1","6","9.52","1","11.51"
"SYN-LA-01148","Uttar Pradesh","Purnia","15.89","Forest buffer","Multi-crop","6","","0","1","11.56","14.33","","3","4.19","Road","7","2","3","10.74","1","14.24"
"SYN-LA-01149","Jharkhand","Dhanbad","12.42","","Commercial","5","7","0","0","5.28","6.03","","6","0.13","Industrial corridor","5","2","9","","1","12.04"
"SYN-LA-01150","","Begusarai","2.86","","Mixed use","1","2","0","0","1.1","1.54","4","10","1.27","Road","13","4","10","4.82","0","6.33"
"SYN-LA-01151","Bihar","Ranchi","19.23","Industrial","Commercial","5","5","0","0","9.94","11.27","3","3","0.72","Water management","6","2","","9.59","1","10.28"
"SYN-LA-01152","Bihar","Muzaffarpur","6.44","Industrial","Multi-crop","7","10","0","0","2.72","3.41","1","5","9.5","Industrial corridor","20","1","","12.47","1","13.36"
"SYN-LA-01153","Uttar Pradesh","Dhanbad","12.73","Commercial","Mixed use","3","3","0","0","5.16","6.55","1","6","8.97","Rail","15","4","8","8.37","1","10.96"
"SYN-LA-01154","Bihar","Patna","6.08","Commercial","Residential","5","7","0","0","5.29","5.53","7","8","11.96","Road","4","6","7","11.56","2","13.17"
"SYN-LA-01155","Bihar","Gaya","12.16","Commercial","Residential","3","5","0","0","3.04","3.3","4","9","6.39","Road","9","5","9","8.35","1","8.85"
"SYN-LA-01156","Uttar Pradesh","Ranchi","7.11","","Mixed use","","4","0","","6.05","8.12","","6","0.42","Rail","10","1","7","11.63","1","13.76"
"SYN-LA-01157","Uttar Pradesh","Gaya","12.12","Industrial","Single-crop","5","7","1","2","3.4","4.31","5","9","11.1","Water management","8","1","8","","2","19.89"
"SYN-LA-01158","Bihar","Bhagalpur","6.48","Industrial","Single-crop","2","4","1","0","4.93","6.71","2","6","12.04","Road","6","0","8","5.4","1","8.63"
"SYN-LA-01159","Uttar Pradesh","Saran","9.11","Commercial","Single-crop","5","7","0","0","4.98","5.41","4","9","4.56","Public utility","","5","5","9.22","2","12.74"
"SYN-LA-01160","Uttar Pradesh","Begusarai","17.45","Forest buffer","Fallow","","6","0","0","3.18","3.38","5","2","9.85","Water management","17","2","","8.16","1","10.7"
"SYN-LA-01161","Bihar","Patna","9.83","Agricultural","Mixed use","4","6","0","","","9.44","7","9","7.05","Industrial corridor","14","3","7","6.12","1","8.69"
"SYN-LA-01162","Uttar Pradesh","Purnia","22.7","Agricultural","Single-crop","4","4","1","4","6.45","8.22","4","4","3.67","Rail","17","0","","10.94","2","18.4"
"SYN-LA-01163","Uttar Pradesh","Nalanda","21.49","Agricultural","Fallow","7","9","","0","13.75","18.14","3","6","4.96","Road","2","3","5","7.58","1","9.93"
"SYN-LA-01164","Jharkhand","Bhagalpur","23.25","Industrial","Multi-crop","2","2","","1","10.27","14.04","2","6","1.28","Road","5","1","8","5.59","0","8.74"
"SYN-LA-01165","Bihar","Vaishali","9.14","Forest buffer","Residential","6","6","1","4","7.05","8.96","2","2","6.66","Public utility","8","3","4","","3","24.95"
"SYN-LA-01166","Uttar Pradesh","Muzaffarpur","21.41","Residential","Commercial","2","3","0","0","17.84","22.56","5","8","9.21","Rail","2","6","9","10.58","1","13.98"
"SYN-LA-01167","Bihar","Patna","7.54","Forest buffer","Residential","5","7","","0","5.73","6.65","","","0.98","Industrial corridor","9","1","9","6.17","1","6.67"
"SYN-LA-01168","Bihar","Dhanbad","","Forest buffer","Single-crop","2","3","0","0","2.4","2.64","5","5","8.04","Rail","2","1","10","10.88","1","11.22"
"SYN-LA-01169","Jharkhand","Bhojpur","15.44","Agricultural","Commercial","2","2","0","0","4.83","5.71","1","6","5.91","Rail","","4","","8.73","0","11.78"
"SYN-LA-01170","Jharkhand","Bhojpur","22.15","Forest buffer","Residential","2","2","0","0","19.13","21.13","4","6","10.65","Road","10","6","6","10.9","1","14.92"
"SYN-LA-01171","Uttar Pradesh","Dhanbad","14.08","Commercial","Multi-crop","2","2","0","0","9.24","10.89","7","7","3.79","Water management","3","1","6","5.58","0","8.45"
"SYN-LA-01172","Bihar","Dhanbad","4.59","Agricultural","Multi-crop","1","2","0","0","1.22","1.43","","4","4.57","Water management","4","1","6","6.43","1","7.2"
"SYN-LA-01173","Bihar","Saran","","Agricultural","Residential","6","8","0","0","3.07","3.98","5","4","7.09","Industrial corridor","11","1","5","9.85","1","11.14"
"SYN-LA-01174","Bihar","Ranchi","16.33","Residential","","1","3","0","0","12.44","12.89","6","9","4.52","Water management","7","0","7","5.06","0","6.61"
"SYN-LA-01175","Jharkhand","Dhanbad","6.87","Industrial","Multi-crop","3","4","0","0","5.87","6.88","8","6","6.18","Industrial corridor","16","1","","9.66","1","11.12"
"SYN-LA-01176","Uttar Pradesh","Nalanda","19.14","Residential","Single-crop","6","8","0","0","13.52","","0","","4.08","Industrial corridor","","1","4","8.86","1","12.01"
"SYN-LA-01177","Uttar Pradesh","Muzaffarpur","6.25","Residential","Mixed use","7","7","0","0","4.49","4.88","3","5","11.82","Public utility","17","4","7","7.95","1","10.6"
"SYN-LA-01178","Jharkhand","Patna","8.1","Residential","Fallow","3","3","1","4","1.57","2.19","6","","8.07","Industrial corridor","14","5","10","13.64","2","20.94"
"SYN-LA-01179","Uttar Pradesh","Muzaffarpur","10.22","Forest buffer","Multi-crop","1","2","","2","6.67","7.49","3","","5.27","Public utility","13","1","10","6.6","1","9.22"
"SYN-LA-01180","Uttar Pradesh","Gaya","5.44","Industrial","Commercial","7","7","0","0","4.76","5.49","4","6","4.25","Rail","12","6","6","10.38","2","14.65"
"SYN-LA-01181","Jharkhand","Muzaffarpur","20.55","Residential","Single-crop","3","4","0","0","4.54","5.67","6","8","3.72","Public utility","20","1","6","5.76","1","7.5"
"SYN-LA-01182","","Gaya","6.13","Industrial","","4","6","0","0","2.05","2.27","1","4","11.68","Rail","18","1","6","7.47","1","8.87"
"SYN-LA-01183","Jharkhand","Begusarai","20.57","Residential","Single-crop","7","7","0","0","5.72","7.97","3","","0.23","Public utility","4","1","7","13.14","1","13.24"
"SYN-LA-01184","Uttar Pradesh","Gaya","23.72","Agricultural","Residential","4","5","1","2","20.65","21.43","6","4","5.13","Public utility","12","3","7","8.19","2","11.57"
"SYN-LA-01185","Uttar Pradesh","Nalanda","18.76","Residential","Mixed use","2","1","1","","15.53","18.04","4","4","0.35","Public utility","7","1","8","10.33","1","14.8"
"SYN-LA-01186","Uttar Pradesh","Bhojpur","20.13","Industrial","Multi-crop","3","4","0","1","8.69","11.51","7","5","7.45","Water management","5","3","8","7.33","1","10.42"
"SYN-LA-01187","Bihar","Ranchi","12.24","Agricultural","Single-crop","6","6","0","0","10.47","13.07","0","9","4.35","Industrial corridor","7","4","4","12","1","16.27"
"SYN-LA-01188","Bihar","Bhojpur","23.88","Forest buffer","Commercial","5","6","0","1","10.68","12.33","5","8","2.94","Industrial corridor","17","","6","9.47","1","11.43"
"SYN-LA-01189","Uttar Pradesh","Dhanbad","","Industrial","Residential","1","2","0","0","0.8","0.94","1","8","5.14","Public utility","3","3","5","4.92","0","7.05"
"SYN-LA-01190","Uttar Pradesh","Patna","24.15","Commercial","Commercial","3","","0","0","18.56","","2","8","10.98","Industrial corridor","2","3","5","","1","11.19"
"SYN-LA-01191","Bihar","Saran","20.53","Commercial","Fallow","3","5","0","0","17.53","23.22","6","8","","Water management","14","3","5","5.01","1","8.82"
"SYN-LA-01192","Uttar Pradesh","Purnia","4.84","Forest buffer","Mixed use","1","2","0","0","1.03","1.33","3","7","9.96","Road","3","4","7","10.45","1","12.59"
"","Bihar","Saran","18.8","Industrial","Mixed use","8","10","1","2","9.42","12.16","1","7","4.95","Industrial corridor","12","2","5","12.24","2","18.52"
"SYN-LA-01194","Jharkhand","Purnia","0.89","Commercial","Residential","3","5","1","0","0.37","0.47","","6","","Industrial corridor","18","5","6","7.86","2","13.55"
"SYN-LA-01195","Uttar Pradesh","Dhanbad","3.02","Commercial","Residential","4","6","0","0","1.56","2.12","2","7","4.4","Rail","10","5","5","12.52","1","16.88"
"SYN-LA-01196","Uttar Pradesh","Bhagalpur","8.43","Residential","","3","2","0","0","4.83","6.21","5","7","10.18","Water management","9","1","8","6.94","1","7.76"
"SYN-LA-01197","Uttar Pradesh","Nalanda","4.76","Commercial","Multi-crop","3","5","0","0","3.96","4.84","6","3","6.06","Industrial corridor","9","5","6","5.79","1","7.99"
"SYN-LA-01198","Jharkhand","Vaishali","17.28","Commercial","Mixed use","","3","0","0","13.5","15.93","2","7","1.78","Public utility","","1","10","9.4","0","8.4"
"SYN-LA-01199","Uttar Pradesh","Muzaffarpur","","Commercial","Fallow","6","5","0","1","6.29","7.82","6","8","10.25","Rail","16","3","8","14.32","2","16.59"
"SYN-LA-01200","Bihar","Muzaffarpur","22.29","Forest buffer","Multi-crop","3","5","0","0","8.76","11.18","6","6","2.97","Water management","20","3","6","8.39","1","11.89"
"","Jharkhand","Muzaffarpur","14.7","Forest buffer","Single-crop","5","5","0","1","7.18","9.89","6","8","8.14","Public utility","5","0","5","11.64","1","13.99"
"SYN-LA-01202","Bihar","Nalanda","21.65","Commercial","Mixed use","3","3","","0","5.16","6.27","8","9","0.62","Road","14","3","","8.47","1","9.81"
"SYN-LA-01203","Jharkhand","Patna","6.56","Agricultural","","5","6","0","0","1.69","1.92","3","4","9.99","Industrial corridor","7","1","6","12.23","1","12.76"
"SYN-LA-01204","Jharkhand","Gaya","","Residential","Mixed use","5","7","0","0","5.82","7.32","2","","2.36","","15","1","","12.23","1","14.18"
"SYN-LA-01205","Uttar Pradesh","Nalanda","20.88","Agricultural","Mixed use","6","8","1","0","8.96","9.56","4","5","10.97","Rail","9","1","6","10.93","2","14.97"
"","Jharkhand","Nalanda","2.78","Residential","Fallow","7","9","0","0","0.63","0.68","2","","10.66","Rail","2","4","8","14.11","1","16.22"
"SYN-LA-01207","Uttar Pradesh","Dhanbad","","Commercial","Commercial","3","4","0","","3.19","3.91","7","8","0.33","Rail","9","6","7","8.2","1","10.63"
"SYN-LA-01208","Uttar Pradesh","Patna","13.68","Forest buffer","Fallow","5","7","0","1","8","10.22","3","7","6.15","Water management","10","","8","7.16","1","9.37"
"SYN-LA-01209","Uttar Pradesh","Vaishali","2.44","Commercial","","4","3","0","0","0.5","0.63","4","9","7.59","Rail","5","1","8","11.12","1","12.05"
"SYN-LA-01210","Jharkhand","Vaishali","19.44","","Fallow","7","7","0","0","15.73","","6","4","9.68","Rail","16","3","3","13.67","3","15.73"
"SYN-LA-01211","Jharkhand","Purnia","16.93","Residential","Single-crop","1","1","0","0","10.09","12.58","6","7","8.3","Rail","16","4","8","8.49","1","10.23"
"SYN-LA-01212","Uttar Pradesh","Ranchi","23.15","Commercial","Multi-crop","5","5","0","0","","12.04","0","4","0.55","Industrial corridor","6","1","6","8.84","0","10.02"
"SYN-LA-01213","Bihar","Gaya","18.21","Residential","Fallow","4","6","0","0","14.54","18.52","8","","4.54","Public utility","10","5","6","9.88","2","14.08"
"SYN-LA-01214","Bihar","Bhojpur","2.71","Industrial","Commercial","5","7","0","0","2.19","2.91","9","6","7.35","Water management","","2","7","9.51","1","11.12"
"SYN-LA-01215","Jharkhand","Ranchi","9.03","Industrial","Single-crop","2","4","0","0","6.76","6.93","1","7","4.39","Road","16","1","10","9.55","0","9.33"
"SYN-LA-01216","Jharkhand","Begusarai","19.61","Commercial","Single-crop","","8","0","0","15.87","17.71","1","8","8.61","Road","9","2","4","13.08","1","15.94"
"SYN-LA-01217","Bihar","Muzaffarpur","9.26","Forest buffer","Commercial","5","5","0","0","4.25","","4","1","4.89","Public utility","12","0","6","13.67","1","14.77"
"SYN-LA-01218","Uttar Pradesh","Patna","13.47","","Single-crop","3","4","0","1","6.12","7.14","6","8","9.08","Industrial corridor","20","3","8","10.51","1","11.74"
"SYN-LA-01219","Jharkhand","Patna","13.42","Agricultural","Mixed use","2","1","0","1","2.47","2.61","2","","11.38","Water management","10","5","9","","1","10.27"
"SYN-LA-01220","Uttar Pradesh","Saran","13.51","Commercial","Mixed use","3","3","0","0","5.88","7.64","3","9","1.92","Rail","6","2","10","6.34","0","6.87"
"SYN-LA-01221","Jharkhand","Ranchi","3.04","Forest buffer","Commercial","8","8","0","","2.14","2.34","9","7","0.77","Water management","3","2","8","11.76","1","12.29"
"SYN-LA-01222","Uttar Pradesh","Muzaffarpur","22.21","Industrial","Commercial","3","3","1","1","7.52","7.91","8","4","4.43","Road","","4","7","8.08","2","11.04"
"SYN-LA-01223","Uttar Pradesh","Bhojpur","22.03","Commercial","Fallow","2","2","0","1","18.94","23.35","3","8","7.25","Industrial corridor","19","3","10","6.71","1","9.25"
"SYN-LA-01224","Bihar","Saran","5.12","Commercial","Single-crop","4","4","1","1","3.09","","3","3","2.02","Public utility","13","2","8","6.2","1","8.71"
"SYN-LA-01225","Uttar Pradesh","Patna","17.64","Agricultural","Residential","8","","0","0","10.91","12.82","1","8","1.05","Public utility","10","3","4","11.71","1","13.59"
"SYN-LA-01226","Bihar","Ranchi","2.63","","","1","1","0","","1.34","1.48","0","4","8.17","Road","16","1","5","12.13","1","15.54"
"SYN-LA-01227","Bihar","Patna","13.58","Agricultural","","1","1","0","0","9.9","11","6","3","3.06","Water management","18","3","7","9.87","1","12.63"
"SYN-LA-01228","Jharkhand","Nalanda","5.06","Commercial","Single-crop","7","8","0","0","3.47","3.68","2","9","5","Public utility","7","1","4","9.79","1","10.71"
"SYN-LA-01229","Bihar","Nalanda","11.48","Residential","Single-crop","3","3","0","1","5.18","5.94","1","8","","Rail","10","0","7","12.65","0","15.16"
"SYN-LA-01230","Uttar Pradesh","Bhojpur","23.3","Forest buffer","Multi-crop","4","5","0","0","4.74","","3","2","4.74","Public utility","10","1","8","7.62","1","8.91"
"SYN-LA-01231","Uttar Pradesh","Muzaffarpur","23.28","Forest buffer","","","8","0","0","10.82","12.15","8","5","8.32","Public utility","13","1","3","11.95","2","13.95"
"SYN-LA-01232","Bihar","Gaya","3.18","","Residential","4","3","0","0","2.22","2.34","6","7","1.67","Rail","15","4","8","13.1","1","16.39"
"SYN-LA-01233","Jharkhand","Bhojpur","11.88","Agricultural","Commercial","6","7","0","0","8.6","9.87","5","3","10.79","Rail","17","5","4","10.36","2","13.26"
"SYN-LA-01234","","Saran","3.44","Residential","Commercial","3","3","0","0","0.94","1.26","7","8","10.2","Industrial corridor","18","3","6","7.34","1","9.14"
"SYN-LA-01235","Jharkhand","Gaya","18.77","Forest buffer","Multi-crop","5","7","0","0","","8.62","4","4","","Water management","19","1","10","6.08","1","7.3"
"SYN-LA-01236","Jharkhand","Dhanbad","14.68","Industrial","Commercial","4","5","0","0","8.8","10.2","3","5","8.72","Road","20","2","10","7.47","1","8.18"
"SYN-LA-01237","Bihar","Saran","5.45","Forest buffer","Mixed use","2","4","0","0","3.72","4.14","5","3","5.98","Road","7","1","7","11.46","1","11.45"
"SYN-LA-01238","Bihar","Dhanbad","15.08","Forest buffer","Mixed use","2","3","0","0","11.5","15.73","7","3","0.55","Water management","7","4","7","8.83","1","11.41"
"SYN-LA-01239","Uttar Pradesh","Ranchi","3.15","Agricultural","Fallow","","4","0","0","1.4","1.64","2","9","8.65","Public utility","13","2","8","8.15","1","10.09"
"SYN-LA-01240","Bihar","Bhojpur","23.84","Residential","Residential","7","9","0","0","17.09","23.75","2","9","5.4","Industrial corridor","15","2","5","11.87","1","14.24"
"SYN-LA-01241","Uttar Pradesh","Patna","2","Commercial","Multi-crop","7","6","0","0","1.69","2.18","6","3","11.56","Industrial corridor","2","2","6","7.5","1","10.77"
"SYN-LA-01242","Jharkhand","Gaya","","Residential","Multi-crop","8","9","0","0","2.54","2.62","1","8","10.34","Road","6","4","4","11.4","2","14.36"
"SYN-LA-01243","Jharkhand","Bhagalpur","21.79","Agricultural","Fallow","2","3","0","0","6.17","7.05","8","7","9.65","Rail","6","","5","6.46","1","9.16"
"SYN-LA-01244","Uttar Pradesh","Gaya","14.89","Agricultural","Multi-crop","4","5","0","0","3.49","","8","6","9.08","Industrial corridor","","1","9","9.33","1","10.62"
"SYN-LA-01245","Bihar","Bhagalpur","12.32","Forest buffer","","2","3","0","0","6.73","7.6","9","2","6.42","Rail","20","","","9.86","1","10.21"
"SYN-LA-01246","Bihar","Patna","18.45","Industrial","Fallow","3","4","0","0","15.41","19.65","","7","0.52","Water management","10","4","5","11.23","1","14.18"
"","Bihar","Begusarai","21.91","Commercial","Fallow","8","10","0","0","12.52","14.61","1","10","10.79","Road","7","2","5","11.12","1","12.89"
"SYN-LA-01248","Uttar Pradesh","Vaishali","19.25","Forest buffer","Residential","2","3","0","0","11.4","12.65","5","2","10.14","Public utility","16","5","9","9.97","1","10.48"
"SYN-LA-01249","Uttar Pradesh","Vaishali","24.85","Commercial","Single-crop","1","2","0","0","11.92","14.98","6","10","7.31","Rail","","4","5","9.04","1","10.76"
"SYN-LA-01250","Uttar Pradesh","Bhagalpur","3.9","Agricultural","Commercial","1","1","","2","","1.2","0","5","","Industrial corridor","20","0","9","7.87","1","9.75"
"SYN-LA-01251","Jharkhand","Dhanbad","3.88","Forest buffer","Residential","4","5","0","0","2.33","3.04","8","2","8.42","","17","4","8","6.53","1","8.3"
"SYN-LA-01252","Jharkhand","Ranchi","17.64","Agricultural","Multi-crop","4","4","0","0","10.15","14.02","7","7","5.67","Rail","15","","7","11.82","1","12.2"
"SYN-LA-01253","Uttar Pradesh","Purnia","","Agricultural","Multi-crop","4","5","0","0","18.68","22.76","7","6","5.99","Public utility","4","1","8","5.9","1","7.18"
"SYN-LA-01254","Jharkhand","Patna","2.06","Industrial","Commercial","7","8","0","0","1.13","1.46","2","4","0.37","Water management","12","3","4","7.58","1","9.35"
"SYN-LA-01255","Bihar","","13.94","Residential","","3","5","0","0","5.16","5.34","1","10","7.36","Public utility","10","5","5","","1","16.65"
"SYN-LA-01256","Jharkhand","Muzaffarpur","","Industrial","Fallow","1","2","1","1","1.25","","3","4","2.34","Water management","19","3","5","8.27","1","14.43"
"SYN-LA-01257","Bihar","Patna","1.68","Forest buffer","","7","7","0","0","1.34","1.77","6","4","3.01","Industrial corridor","17","4","8","8.62","1","10.74"
"SYN-LA-01258","Uttar Pradesh","Bhagalpur","16.69","Agricultural","Commercial","4","6","0","0","6.45","9.02","6","6","7.97","Water management","12","3","5","8.37","1","11.18"
"SYN-LA-01259","Jharkhand","Begusarai","18","Industrial","Fallow","2","3","0","1","5.29","7.08","7","9","6.68","Water management","4","4","7","8.15","1","12.23"
"SYN-LA-01260","Bihar","Bhojpur","20.46","Industrial","Fallow","2","2","0","0","11.32","13.08","3","6","5.95","Public utility","13","1","6","8.86","0","11.21"
"SYN-LA-01261","Bihar","Patna","18.26","Industrial","Multi-crop","1","1","0","0","10.25","10.65","1","4","10.81","Rail","12","4","6","8.09","1","11.57"
"SYN-LA-01262","Jharkhand","","7.3","Forest buffer","Commercial","5","7","0","0","4.11","5.05","4","6","5.29","Public utility","2","2","10","11.62","1","11.62"
"SYN-LA-01263","Jharkhand","Saran","16.91","Commercial","Fallow","1","3","0","0","6.85","7.51","6","4","6.38","Water management","14","4","6","4.84","1","7.63"
"SYN-LA-01264","Jharkhand","Bhagalpur","23.04","Forest buffer","Fallow","4","6","0","0","17.04","","9","6","6.07","Public utility","6","3","8","6.9","1","7.01"
"SYN-LA-01265","Uttar Pradesh","Ranchi","8.49","Industrial","Fallow","8","10","1","0","5.35","","","9","9.95","Public utility","16","2","4","10.3","2","14.45"
"SYN-LA-01266","Uttar Pradesh","Saran","14.98","Agricultural","Commercial","6","8","0","0","5.1","6.08","5","7","2.52","Industrial corridor","13","3","4","10.71","1","14.7"
"SYN-LA-01267","Uttar Pradesh","Saran","19.42","Residential","Fallow","5","6","1","4","7.23","9.6","1","10","1.97","Public utility","10","3","5","17.09","2","22.82"
"SYN-LA-01268","Bihar","Vaishali","8.6","Residential","Multi-crop","8","","0","0","5.06","5.57","8","9","","Road","","4","3","11.55","2","15.97"
"SYN-LA-01269","Bihar","Bhojpur","6.67","Forest buffer","Multi-crop","8","9","0","1","4.56","4.89","","3","0.96","Industrial corridor","18","3","6","12.49","2","14.81"
"SYN-LA-01270","Bihar","Saran","2.62","Forest buffer","Fallow","2","","0","0","1.18","1.53","4","3","8.13","Industrial corridor","7","5","5","11.61","1","13.69"
"SYN-LA-01271","Uttar Pradesh","Muzaffarpur","3.17","Residential","Single-crop","2","4","0","0","1.37","1.72","1","","9.38","Industrial corridor","11","2","8","7.69","1","9.77"
"SYN-LA-01272","Jharkhand","Nalanda","18.71","Industrial","Commercial","3","2","1","4","14.12","17.08","3","","8.86","Water management","9","1","7","12.94","2","18.9"
"SYN-LA-01273","Bihar","Saran","15.59","Industrial","Single-crop","4","4","","0","3.04","3.93","6","8","","Public utility","7","1","7","12.57","1","13.74"
"SYN-LA-01274","Jharkhand","Muzaffarpur","7.4","Commercial","Fallow","6","8","0","1","4.57","5.54","2","8","11.67","Road","6","5","6","7.54","1","10.76"
"SYN-LA-01275","Jharkhand","Begusarai","24.62","Residential","Commercial","4","6","1","1","17.45","18.4","4","6","9.14","Water management","12","4","7","12.6","2","15.61"
"","Jharkhand","Begusarai","13.14","Agricultural","Commercial","3","5","0","1","9.76","10.67","5","4","0.23","Road","5","4","6","10.75","1","14.52"
"SYN-LA-01277","Jharkhand","Bhojpur","10.19","Forest buffer","Commercial","3","2","0","0","4.99","5.44","8","8","2.86","Water management","13","3","5","6.96","1","10.58"
"SYN-LA-01278","Jharkhand","Vaishali","23.65","Residential","Single-crop","6","8","1","3","10.94","13.65","3","8","7.36","Industrial corridor","9","3","5","10.24","2","17.73"
"SYN-LA-01279","Bihar","Dhanbad","15.2","Industrial","Mixed use","4","5","0","0","11.62","12.67","5","9","2.23","Rail","15","4","6","5.81","1","8.96"
"SYN-LA-01280","Uttar Pradesh","Bhojpur","19.42","","Commercial","2","3","0","0","5.41","6.59","3","","5.37","Road","18","1","6","11.95","1","13.78"
"SYN-LA-01281","Bihar","Purnia","15.79","Forest buffer","Multi-crop","5","7","0","0","10.72","13.12","4","7","9.01","Industrial corridor","","","6","7.9","1","11.94"
"SYN-LA-01282","Jharkhand","Patna","8.05","Residential","Single-crop","6","8","0","0","2.16","2.96","3","10","8.37","Industrial corridor","5","4","3","11.6","2","14.92"
"SYN-LA-01283","Bihar","Bhagalpur","17.57","Forest buffer","Fallow","1","0","0","0","12.62","17.51","10","2","0.59","Water management","15","1","7","3.94","1","6.71"
"SYN-LA-01284","Bihar","Saran","7.18","Forest buffer","Mixed use","7","7","0","0","3.62","4.7","5","2","6.98","Industrial corridor","6","5","6","12.66","2","14.8"
"SYN-LA-01285","Jharkhand","Begusarai","13.04","Commercial","","5","7","0","0","5.73","6.81","2","7","0.48","Water management","10","4","9","8.66","1","10.19"
"SYN-LA-01286","Bihar","Bhojpur","18.39","Agricultural","Single-crop","2","3","1","2","6.34","7.4","2","6","4.69","Road","7","","10","8.54","1","10.61"
"SYN-LA-01287","Jharkhand","Saran","24.2","Residential","Residential","8","","1","2","12.47","14.58","7","9","6.69","Industrial corridor","2","2","8","12.8","2","16.53"
"SYN-LA-01288","Uttar Pradesh","Nalanda","9.53","Forest buffer","Single-crop","4","3","0","","3.06","3.84","7","5","2.69","Rail","4","4","9","7.19","1","7.56"
"SYN-LA-01289","Jharkhand","Begusarai","9","Commercial","Multi-crop","6","","0","0","3.16","4.13","1","7","5.15","Industrial corridor","14","4","4","12.86","1","16.43"
"SYN-LA-01290","Bihar","Gaya","18.59","Commercial","Commercial","4","5","","0","13.07","13.72","1","4","0.59","Water management","4","3","10","10.09","0","10.95"
"SYN-LA-01291","Uttar Pradesh","Dhanbad","14.76","Agricultural","Fallow","1","1","1","","6.36","7.68","4","6","3.17","Water management","18","4","7","10.85","1","16.5"
"SYN-LA-01292","Bihar","Vaishali","3.33","Agricultural","Residential","3","3","0","0","2.93","4.02","8","5","11.65","Water management","17","2","10","11.26","1","12.72"
"SYN-LA-01293","Jharkhand","Saran","14.44","Commercial","Multi-crop","8","10","1","2","7.66","9.65","2","6","9.2","Public utility","","3","7","14.69","2","20.02"
"SYN-LA-01294","Jharkhand","Ranchi","2.53","Commercial","Commercial","5","7","0","0","2.13","2.19","8","8","6.56","Public utility","12","1","7","13.26","1","15.52"
"SYN-LA-01295","Uttar Pradesh","Patna","20.14","Industrial","Mixed use","8","7","1","1","9.09","10.14","5","6","0.81","Industrial corridor","17","0","6","16.09","2","19.51"
"SYN-LA-01296","Jharkhand","Vaishali","9.99","Commercial","Residential","4","4","0","1","6.02","7.05","2","8","11.53","Water management","11","4","7","12.3","1","14.65"
"SYN-LA-01297","Uttar Pradesh","Patna","12.43","Commercial","Single-crop","2","1","1","4","6.54","8.55","0","7","6.35","","4","0","9","12.39","1","16.42"
"SYN-LA-01298","Jharkhand","Begusarai","5.81","Agricultural","Fallow","2","2","1","0","1.74","2.26","3","4","7.65","Rail","19","4","9","","1","8.23"
"SYN-LA-01299","Jharkhand","Saran","22.96","Forest buffer","Single-crop","5","6","1","4","12.88","16.79","2","3","3.99","Public utility","9","2","7","13.91","2","19.85"
"SYN-LA-01300","Bihar","Patna","13.43","Forest buffer","Commercial","1","1","1","1","5.42","6.61","3","7","9.75","Industrial corridor","13","1","7","7.06","1","10.7"
"SYN-LA-01301","Bihar","Purnia","9.43","Residential","","4","4","1","2","8.03","9.1","2","3","0.43","Road","8","7","7","","2","21.89"
"SYN-LA-01302","Jharkhand","Vaishali","16.52","Agricultural","Mixed use","8","10","","0","14","16.38","2","6","5.27","Rail","2","1","4","14.2","1","17.23"
"SYN-LA-01303","Uttar Pradesh","Ranchi","18.64","Forest buffer","","8","10","0","1","11.69","13.69","2","2","7.95","Road","16","3","6","11.98","2","14.81"
"SYN-LA-01304","Jharkhand","","23.7","Residential","Residential","1","1","0","0","9.56","10.6","1","4","11.02","Water management","9","3","7","10.29","1","11.79"
"SYN-LA-01305","Uttar Pradesh","Purnia","23.99","Residential","Commercial","4","5","0","0","8.94","","1","10","10.73","Public utility","12","3","8","11.5","1","14.21"
"SYN-LA-01306","Bihar","","19.79","Commercial","","1","","0","0","15.4","17.88","4","9","4.22","Road","2","2","8","6.44","0","9.21"
"SYN-LA-01307","Jharkhand","Ranchi","10.49","Residential","Fallow","1","0","0","0","9.07","10.57","7","6","0.79","","18","4","6","5.06","1","7.8"
"SYN-LA-01308","Uttar Pradesh","Nalanda","15.93","Commercial","Multi-crop","4","4","0","0","7.7","10.74","2","4","6.85","Industrial corridor","19","3","6","6.66","1","8.74"
"SYN-LA-01309","Bihar","Patna","19.52","","Commercial","4","4","0","1","15.38","15.82","6","5","1.07","Rail","10","4","9","6.55","1","8.06"
"SYN-LA-01310","","Ranchi","5.59","Commercial","Commercial","7","8","0","0","4.22","4.78","1","7","11.96","Public utility","7","3","6","14.7","1","18.39"
"SYN-LA-01311","Bihar","Begusarai","8.81","Forest buffer","Multi-crop","6","8","","0","4.56","5.63","6","2","6.67","Public utility","2","2","4","","2","9.43"
"SYN-LA-01312","Uttar Pradesh","Vaishali","12.73","Industrial","Commercial","2","3","1","2","4.22","4.55","3","5","7.39","Road","19","0","8","8.44","1","10.57"
"SYN-LA-01313","Bihar","Nalanda","11.37","Residential","Fallow","5","7","0","0","9.77","12.07","5","6","4.1","Industrial corridor","19","0","6","9.89","1","11.4"
"","Uttar Pradesh","Vaishali","17.26","Commercial","Multi-crop","2","3","1","1","14.41","15.46","8","9","0.15","Road","4","3","7","12.73","1","15.72"
"SYN-LA-01315","Jharkhand","Dhanbad","13.17","Commercial","Fallow","8","9","1","3","3.9","4.73","5","7","5.19","Public utility","11","1","6","12.56","2","17.18"
"SYN-LA-01316","","Dhanbad","3.35","Forest buffer","Residential","2","3","0","0","1.48","1.84","","7","7.03","Rail","4","1","5","8.19","1","9.61"
"SYN-LA-01317","Jharkhand","Bhagalpur","3.85","Agricultural","Commercial","1","1","1","2","1.43","1.69","3","7","7.61","Industrial corridor","10","4","5","8.97","1","13.95"
"SYN-LA-01318","Jharkhand","Bhojpur","9.83","Residential","Residential","4","3","0","0","7.25","9.62","6","7","9.23","Public utility","10","5","","11.47","1","14"
"SYN-LA-01319","Bihar","Dhanbad","11.54","Residential","Commercial","1","1","","0","2.86","3.31","4","3","9.27","Public utility","11","4","10","11.41","1","12.09"
"SYN-LA-01320","Uttar Pradesh","Vaishali","4","Industrial","Multi-crop","6","6","0","0","3.24","4.15","4","9","6.26","Water management","12","5","8","11.42","1","13.39"
"SYN-LA-01321","Bihar","","23.62","Industrial","Commercial","5","7","0","0","8.28","11.32","3","5","0.5","Rail","14","4","10","9.7","1","12.31"
"SYN-LA-01322","Bihar","Dhanbad","19.04","Agricultural","Mixed use","6","5","0","0","16.35","18.43","","3","4.06","Road","10","2","5","","1","15.01"
"SYN-LA-01323","Uttar Pradesh","Dhanbad","11.82","Industrial","Residential","1","2","0","0","4.21","5.64","5","7","10.65","Road","8","","10","7.28","1","10.38"
"SYN-LA-01324","Jharkhand","Patna","13.17","Industrial","Single-crop","4","5","0","0","6.5","8.03","2","8","11.15","Water management","20","1","6","9.18","1","9.78"
"SYN-LA-01325","Bihar","Bhojpur","13.96","Agricultural","Mixed use","7","7","0","0","","5.08","4","9","3.07","","15","4","6","12.97","1","14.66"
"SYN-LA-01326","Uttar Pradesh","Muzaffarpur","10.84","Forest buffer","Residential","3","5","0","0","3.61","","9","2","3.62","Industrial corridor","5","1","6","8.92","1","10.79"
"SYN-LA-01327","","Patna","6.18","Agricultural","Mixed use","2","4","0","0","4.99","5.78","3","10","9.18","Water management","14","4","8","5.9","1","7.03"
"SYN-LA-01328","Jharkhand","Nalanda","","Forest buffer","Mixed use","7","","0","0","7.03","9.46","7","6","6.86","Rail","6","2","5","7.93","1","8.82"
"","Uttar Pradesh","Patna","13.86","Industrial","","8","9","0","0","10.33","11.59","6","4","5.44","Water management","20","2","6","14.14","2","16.02"
"SYN-LA-01330","Uttar Pradesh","Muzaffarpur","21.11","Residential","Multi-crop","1","1","0","1","10.72","11.7","9","5","2.59","Water management","6","2","8","6.98","1","9.54"
"SYN-LA-01331","Bihar","Purnia","17.03","Residential","Commercial","","3","1","4","7.39","8.23","1","4","9.18","Rail","12","4","8","12.91","2","18.08"
"SYN-LA-01332","Bihar","Begusarai","21.08","Commercial","Single-crop","8","10","1","4","15.37","18.22","0","6","0.83","Public utility","20","2","5","15.81","3","21.25"
"SYN-LA-01333","Uttar Pradesh","Muzaffarpur","11.13","Residential","Fallow","2","","1","2","4.36","5.56","0","9","4.6","","","2","8","8.45","1","12.69"
"SYN-LA-01334","Jharkhand","Begusarai","15.99","Industrial","","6","6","1","2","10.75","11.29","7","8","9.78","Industrial corridor","6","2","8","11.54","2","15.39"
"SYN-LA-01335","Jharkhand","Bhojpur","16.04","Agricultural","Commercial","8","8","0","1","7.52","","3","4","0.97","Rail","7","2","8","13.05","1","14.8"
"SYN-LA-01336","Bihar","Vaishali","23.78","Commercial","Mixed use","5","","0","0","","","7","6","5.79","Road","5","5","5","10.75","1","12.83"
"SYN-LA-01337","Uttar Pradesh","Bhagalpur","2.34","","Multi-crop","3","3","0","","0.83","0.91","2","6","9.95","Road","20","4","6","13.31","1","16.55"
"SYN-LA-01338","Uttar Pradesh","Muzaffarpur","22.04","Forest buffer","Multi-crop","8","9","1","1","7.85","10.97","6","8","3.47","Water management","17","2","3","","3","20.94"
"SYN-LA-01339","Bihar","Begusarai","22.33","Industrial","Commercial","2","3","","0","12.09","14.63","6","9","8.79","Water management","5","1","8","","0","12.02"
"SYN-LA-01340","Jharkhand","Bhojpur","11.12","","Residential","7","7","0","0","3.65","4","4","7","4.23","Water management","15","2","6","7.55","1","8.31"
"SYN-LA-01341","Bihar","Saran","24.15","Agricultural","Fallow","6","8","0","0","17.85","21.14","4","6","9.92","Public utility","6","1","4","12.7","1","16.57"
"SYN-LA-01342","Bihar","Vaishali","17.01","Residential","Multi-crop","7","9","0","0","4.97","","","8","2.37","Industrial corridor","14","1","5","10.99","1","14"
"SYN-LA-01343","Uttar Pradesh","Gaya","13.95","Industrial","Mixed use","7","9","0","0","9.72","12.74","1","8","1.28","Rail","5","1","6","12.81","1","14.86"
"SYN-LA-01344","Bihar","Saran","11.84","Forest buffer","Mixed use","5","","0","0","2.58","3.3","6","3","10.71","","17","3","7","8.69","2","10.31"
"SYN-LA-01345","Uttar Pradesh","Bhojpur","23.09","Agricultural","Commercial","8","9","0","0","19.18","26.23","5","7","3.35","Water management","18","4","3","11.25","2","15.53"
"","Bihar","Muzaffarpur","21.71","Agricultural","","3","4","0","1","13.26","","3","3","10.35","Industrial corridor","18","1","8","9.43","1","10.63"
"SYN-LA-01347","Bihar","Saran","19.33","Residential","Fallow","6","8","1","1","4.73","5.6","7","6","3.73","Rail","18","1","3","7.26","3","11.93"
"SYN-LA-01348","Uttar Pradesh","Dhanbad","5.05","Agricultural","Residential","4","6","1","1","2.46","3.21","3","10","3.47","Rail","16","3","5","13","2","18.45"
"SYN-LA-01349","Uttar Pradesh","Bhagalpur","18.14","Commercial","Single-crop","2","2","0","0","13.56","15.82","2","4","10.43","Rail","2","4","10","11.69","1","11.84"
"SYN-LA-01350","Jharkhand","Gaya","16.7","Residential","","1","3","1","1","10.14","10.79","7","8","3.77","Water management","11","1","6","7.73","1","10.2"
"SYN-LA-01351","Bihar","Bhojpur","10.72","","Mixed use","5","4","1","","5.82","6.55","4","8","10.31","Water management","12","4","7","6.67","1","11.44"
"SYN-LA-01352","Uttar Pradesh","Gaya","16.24","Agricultural","Residential","1","0","0","0","7.82","8.57","2","7","3.69","Industrial corridor","2","3","6","5.92","0","7.16"
"SYN-LA-01353","Uttar Pradesh","Muzaffarpur","23.85","Commercial","","5","4","1","1","19.79","24.56","4","9","4.75","Road","2","3","6","8","1","13.65"
"SYN-LA-01354","Jharkhand","Bhojpur","15.5","Commercial","Multi-crop","5","5","0","0","6.15","6.37","3","10","1.33","","10","2","9","7.79","0","8.43"
"","Uttar Pradesh","Bhojpur","2.36","Agricultural","Single-crop","7","7","0","0","1.85","2.14","9","4","5.4","Water management","","1","7","8.82","2","9.05"
"SYN-LA-01356","Jharkhand","Begusarai","2.48","Agricultural","Single-crop","5","6","0","0","1.39","1.57","","","7.95","Public utility","18","3","6","10.71","1","12.66"
"SYN-LA-01357","Jharkhand","Bhojpur","6.91","","Single-crop","1","3","0","1","1.34","1.85","4","8","11.17","Water management","20","3","9","7.16","1","10.38"
"SYN-LA-01358","Jharkhand","Vaishali","2.71","Residential","Fallow","7","8","0","0","2.05","2.27","6","4","7.5","Water management","5","","6","13.54","2","17.48"
"SYN-LA-01359","Uttar Pradesh","Gaya","12.13","Agricultural","Commercial","8","10","0","0","6.63","8.21","0","7","10.24","","19","4","7","13.05","2","15.29"
"","Bihar","Muzaffarpur","12.61","Industrial","Commercial","1","3","0","0","9.59","11.38","0","8","10.3","Rail","5","7","7","8.2","1","10.93"
"SYN-LA-01361","Bihar","","9.36","Industrial","Fallow","1","2","0","0","2.15","2.72","7","7","5.35","Water management","9","4","6","4.02","1","8"
"SYN-LA-01362","Uttar Pradesh","Bhagalpur","8.18","Commercial","Single-crop","8","9","0","0","3.35","4.05","2","5","7.27","Rail","15","4","7","14.48","2","17.05"
"SYN-LA-01363","Jharkhand","Patna","10.78","Residential","Single-crop","2","4","0","0","6.47","8.56","8","6","2.11","Public utility","20","0","5","5.53","1","7.8"
"SYN-LA-01364","Bihar","Vaishali","","Industrial","Multi-crop","5","7","0","0","0.84","1.12","1","10","5.28","Industrial corridor","20","2","5","8.25","1","11.12"
"SYN-LA-01365","Jharkhand","Patna","21.61","","Fallow","1","2","0","1","17.26","21.98","4","5","9.38","Rail","13","0","5","6.05","1","9.65"
"SYN-LA-01366","Uttar Pradesh","Nalanda","13.59","Commercial","Multi-crop","","7","0","0","9.7","11.21","3","6","1.4","Public utility","9","5","7","","1","17.63"
"SYN-LA-01367","Jharkhand","Dhanbad","13.67","Industrial","Multi-crop","3","4","0","0","9.86","11.13","1","4","0.25","Rail","13","2","6","5.57","0","6.48"
"SYN-LA-01368","Bihar","Patna","11.85","Agricultural","Single-crop","4","4","1","2","5.11","5.78","1","6","10.51","","9","1","6","10.93","2","15.72"
"SYN-LA-01369","Jharkhand","Gaya","16.87","Residential","Fallow","3","3","0","0","3.08","","2","3","1.45","Water management","7","1","7","8.87","0","11.27"
"SYN-LA-01370","Jharkhand","Saran","23.14","Commercial","Residential","1","2","0","0","12.51","14.58","7","6","1.85","Rail","17","1","6","4.42","0","5.18"
"SYN-LA-01371","Bihar","Bhojpur","15.69","Industrial","Residential","3","5","0","1","","6.4","","4","3.54","Rail","20","5","6","9.78","2","14.19"
"SYN-LA-01372","Bihar","Nalanda","24.73","Agricultural","Multi-crop","7","9","0","0","16.81","21.79","3","4","6.07","Public utility","11","2","3","14.21","2","16.82"
"SYN-LA-01373","Jharkhand","Bhagalpur","8.32","Agricultural","Fallow","3","3","0","0","7.28","10.17","1","10","3.99","Industrial corridor","14","3","7","7.15","0","8.07"
"SYN-LA-01374","Uttar Pradesh","Nalanda","6.63","Forest buffer","Mixed use","3","3","0","0","5.13","5.76","4","2","6.57","","5","0","8","10.13","1","10.57"
"SYN-LA-01375","Jharkhand","Vaishali","8.91","Forest buffer","Mixed use","4","4","0","0","3.01","3.18","2","1","8.4","Rail","4","1","6","12.28","1","14.96"
"SYN-LA-01376","Bihar","Gaya","1.05","Industrial","","2","1","0","0","0.54","0.59","5","10","3.31","","10","2","9","8.77","0","9.94"
"SYN-LA-01377","Jharkhand","Gaya","20.5","Commercial","Commercial","8","8","0","0","8.57","11.93","4","9","10.24","Rail","10","3","6","11.15","1","14.78"
"SYN-LA-01378","Jharkhand","Gaya","10.43","Agricultural","Residential","","3","0","0","9.02","9.79","5","4","11.37","Road","19","3","10","7.54","1","7.18"
"SYN-LA-01379","Uttar Pradesh","Begusarai","13.66","Residential","Commercial","4","6","0","0","7.12","7.68","8","8","1.88","Water management","","4","5","6.06","1","7.84"
"SYN-LA-01380","Uttar Pradesh","Saran","13.07","Industrial","Residential","5","5","1","2","8.05","9.02","3","9","2.38","Road","","7","8","","2","16.79"
"SYN-LA-01381","Bihar","Vaishali","17.54","Agricultural","Commercial","1","2","0","0","9.32","12.04","2","4","11.69","Road","8","4","6","11.26","1","14.92"
"SYN-LA-01382","Jharkhand","Patna","11.65","Commercial","Commercial","3","3","0","1","2.33","3.11","5","9","12.02","Public utility","12","4","5","","1","11.36"
"SYN-LA-01383","Bihar","Nalanda","11.47","Residential","Commercial","2","3","0","0","2.31","","3","5","8.2","Public utility","2","3","9","4.86","0","7.09"
"SYN-LA-01384","Bihar","Patna","12.87","Industrial","Multi-crop","1","2","0","0","5.23","6.18","5","8","9.03","Road","16","1","5","5.07","1","8.53"
"","Bihar","Purnia","6.56","Forest buffer","Fallow","7","9","0","0","5.14","6.75","6","5","8.29","","11","2","7","11.12","1","14.17"
"SYN-LA-01386","Jharkhand","Bhojpur","16.4","","Single-crop","7","7","0","0","6.58","7.82","2","5","0.3","Industrial corridor","5","3","6","12.89","1","14.33"
"SYN-LA-01387","Jharkhand","Bhagalpur","13.24","Residential","Residential","8","10","0","0","5.72","6.54","1","4","5.91","Rail","10","3","5","10.46","2","14.36"
"SYN-LA-01388","Bihar","Saran","10.33","Industrial","Multi-crop","2","4","0","0","3.81","4.45","1","3","8","Rail","18","4","6","10.4","1","14.1"
"SYN-LA-01389","Bihar","Saran","7.96","Residential","Multi-crop","4","6","0","0","4.81","5.5","7","8","5.9","Public utility","11","2","9","12.9","1","15.14"
"SYN-LA-01390","Jharkhand","Purnia","14.03","Commercial","Residential","3","3","0","1","9","10.7","2","5","9.13","Road","7","5","10","","1","15.57"
"SYN-LA-01391","Bihar","Saran","18","Commercial","Residential","6","7","0","0","7.56","10.51","","10","3.93","Rail","7","3","4","13.09","1","14.78"
"SYN-LA-01392","Bihar","Muzaffarpur","8.97","Industrial","Fallow","2","","1","4","4.04","5.23","4","6","9.53","Public utility","20","2","10","9.55","2","14.36"
"SYN-LA-01393","Jharkhand","Saran","1.92","Forest buffer","Fallow","6","8","0","0","1.4","1.5","5","6","8.88","Road","15","4","7","9.75","1","12"
"SYN-LA-01394","Jharkhand","Ranchi","9.92","Commercial","Fallow","7","7","0","0","","7.62","8","3","0.59","Rail","17","4","8","13.59","2","14.25"
"SYN-LA-01395","Jharkhand","Purnia","10.76","Forest buffer","Mixed use","5","7","0","0","7.71","8.49","5","6","3.59","Water management","16","3","6","10.55","2","12.1"
"SYN-LA-01396","Jharkhand","Ranchi","21.93","Agricultural","Single-crop","2","","1","4","18.46","","4","6","0.41","Rail","","3","8","11.77","2","19.08"
"SYN-LA-01397","Uttar Pradesh","Gaya","14.81","Commercial","Fallow","6","8","1","4","3.69","3.95","7","9","6.35","Road","8","1","5","15.69","3","23.07"
"SYN-LA-01398","Uttar Pradesh","Purnia","","Industrial","Residential","2","","0","0","0.84","0.92","3","9","5.82","Rail","15","3","9","4.32","0","5.51"
"SYN-LA-01399","Bihar","Dhanbad","9.03","Agricultural","Single-crop","6","6","0","0","6.05","7.77","7","9","8.77","Road","14","3","7","9.72","1","12.76"
"SYN-LA-01400","","Nalanda","12.95","","Commercial","4","5","0","0","6.4","8.09","8","8","5.98","Road","5","0","7","7.84","1","10.04"
"SYN-LA-01401","Jharkhand","Vaishali","7.15","Residential","Residential","6","8","1","4","1.82","2.28","4","6","1.94","Public utility","17","1","4","12.17","3","17.63"
"SYN-LA-01402","Uttar Pradesh","Ranchi","18.84","Commercial","","2","2","0","1","10.6","11.59","4","5","4.73","Water management","6","2","","9.49","1","13.1"
"SYN-LA-01403","Jharkhand","Dhanbad","4.01","Agricultural","","6","8","0","0","0.86","1.06","3","","9.6","Industrial corridor","14","1","6","10.12","1","12.13"
"SYN-LA-01404","Uttar Pradesh","Saran","24.21","Commercial","Residential","4","6","0","0","18.59","24.18","","9","4.54","Rail","14","4","9","11.66","1","13.66"
"SYN-LA-01405","Bihar","Patna","5.07","Agricultural","Residential","6","6","0","0","4.39","4.87","4","4","7.54","Public utility","4","1","6","9.55","1","11.11"
"SYN-LA-01406","","Bhagalpur","12.79","Forest buffer","Single-crop","6","6","1","4","9.16","10.72","2","5","8.48","","20","1","8","10.76","2","16.19"
"SYN-LA-01407","Bihar","Nalanda","11.72","Forest buffer","Commercial","3","3","0","1","9.99","13.82","7","7","11.58","Road","13","2","6","5.68","1","9.16"
"SYN-LA-01408","","Dhanbad","8.9","Industrial","Residential","8","8","0","1","7.03","7.8","1","8","2.57","Public utility","15","3","7","10.28","1","12.7"
"SYN-LA-01409","Jharkhand","Bhagalpur","3.77","Agricultural","Single-crop","3","5","0","0","3.22","3.73","6","4","8.92","Road","14","2","8","5.12","1","6.92"
"SYN-LA-01410","Uttar Pradesh","Begusarai","19.76","Industrial","Residential","2","3","0","0","10.98","11.59","2","9","6.56","Public utility","8","2","9","11.83","0","13.13"
"SYN-LA-01411","Bihar","Patna","19.5","Commercial","Single-crop","","8","0","","16.22","18.99","7","8","5.53","Water management","19","0","5","11.03","2","12.66"
"SYN-LA-01412","Bihar","Bhagalpur","5.91","Agricultural","Residential","3","4","0","0","4.06","5.57","6","7","6.27","Water management","11","5","9","7.69","1","10.39"
"SYN-LA-01413","Bihar","Vaishali","24.59","Agricultural","Single-crop","4","5","0","1","6.59","7.33","4","","9.82","Water management","18","3","5","7.07","2","9"
"SYN-LA-01414","Uttar Pradesh","Muzaffarpur","20.65","Forest buffer","Single-crop","2","2","","0","8.86","11.86","3","","7.63","Rail","10","0","8","4.23","1","4.84"
"SYN-LA-01415","Jharkhand","Patna","6.94","Agricultural","Commercial","3","3","1","4","5.18","5.42","2","7","4.52","Rail","7","5","10","16.11","1","21.37"
"SYN-LA-01416","Jharkhand","Bhojpur","16.85","Forest buffer","Residential","4","6","1","4","5.15","6.49","8","5","11.81","Road","6","7","5","13.77","3","20.63"
"SYN-LA-01417","Bihar","Dhanbad","11.34","Commercial","","8","10","0","0","3.02","3.3","7","8","0.22","Road","10","2","5","7.78","1","9.02"
"SYN-LA-01418","Uttar Pradesh","Ranchi","16.92","Forest buffer","Commercial","6","8","0","0","11.83","","9","7","9.79","Road","13","2","4","7.72","2","11.29"
"SYN-LA-01419","Bihar","Bhojpur","8.17","Residential","Commercial","1","2","","0","1.7","","5","5","0.84","Industrial corridor","4","1","5","7.6","0","10.98"
"SYN-LA-01420","Jharkhand","Bhagalpur","17.2","Industrial","Fallow","2","1","0","0","14.49","16.93","6","6","7.66","Water management","19","3","8","5.44","1","7.36"
"SYN-LA-01421","Bihar","Patna","7.98","Industrial","Residential","6","6","0","0","1.62","2.2","4","","9.38","Public utility","8","5","5","7.91","1","9.82"
"SYN-LA-01422","","Nalanda","0.9","Residential","Mixed use","2","2","1","0","0.21","0.26","8","4","3.4","Water management","7","5","9","6.95","1","9.57"
"SYN-LA-01423","Jharkhand","Ranchi","19.31","Residential","Commercial","2","4","0","1","14.49","18.91","4","9","11.4","Water management","6","2","7","10.79","1","11.84"
"SYN-LA-01424","Uttar Pradesh","Saran","6.43","Commercial","Residential","3","5","0","0","5.48","7.25","2","6","9.66","Public utility","3","5","6","4.89","1","7.24"
"SYN-LA-01425","Jharkhand","Begusarai","0.98","Agricultural","Single-crop","7","9","0","0","0.51","0.56","4","8","11.54","Road","5","5","7","10.19","2","13.37"
"SYN-LA-01426","Bihar","Nalanda","19.75","Commercial","Commercial","2","3","0","0","4.86","6.8","8","7","4.35","Water management","13","0","5","4.75","1","5.3"
"SYN-LA-01427","Bihar","Bhagalpur","20.84","Commercial","Commercial","5","7","0","0","3.93","4.97","3","5","10.56","Public utility","9","1","5","9.95","1","12.04"
"SYN-LA-01428","Uttar Pradesh","","8.39","Commercial","Fallow","8","9","1","3","5.83","7.09","7","7","7.93","Road","6","2","7","12.64","3","18.32"
"SYN-LA-01429","Bihar","Purnia","1.35","","","5","5","0","0","0.82","0.96","","4","6.79","Water management","11","4","8","9.92","1","11.38"
"SYN-LA-01430","Uttar Pradesh","Bhojpur","5.27","Residential","Commercial","2","2","0","","1.23","1.69","3","8","10.65","Rail","7","3","7","6.26","0","8.17"
"SYN-LA-01431","Bihar","Nalanda","3.01","Agricultural","Fallow","","8","0","0","0.68","0.76","6","7","8.71","Rail","16","2","6","7.46","1","9.64"
"","Jharkhand","Nalanda","11.66","Residential","Mixed use","7","8","0","0","2.79","3.12","4","5","8.42","Water management","3","5","5","9.69","2","13.5"
"SYN-LA-01433","Bihar","Begusarai","3.9","Industrial","Commercial","5","5","0","0","2.46","2.86","3","6","2.86","Road","11","1","8","12.37","1","13.33"
"","Jharkhand","Dhanbad","","Industrial","Mixed use","6","8","0","0","7.86","10.14","0","7","6.41","Road","9","0","5","13.02","1","15.22"
"SYN-LA-01435","Bihar","Purnia","10.17","Commercial","Multi-crop","8","8","0","1","2.91","3.27","5","9","9.75","Road","6","2","","10.32","1","13.45"
"","Bihar","Purnia","15.15","Agricultural","Fallow","1","3","0","0","11.43","14.52","5","9","6.23","Industrial corridor","7","3","6","7.24","1","8.38"
"SYN-LA-01437","Uttar Pradesh","Purnia","23.57","Forest buffer","Fallow","5","6","0","","5.03","6.36","3","5","10.51","Road","20","2","7","12.98","1","13.81"
"SYN-LA-01438","Bihar","Nalanda","18.26","Residential","Commercial","","5","0","0","6.4","8.95","1","","7.94","Rail","6","2","8","6.64","1","8.59"
"SYN-LA-01439","Bihar","Gaya","7.48","Forest buffer","Residential","","9","0","0","3.18","4.22","9","2","3.53","Water management","11","0","7","9.12","2","9.76"
"SYN-LA-01440","Bihar","Saran","11.38","Agricultural","Fallow","2","3","0","0","3.81","5.26","1","","7.34","Industrial corridor","5","3","8","7.84","0","9.99"
"SYN-LA-01441","Jharkhand","Begusarai","3.68","Forest buffer","Fallow","4","5","0","0","2.15","2.91","4","7","0.23","Industrial corridor","12","2","8","5.95","0","6.38"
"SYN-LA-01442","Bihar","Saran","12.27","","Commercial","2","4","0","0","6.58","7.35","2","9","6.2","Rail","15","4","9","5.8","0","6.5"
"SYN-LA-01443","Jharkhand","","9.16","Forest buffer","Fallow","4","5","1","1","5.78","6.38","","6","8.74","Rail","19","0","6","12.38","2","14.86"
"SYN-LA-01444","Bihar","Patna","12.34","Industrial","Single-crop","5","6","1","4","5.4","6.09","1","9","2.1","Industrial corridor","2","0","7","11.76","1","17.08"
"SYN-LA-01445","Bihar","Patna","1.69","Industrial","Multi-crop","8","","0","0","1.17","1.31","1","4","10.94","Public utility","10","4","7","11.93","1","14.01"
"SYN-LA-01446","Bihar","Nalanda","1.97","Residential","Residential","1","2","1","0","1.53","1.83","1","9","10.2","Rail","18","4","6","10.94","1","15.39"
"SYN-LA-01447","Bihar","Ranchi","","Commercial","Multi-crop","4","5","1","2","14.74","17.73","4","7","","Water management","7","5","5","11.26","2","16.29"
"SYN-LA-01448","Uttar Pradesh","Patna","10.69","Agricultural","Multi-crop","2","4","0","0","7.02","7.49","8","8","0.96","Public utility","10","4","10","","0","8.38"
"SYN-LA-01449","Jharkhand","Dhanbad","23.7","Agricultural","Fallow","","4","0","1","9.38","10.56","2","5","4.29","Rail","","2","6","12.43","1","15.94"
"SYN-LA-01450","","Saran","23.23","Forest buffer","Fallow","3","4","0","1","13.01","16.65","9","5","3.58","Road","16","5","9","11.07","2","15.15"
"SYN-LA-01451","Jharkhand","Nalanda","8.69","Agricultural","Single-crop","1","1","0","0","3.67","5.11","6","3","9.06","Public utility","17","4","6","8.69","1","9.98"
"SYN-LA-01452","Uttar Pradesh","","17.54","Forest buffer","Multi-crop","1","1","0","0","5.8","6.18","3","3","5.76","Road","16","2","10","7.62","1","7.74"
"SYN-LA-01453","Bihar","Muzaffarpur","22.41","Industrial","Residential","5","6","0","0","7.58","8.72","2","10","9.38","Public utility","12","2","6","10.85","1","13.44"
"SYN-LA-01454","Uttar Pradesh","Muzaffarpur","9.04","Commercial","Commercial","7","7","0","0","7.36","10.03","6","4","","Industrial corridor","10","4","5","12.67","1","14.55"
"SYN-LA-01455","Jharkhand","","2.87","","Fallow","5","7","1","2","2.1","2.27","9","7","2.95","Public utility","8","3","10","7.93","2","12.73"
"SYN-LA-01456","Jharkhand","Dhanbad","9.14","Forest buffer","Mixed use","8","8","1","1","5.27","5.93","10","6","9.25","Water management","17","0","8","14.3","3","15.72"
"SYN-LA-01457","","Ranchi","22.4","Residential","Multi-crop","4","6","0","0","14.79","17.96","5","5","1.52","Public utility","6","0","8","11.17","1","10.7"
"SYN-LA-01458","Bihar","Purnia","5.72","","Mixed use","5","5","0","1","4.77","5.27","7","7","11.31","Water management","16","3","7","10.21","1","13.56"
"SYN-LA-01459","","Ranchi","18.04","Agricultural","Residential","1","1","0","","4.86","5.98","1","10","8.18","","10","3","7","7.56","0","10.66"
"SYN-LA-01460","Bihar","Saran","8.42","Commercial","Mixed use","8","9","0","0","4.1","4.82","5","5","10.04","Road","14","3","6","14.94","2","17.87"
"SYN-LA-01461","Bihar","Bhojpur","4.32","Forest buffer","Fallow","7","9","0","0","1.84","2.01","7","1","5.66","Industrial corridor","17","2","6","12.81","2","15.23"
"SYN-LA-01462","Bihar","Purnia","24.82","Forest buffer","Multi-crop","6","6","0","0","10.51","11.99","7","5","1.46","","19","2","8","11.32","1","13.33"
"SYN-LA-01463","Bihar","Bhojpur","24.12","Commercial","Residential","2","","1","4","","15.38","5","7","9.44","Public utility","17","3","9","13.68","2","20.78"
"SYN-LA-01464","Uttar Pradesh","Muzaffarpur","24.71","","Mixed use","1","","1","4","8.52","9.25","2","4","9.5","Water management","20","1","10","8.01","1","11.37"
"SYN-LA-01465","","","7.93","Industrial","Commercial","2","2","1","1","2.66","3.37","5","7","6.32","Rail","16","3","9","9.11","1","13.88"
"SYN-LA-01466","Jharkhand","Patna","7.76","Commercial","Fallow","3","5","0","1","4.28","5.79","7","8","2.11","Rail","12","2","10","6.24","1","6.19"
"SYN-LA-01467","Jharkhand","Muzaffarpur","18.1","Forest buffer","","4","4","0","0","13.14","14.89","7","","4.93","Water management","8","1","5","11.78","1","14.68"
"SYN-LA-01468","Uttar Pradesh","","17.16","Residential","Mixed use","7","8","0","0","5.67","6.18","2","4","8.17","Road","3","2","6","8.18","1","10.4"
"SYN-LA-01469","Uttar Pradesh","Begusarai","0.81","Residential","Residential","5","6","0","0","0.29","0.37","9","9","4.54","Water management","8","","10","10.94","1","12.07"
"SYN-LA-01470","Uttar Pradesh","Patna","22.82","Industrial","Fallow","8","9","0","0","5.2","5.75","3","8","8.77","Water management","13","0","4","13.22","1","15.21"
"SYN-LA-01471","Jharkhand","Patna","21.01","Residential","Commercial","2","3","0","","6.6","7.25","1","6","10.18","Road","12","5","5","7.86","1","12.42"
"SYN-LA-01472","Bihar","Purnia","4.49","Industrial","Mixed use","4","5","1","4","1.04","1.43","1","4","9.88","Road","10","4","9","10.24","2","15.17"
"SYN-LA-01473","Uttar Pradesh","Begusarai","9.08","Forest buffer","Residential","8","10","0","0","7.86","9.59","9","6","1.72","Industrial corridor","10","2","8","12.85","1","15"
"SYN-LA-01474","Uttar Pradesh","Ranchi","22","Commercial","Fallow","3","","0","","16.52","20.42","1","7","3.52","Road","3","4","10","","0","8.6"
"SYN-LA-01475","Bihar","Bhagalpur","24.9","Forest buffer","Fallow","1","2","0","0","13.01","13.34","2","6","5.74","","3","","6","9.4","0","10.93"
"","Bihar","Muzaffarpur","14.62","Agricultural","Multi-crop","2","2","1","3","","3.42","7","6","9.26","Industrial corridor","5","4","6","9.16","2","15.68"
"SYN-LA-01477","Uttar Pradesh","Patna","20.51","Commercial","Residential","5","5","0","0","12.61","15.2","3","9","4.85","Public utility","5","4","5","13.38","1","15.2"
"SYN-LA-01478","Uttar Pradesh","Muzaffarpur","15.61","Commercial","Commercial","2","4","1","1","10.76","12.48","4","7","1.25","Public utility","6","0","8","","1","16.1"
"SYN-LA-01479","Jharkhand","Begusarai","20.09","","Residential","","5","","1","8.11","10.99","4","8","2.75","Rail","8","2","9","12.65","1","14.95"
"SYN-LA-01480","Jharkhand","Ranchi","9.03","Industrial","Mixed use","6","6","1","1","","5.86","1","8","","Rail","17","2","8","14.71","1","18.89"
"SYN-LA-01481","Bihar","Nalanda","23.49","Forest buffer","Residential","2","","0","0","12.89","13.87","2","6","6.96","Public utility","4","3","8","5.44","0","7.3"
"SYN-LA-01482","Uttar Pradesh","Nalanda","4.05","Forest buffer","Single-crop","1","1","0","0","3.22","4.37","5","2","4.37","Industrial corridor","14","2","7","10.87","1","11.83"
"SYN-LA-01483","Bihar","Muzaffarpur","21.61","Agricultural","Fallow","6","7","1","3","17","19.87","7","4","7.61","Public utility","8","1","5","10.65","2","15.31"
"SYN-LA-01484","Uttar Pradesh","Muzaffarpur","19.8","Commercial","Residential","6","7","1","2","4.26","","8","9","3.53","Rail","13","3","6","9.2","2","14.41"
"SYN-LA-01485","Uttar Pradesh","Vaishali","18.65","Agricultural","Fallow","5","6","0","0","14.8","17.1","7","5","7.4","Industrial corridor","19","2","9","12.73","1","14.97"
"SYN-LA-01486","Jharkhand","Muzaffarpur","4.39","Commercial","Commercial","1","2","0","1","1.98","2.74","5","7","5.11","Water management","4","4","6","5.36","1","10.02"
"","Uttar Pradesh","Purnia","19.4","Commercial","Single-crop","2","1","","3","10.45","12.82","3","4","6.08","Industrial corridor","4","2","6","8.16","1","12.45"
"SYN-LA-01488","Uttar Pradesh","Muzaffarpur","17.09","Commercial","Residential","4","4","0","1","12.57","14.19","5","8","0.3","Industrial corridor","10","0","8","14.03","1","15.59"
"SYN-LA-01489","","","15.87","Commercial","Multi-crop","4","","0","0","13.46","18.38","2","4","7.7","Water management","7","0","8","8.45","1","7.97"
"SYN-LA-01490","Jharkhand","Begusarai","7.36","Agricultural","Multi-crop","3","3","0","0","2.39","2.76","1","9","9.15","Public utility","8","3","","10.5","0","10.17"
"SYN-LA-01491","Uttar Pradesh","Patna","0.96","Residential","Commercial","3","3","0","0","0.54","0.7","2","10","5.8","Road","15","","6","8.77","1","10.47"
"SYN-LA-01492","Uttar Pradesh","Bhagalpur","23.36","Agricultural","Residential","3","2","0","0","7.06","7.25","4","5","9.32","Public utility","18","2","8","9.98","1","10.88"
"SYN-LA-01493","Jharkhand","Saran","10.89","Forest buffer","Multi-crop","1","0","0","1","5.85","7.63","9","1","5.61","Industrial corridor","9","0","6","4.92","1","8.44"
"SYN-LA-01494","Jharkhand","Dhanbad","20.81","Forest buffer","Fallow","8","10","0","0","17.76","21.4","3","2","9.74","Industrial corridor","3","1","7","9.17","1","11.55"
"SYN-LA-01495","Jharkhand","Purnia","7.47","Residential","Residential","2","3","1","2","1.59","2.04","2","8","11.51","Road","3","","9","8.03","1","13.55"
"SYN-LA-01496","Bihar","Bhojpur","4.16","Agricultural","Mixed use","6","7","0","0","3.51","4.21","9","3","0.31","Water management","4","1","5","9.98","1","12.05"
"SYN-LA-01497","Bihar","Vaishali","14.41","Agricultural","Residential","4","6","0","0","12.25","","7","7","1.11","Road","15","7","8","8.89","1","12.16"
"SYN-LA-01498","Uttar Pradesh","Bhagalpur","23.13","Agricultural","Mixed use","1","1","0","1","9.07","10.11","2","9","12.03","Water management","20","0","5","","1","13.57"
"SYN-LA-01499","Jharkhand","","21.18","Commercial","Multi-crop","","10","0","0","8.87","9.37","6","5","","Rail","","3","3","11.78","2","14.71"
"SYN-LA-01500","Jharkhand","Begusarai","15.45","Commercial","Commercial","8","9","0","0","","14.18","5","7","9.82","Rail","9","","4","13.7","2","17.51"
"SYN-LA-01501","Jharkhand","Nalanda","19.34","Forest buffer","Fallow","7","9","0","0","9.31","11.85","8","8","6.96","","4","2","7","10.82","1","13.47"
"SYN-LA-01502","Jharkhand","Nalanda","19.07","Commercial","Residential","5","6","0","0","9.83","10.51","4","10","6.68","Rail","16","4","9","11.25","1","11.31"
"SYN-LA-01503","Bihar","Patna","20.04","Residential","Fallow","5","6","0","0","13.02","17.11","6","5","6.61","Rail","11","","5","13.73","1","17.55"
"","Bihar","Purnia","","","Fallow","6","6","0","0","2.47","2.85","1","10","7.91","Industrial corridor","20","4","5","7.52","1","10.58"
"SYN-LA-01505","Bihar","Gaya","15.2","Residential","Commercial","8","8","0","0","13.13","16.04","8","4","11.6","Water management","10","2","","8.98","2","12.02"
"SYN-LA-01506","Bihar","Ranchi","9.27","Commercial","Multi-crop","3","5","0","0","2.19","2.29","6","6","10.68","Water management","5","3","8","5.19","1","5.63"
"SYN-LA-01507","Uttar Pradesh","Dhanbad","9.52","Agricultural","Mixed use","8","8","1","2","8.16","9.84","1","","2.98","Public utility","3","3","6","15.69","2","21.64"
"SYN-LA-01508","Uttar Pradesh","Nalanda","21.11","Industrial","Multi-crop","3","4","0","1","17.38","18.78","1","4","7.56","Road","4","1","5","9.01","1","12.43"
"SYN-LA-01509","Jharkhand","Gaya","20.03","Agricultural","Fallow","4","4","0","0","8.96","9.61","8","3","1.05","Water management","12","2","7","8.86","1","9.47"
"SYN-LA-01510","Uttar Pradesh","Bhagalpur","5.49","Residential","Single-crop","","5","0","1","1.55","1.96","7","3","8.24","Water management","16","1","5","12.39","2","16.52"
"SYN-LA-01511","Jharkhand","Purnia","16.87","Agricultural","Fallow","7","8","0","0","13.17","15.84","3","7","11.75","Public utility","4","5","4","13.1","2","15.97"
"SYN-LA-01512","Bihar","Gaya","10.26","Industrial","Residential","4","6","1","3","7.11","7.81","9","9","11.34","Water management","20","0","10","8.43","2","13.4"
"SYN-LA-01513","Jharkhand","Nalanda","","Residential","Multi-crop","7","7","0","0","4.21","5.29","8","9","5.36","Public utility","9","1","7","10.98","1","13.14"
"SYN-LA-01514","Uttar Pradesh","Patna","11.68","Agricultural","Fallow","6","8","1","4","2.98","3.56","6","6","11.81","Road","","","7","17.32","3","23.18"
"SYN-LA-01515","Uttar Pradesh","Gaya","14.81","Forest buffer","","8","8","0","1","6.01","7.8","5","2","3.72","Water management","6","3","6","16.3","2","18.14"
"SYN-LA-01516","Uttar Pradesh","Muzaffarpur","22.23","Commercial","Residential","6","6","0","1","15.68","17.94","7","6","4.67","Industrial corridor","9","3","4","14.85","2","17.81"
"SYN-LA-01517","Jharkhand","Ranchi","12.89","Residential","Single-crop","7","8","0","0","6.28","7.7","3","8","6.59","Water management","20","4","3","11","2","14.5"
"SYN-LA-01518","Uttar Pradesh","Begusarai","18.3","Agricultural","Commercial","4","5","0","1","6.41","8.76","7","9","10","Public utility","2","1","8","8.91","1","9.43"
"SYN-LA-01519","Jharkhand","Purnia","14.13","Forest buffer","Commercial","7","7","1","4","8.61","9.81","4","6","9.5","Public utility","20","2","6","11.16","3","17.87"
"SYN-LA-01520","","Dhanbad","1.92","Agricultural","Residential","2","2","0","0","1.44","1.73","6","","4.22","Water management","5","0","6","5.59","0","7.85"
"SYN-LA-01521","Jharkhand","Begusarai","10.11","Residential","Multi-crop","6","8","0","0","7.86","9.41","4","5","3.63","Water management","19","4","8","11.55","1","11.96"
"SYN-LA-01522","Jharkhand","Saran","14.67","Industrial","Fallow","1","2","0","0","9.2","11.98","5","9","4.51","Rail","19","0","6","9.09","1","10.34"
"SYN-LA-01523","Jharkhand","Dhanbad","13.93","Forest buffer","Residential","5","5","1","3","5.8","6.7","7","4","0.94","Water management","6","2","7","9.41","2","15.36"
"SYN-LA-01524","Jharkhand","Nalanda","8.08","Commercial","","3","4","0","0","6.47","6.78","","7","4.84","Public utility","17","1","8","11.45","0","13.86"
"SYN-LA-01525","Bihar","Nalanda","20.7","Commercial","Fallow","7","7","0","0","11.72","15.24","2","8","4.98","Public utility","14","1","8","11.99","1","13.69"
"SYN-LA-01526","Bihar","Dhanbad","6.14","Industrial","Single-crop","6","7","0","1","4.59","6.36","","6","4.93","Industrial corridor","5","4","4","10.2","1","14.99"
"SYN-LA-01527","Bihar","Nalanda","12.57","Residential","","","9","0","0","9.82","11.91","4","5","6.66","Rail","7","3","7","12.21","1","15.22"
"SYN-LA-01528","Uttar Pradesh","Nalanda","6.81","Forest buffer","Residential","6","8","1","2","2.91","3.22","3","2","7.4","","7","4","6","","2","17.07"
"SYN-LA-01529","Jharkhand","Muzaffarpur","12.83","Industrial","Fallow","4","","0","0","6.65","7.61","5","9","10.72","Industrial corridor","19","1","5","9.67","1","10.75"
"SYN-LA-01530","Bihar","Nalanda","4.8","Residential","Multi-crop","3","5","0","0","2.47","2.57","6","5","9.26","Industrial corridor","20","5","8","7.35","1","9.59"
"SYN-LA-01531","Bihar","Dhanbad","22.26","Agricultural","Fallow","2","4","1","3","9.9","13.61","3","9","3.13","Water management","17","5","7","8.22","1","13.27"
"SYN-LA-01532","Uttar Pradesh","Vaishali","9.2","Forest buffer","Mixed use","6","7","1","4","2.41","2.6","7","4","1.1","Road","7","4","7","16.05","3","22.22"
"SYN-LA-01533","Uttar Pradesh","Saran","16.89","Industrial","Single-crop","5","7","0","0","","5.02","4","8","0.76","Public utility","5","3","9","8.29","1","9.77"
"SYN-LA-01534","Bihar","Gaya","16.61","Residential","Commercial","7","9","0","0","4.94","6.24","5","7","1.34","Public utility","18","3","4","10.28","2","13.05"
"SYN-LA-01535","Bihar","Gaya","11.99","Forest buffer","Single-crop","8","9","0","0","5.25","5.79","9","6","1.11","Road","19","1","5","14.86","2","16.34"
"SYN-LA-01536","Bihar","Patna","22.74","Industrial","Multi-crop","6","6","0","0","10.33","13.75","","","4.57","Road","4","3","6","14.12","1","16.33"
"SYN-LA-01537","Jharkhand","Purnia","23.73","Industrial","Mixed use","8","10","0","0","10.82","12.28","7","9","8.78","Industrial corridor","20","1","6","9.64","2","10.87"
"SYN-LA-01538","Uttar Pradesh","Nalanda","5.86","Commercial","Multi-crop","2","2","0","0","3.64","5.03","1","7","10.76","Industrial corridor","3","2","6","9.52","1","11.14"
"SYN-LA-01539","Jharkhand","","24.2","Industrial","Multi-crop","3","5","0","1","8.09","10.37","2","5","7.08","Rail","16","4","10","","1","11.21"
"SYN-LA-01540","Uttar Pradesh","Begusarai","17.86","Commercial","Multi-crop","6","8","0","0","5.92","7.43","8","4","9.29","Water management","3","0","4","13.23","2","15.43"
"SYN-LA-01541","","Bhagalpur","24.27","Residential","Single-crop","8","7","0","0","18.87","25.3","3","7","4.71","Road","9","3","5","13.52","1","17.03"
"SYN-LA-01542","Uttar Pradesh","Purnia","17.22","Residential","Fallow","1","3","1","4","5.86","7.68","3","","8.58","Water management","9","3","8","14.25","2","20.06"
"SYN-LA-01543","Uttar Pradesh","Dhanbad","15.01","Industrial","Fallow","7","8","0","0","5.55","5.8","1","6","9.4","Rail","18","2","","14.17","2","17.22"
"SYN-LA-01544","Uttar Pradesh","Ranchi","20.69","Commercial","Fallow","3","5","0","0","4.28","5.12","2","5","7.66","Industrial corridor","4","0","7","","0","7.39"
"SYN-LA-01545","Uttar Pradesh","Nalanda","21.57","Commercial","","8","10","1","1","5.17","5.74","2","9","7.34","Road","9","5","6","12.24","2","18.3"
"SYN-LA-01546","Uttar Pradesh","Gaya","12.56","Agricultural","Multi-crop","4","6","1","1","9.28","11.85","1","8","2.48","Public utility","2","1","8","8.14","1","11.87"
"SYN-LA-01547","Bihar","Ranchi","13.99","Agricultural","Commercial","6","6","0","0","8.22","9.75","6","3","10.81","Public utility","15","1","4","8.06","2","11.36"
"SYN-LA-01548","Bihar","Bhagalpur","12.86","","Residential","8","10","0","0","10.82","14.13","5","5","3.3","Rail","15","4","5","10.99","2","13.58"
"","Jharkhand","Muzaffarpur","21.71","","Commercial","8","10","1","4","5.98","7.17","1","6","11.8","Rail","","3","7","12.66","3","19.35"
"SYN-LA-01550","","Purnia","2.34","Commercial","Residential","1","1","0","1","1.48","2.01","7","7","2.46","Rail","4","4","10","12.25","0","15.26"
"SYN-LA-01551","Uttar Pradesh","Gaya","20.37","Residential","Single-crop","6","7","0","","5.33","7.4","7","8","11.09","Road","7","2","4","9.79","2","13.01"
"SYN-LA-01552","Uttar Pradesh","Dhanbad","3.69","Residential","Fallow","2","1","0","0","1.62","2.26","4","10","11.9","Public utility","2","4","8","8.82","0","11.17"
"SYN-LA-01553","Jharkhand","Nalanda","16.06","Forest buffer","Single-crop","7","8","0","1","13.78","16.42","2","2","3.58","Industrial corridor","17","4","5","7.9","2","13.07"
"","Jharkhand","","16.51","","Single-crop","5","6","0","0","10.58","14.45","2","1","10.96","Rail","","3","7","5.99","1","6.74"
"SYN-LA-01555","Uttar Pradesh","Bhojpur","1.84","Residential","Single-crop","2","4","0","1","0.61","0.82","6","7","3.32","Public utility","5","1","8","7.46","0","9.53"
"SYN-LA-01556","Jharkhand","Ranchi","16.12","Commercial","Fallow","1","1","0","0","6.83","7.13","1","8","4.07","Rail","","3","9","11.02","0","11.07"
"SYN-LA-01557","Bihar","Saran","21.69","Commercial","Mixed use","5","6","0","0","6.93","7.81","0","9","9.79","Industrial corridor","5","2","","7.31","0","8.37"
"","Jharkhand","Ranchi","22.87","Forest buffer","Fallow","5","6","1","0","15.93","20.22","","5","2.38","Water management","7","5","8","10.65","2","14.91"
"SYN-LA-01559","Uttar Pradesh","Muzaffarpur","5.53","Commercial","Residential","4","4","1","4","2.93","3.32","","8","1.82","Road","14","8","9","15.67","2","23.22"
"SYN-LA-01560","Bihar","Saran","24.81","Industrial","Fallow","3","4","1","0","15.77","19.35","1","","8.74","Road","12","1","5","5.33","1","7.46"
"SYN-LA-01561","Uttar Pradesh","Patna","11.19","Industrial","Commercial","3","4","0","1","9.45","10.68","7","4","9.32","Industrial corridor","13","2","7","9.19","1","11.55"
"SYN-LA-01562","Uttar Pradesh","","3.37","Industrial","Multi-crop","3","4","0","0","2.9","3.11","6","8","3.87","Industrial corridor","20","","9","11.82","1","12.18"
"SYN-LA-01563","Bihar","Muzaffarpur","9.43","Industrial","Commercial","8","10","0","0","5.52","7.55","8","4","2.99","Road","3","4","5","14.23","2","17.82"
"SYN-LA-01564","Jharkhand","Begusarai","11.59","Residential","Single-crop","4","4","1","2","5.18","5.91","2","6","10.35","Rail","8","5","7","8.05","2","14.5"
"SYN-LA-01565","Jharkhand","Nalanda","4.17","Forest buffer","Mixed use","3","3","0","0","3.06","4.28","8","6","6.65","","3","1","6","4.67","1","6.74"
"SYN-LA-01566","Uttar Pradesh","Gaya","17.86","Commercial","Fallow","6","7","0","1","6.7","8.31","2","7","8.36","Rail","7","1","6","7.92","1","10.79"
"SYN-LA-01567","Uttar Pradesh","Saran","","Residential","Mixed use","8","9","1","0","7.04","8.03","5","6","11.17","Rail","12","","6","15.25","2","19.41"
"SYN-LA-01568","Bihar","Ranchi","19.11","Agricultural","Fallow","1","0","1","1","14.84","18.04","3","","8.46","Water management","4","0","9","5.05","0","7.77"
"SYN-LA-01569","Jharkhand","Dhanbad","18.58","Commercial","Residential","2","4","0","0","4.3","","6","10","0.85","Road","10","5","8","10.79","1","12.13"
"SYN-LA-01570","Bihar","Dhanbad","18.2","Commercial","Residential","2","4","0","0","9.58","11.72","4","5","5.82","","8","6","7","4.1","1","7.26"
"SYN-LA-01571","Uttar Pradesh","Muzaffarpur","6.46","Forest buffer","Residential","7","9","1","0","1.31","","4","6","0.84","Public utility","5","1","","14.08","2","18.04"
"SYN-LA-01572","","Begusarai","17.01","Forest buffer","Residential","4","5","0","0","13.02","16.57","8","7","11.13","Industrial corridor","7","5","7","11.79","1","12.86"
"SYN-LA-01573","Uttar Pradesh","Muzaffarpur","21.35","Residential","Single-crop","4","6","0","0","5.99","7.73","6","6","4.72","Water management","17","3","10","5.86","1","6.49"
"","Uttar Pradesh","Ranchi","4.55","Industrial","Single-crop","3","4","0","0","0.96","1.19","5","9","1.61","Road","18","2","8","8.96","1","10.65"
"SYN-LA-01575","Uttar Pradesh","Nalanda","24.67","Commercial","Commercial","4","6","0","0","7.72","10.8","6","7","1.22","Rail","8","6","5","9.82","1","13.34"
"SYN-LA-01576","Jharkhand","Patna","6.2","Residential","Mixed use","3","4","0","0","3.26","3.74","2","7","0.5","Industrial corridor","17","4","7","7.24","1","10.42"
"SYN-LA-01577","Bihar","Patna","23.79","Forest buffer","Single-crop","1","","0","0","8.01","8.85","2","4","7.41","Road","8","4","10","6.6","1","8.41"
"SYN-LA-01578","Bihar","Muzaffarpur","8.33","Residential","Mixed use","7","7","0","0","5.69","6.81","8","7","1.9","Rail","14","3","7","13.88","1","16.19"
"SYN-LA-01579","Jharkhand","Purnia","5.93","Commercial","Mixed use","1","0","","0","3.76","4.94","3","7","0.49","Road","15","4","7","7.18","0","8.47"
"SYN-LA-01580","Uttar Pradesh","Muzaffarpur","17.92","Agricultural","Multi-crop","1","1","0","","10.63","14.1","6","9","7.98","Rail","17","1","6","8.94","1","10.58"
"SYN-LA-01581","Uttar Pradesh","Bhagalpur","13.66","Agricultural","Multi-crop","","10","0","0","11.6","14.79","6","8","5.59","","19","1","8","12.06","1","12.75"
"SYN-LA-01582","Uttar Pradesh","Saran","21.89","Forest buffer","Mixed use","1","","0","0","7.15","","","5","9.05","Rail","15","5","9","5.37","1","6.62"
"SYN-LA-01583","Bihar","Bhojpur","14.36","Forest buffer","Multi-crop","1","1","0","0","6.98","7.32","9","8","5.9","Water management","9","2","10","7.46","1","8.62"
"SYN-LA-01584","Bihar","Gaya","9.93","Residential","Residential","8","8","0","0","7.3","8.83","","4","7.62","Public utility","","3","4","9.7","2","14.12"
"SYN-LA-01585","Jharkhand","Gaya","2.69","Industrial","Mixed use","8","10","0","0","2.17","2.49","8","7","2.47","Public utility","13","","3","9.64","2","12.25"
"SYN-LA-01586","Jharkhand","Muzaffarpur","24.8","Residential","Residential","3","4","0","0","11.32","13.69","4","8","0.99","","7","5","10","7.86","0","9.13"
"SYN-LA-01587","Bihar","Purnia","3.74","Industrial","Multi-crop","4","4","0","0","2.08","2.88","0","8","10.84","Industrial corridor","2","3","","5.79","0","6.15"
"SYN-LA-01588","Uttar Pradesh","Bhojpur","6.11","Residential","Residential","7","9","0","0","1.79","1.98","4","10","10.94","Water management","4","4","7","10.33","1","12.71"
"SYN-LA-01589","Uttar Pradesh","Muzaffarpur","14.26","Forest buffer","Multi-crop","7","7","0","0","7.01","9.68","10","4","","Public utility","4","1","3","14.26","2","15.75"
"SYN-LA-01590","Uttar Pradesh","Purnia","21.14","Agricultural","Commercial","6","6","0","1","11.81","15.97","2","9","3.42","Rail","5","7","4","12.52","1","17.03"
"SYN-LA-01591","Uttar Pradesh","Nalanda","","Agricultural","Multi-crop","","6","1","3","","1.97","8","7","7.1","Water management","17","2","7","10.19","3","16.42"
"SYN-LA-01592","Uttar Pradesh","Bhagalpur","9.84","Residential","Commercial","2","4","0","0","2.64","3.23","8","10","5.75","Public utility","8","1","5","10.02","1","12"
"","Bihar","Muzaffarpur","11.85","Agricultural","Commercial","8","8","0","1","2.32","3.14","","8","5.78","Rail","12","7","5","12.84","2","18.82"
"SYN-LA-01594","Uttar Pradesh","Purnia","7.8","Forest buffer","Residential","7","8","1","1","6.33","8.85","2","4","6.83","Road","5","4","","12.04","3","19.03"
"SYN-LA-01595","Bihar","Bhojpur","4.43","Industrial","Residential","8","10","0","0","3.18","4.42","3","3","3.56","Rail","17","3","7","8.25","2","11.19"
"SYN-LA-01596","Uttar Pradesh","Muzaffarpur","1.39","Residential","Multi-crop","2","2","0","0","0.81","0.99","4","9","8.34","Road","18","3","9","7.88","0","9.72"
"SYN-LA-01597","Jharkhand","Saran","16.46","Commercial","Commercial","5","5","0","0","8.19","11.07","7","5","11.01","Water management","6","2","9","9.38","1","10.4"
"SYN-LA-01598","Jharkhand","Muzaffarpur","18.07","Forest buffer","Fallow","5","5","1","0","8.46","10.77","8","3","11.27","","12","2","8","9.85","2","12.23"
"SYN-LA-01599","Jharkhand","Vaishali","9.24","Commercial","Multi-crop","3","2","0","0","6.06","8.34","3","7","3.43","","18","2","8","8.54","0","9.05"
"SYN-LA-01600","Jharkhand","Saran","21.21","Industrial","Commercial","3","5","","0","15.81","16.83","7","6","9.59","Road","3","4","5","10.22","2","12.88"
"SYN-LA-01601","Uttar Pradesh","","14.29","Forest buffer","","8","9","0","0","11.28","15.09","5","2","0.1","Public utility","8","1","7","7.69","1","10.18"
"SYN-LA-01602","Uttar Pradesh","Patna","3.21","Residential","Mixed use","3","5","0","0","1.49","1.68","7","7","4.81","","6","2","7","11.99","1","13.58"
"SYN-LA-01603","Bihar","Nalanda","12.15","Forest buffer","Commercial","6","7","0","0","9.24","9.67","4","4","3.27","Rail","14","4","7","9.58","1","13.11"
"SYN-LA-01604","Bihar","Ranchi","8.39","Commercial","Mixed use","3","4","0","0","4.69","6","7","","6.24","Road","9","4","8","9.53","1","10.71"
"SYN-LA-01605","Uttar Pradesh","Patna","11.87","Agricultural","Single-crop","","3","0","0","7.35","8.29","5","9","9.61","Rail","6","4","8","4.58","0","6.63"
"SYN-LA-01606","Jharkhand","Purnia","22.93","Residential","Multi-crop","8","8","0","0","14.03","","6","5","8.6","Public utility","14","1","8","9.95","1","9.55"
"SYN-LA-01607","Uttar Pradesh","Dhanbad","11.02","Agricultural","Single-crop","","2","1","3","3.01","3.33","4","8","7.91","Road","12","0","8","8.95","1","14.29"
"SYN-LA-01608","Jharkhand","Bhojpur","13.18","Industrial","Multi-crop","","3","0","0","3.97","4.35","4","9","12","Water management","18","3","9","8.86","1","10.88"
"SYN-LA-01609","Bihar","Vaishali","21.29","Forest buffer","Fallow","2","3","0","","18.65","22.7","10","1","10.77","Public utility","","4","6","5.96","1","9.13"
"SYN-LA-01610","Bihar","Gaya","11.57","Agricultural","Commercial","5","5","1","3","8.87","10.38","3","5","0.51","Water management","7","0","8","10.31","1","13.67"
"SYN-LA-01611","Bihar","Saran","11.04","Agricultural","Single-crop","4","5","1","2","7.17","9.58","1","9","10.55","Rail","18","0","8","12.41","1","15.02"
"SYN-LA-01612","","Gaya","5.02","Commercial","Commercial","1","2","0","1","4.32","5.44","2","4","5.71","Water management","11","4","8","6.62","1","10.12"
"SYN-LA-01613","Uttar Pradesh","Vaishali","6.05","Industrial","","5","5","","0","3.85","4.83","2","4","8.17","Rail","5","4","","8.21","1","11.66"
"SYN-LA-01614","Bihar","Bhojpur","14.15","Residential","Single-crop","3","2","0","0","2.7","3.72","3","7","0.29","Road","4","4","8","5.07","0","6.5"
"SYN-LA-01615","Bihar","Bhojpur","12.03","Industrial","Residential","6","7","0","0","5.37","6.06","6","9","10.21","Rail","14","2","3","7.61","1","10.22"
"SYN-LA-01616","Uttar Pradesh","Purnia","3.97","Residential","Multi-crop","8","8","0","0","3.45","3.79","2","8","5.14","Rail","15","3","7","8.96","1","11.02"
"SYN-LA-01617","Jharkhand","Ranchi","18","Forest buffer","Mixed use","5","5","1","0","6.39","8.45","8","1","11.95","Water management","3","5","6","9.72","3","13.9"
"SYN-LA-01618","Bihar","Gaya","1.94","Agricultural","Residential","8","10","0","0","1.28","1.45","","5","2.05","Rail","","3","6","10.74","2","14.19"
"SYN-LA-01619","Uttar Pradesh","Saran","7.63","Commercial","Single-crop","1","0","0","0","2.94","3.96","1","6","9.6","Industrial corridor","8","3","7","6.01","0","7.23"
"SYN-LA-01620","Bihar","Purnia","11.17","Commercial","Fallow","8","9","0","0","7.9","9.88","0","9","1.81","Industrial corridor","3","","7","14.98","1","16.58"
"","Bihar","Saran","11.29","Commercial","Single-crop","4","","0","0","6.34","8.34","5","5","2.27","Water management","18","4","10","9.72","1","10.04"
"SYN-LA-01622","Uttar Pradesh","Begusarai","4.4","Agricultural","","7","9","","0","3.78","4.3","6","6","7.29","Water management","13","5","7","10.55","2","13.34"
"SYN-LA-01623","Jharkhand","Saran","5.91","Agricultural","Commercial","5","5","0","0","2.96","4.11","5","5","11.8","Rail","","2","9","7.95","1","10.28"
"SYN-LA-01624","Uttar Pradesh","Purnia","18.34","Forest buffer","Residential","7","7","0","0","5.11","5.85","","4","","Industrial corridor","11","2","5","12.92","2","15.65"
"","Jharkhand","Vaishali","11.47","Commercial","Fallow","1","","0","0","9.14","9.79","8","3","7.64","Public utility","4","5","9","4.19","1","5.6"
"SYN-LA-01626","Uttar Pradesh","Begusarai","18","Agricultural","Residential","7","7","0","0","10.77","14.11","4","8","6.08","Road","2","8","8","","1","14.05"
"SYN-LA-01627","Uttar Pradesh","Bhagalpur","14.26","Residential","Single-crop","","2","0","0","","15.72","1","7","0.72","Road","6","3","8","11.52","0","12.08"
"SYN-LA-01628","Bihar","Bhojpur","19.76","Commercial","Mixed use","5","5","0","0","15.87","20.88","","9","4.3","Rail","17","4","9","","1","14.41"
"SYN-LA-01629","Bihar","Saran","","Forest buffer","Mixed use","2","4","1","4","3.37","4.51","10","1","1.91","Public utility","19","4","8","12.42","3","18.66"
"SYN-LA-01630","","Patna","5.3","Forest buffer","Fallow","2","3","0","0","3.24","3.92","10","2","9.57","Water management","13","1","7","6.06","1","6.66"
"SYN-LA-01631","Uttar Pradesh","Nalanda","10.11","Agricultural","Residential","","2","0","0","4.68","4.8","7","8","1.76","Industrial corridor","10","4","9","7.59","1","9.87"
"SYN-LA-01632","Bihar","Muzaffarpur","","Commercial","Fallow","3","3","","0","2.86","3.81","2","3","3.42","Industrial corridor","3","0","7","12","1","13"
"SYN-LA-01633","Uttar Pradesh","Ranchi","7.61","Forest buffer","Single-crop","3","5","0","0","4.88","5.8","4","5","11.5","Industrial corridor","6","","9","","0","6.08"
"SYN-LA-01634","","Saran","13.46","Agricultural","Fallow","5","4","0","1","9.99","13.32","9","6","11.65","Water management","9","4","7","","1","12.54"
"SYN-LA-01635","Jharkhand","Patna","21.91","Agricultural","Residential","4","6","0","0","14.26","19.85","7","10","9.55","Road","14","3","8","5.47","1","6.91"
"SYN-LA-01636","Bihar","Saran","7.91","Commercial","","","5","0","0","6.57","8.76","7","8","8.19","Public utility","20","0","7","10.63","1","12.07"
"SYN-LA-01637","Uttar Pradesh","Dhanbad","8.9","Forest buffer","Fallow","4","4","1","2","7.49","9.27","9","3","11.65","Industrial corridor","11","0","8","8.11","2","12.85"
"SYN-LA-01638","Jharkhand","Saran","11.74","Agricultural","Multi-crop","2","1","0","0","9.7","12.45","7","","0.77","","20","3","10","4.2","0","5.06"
"SYN-LA-01639","Uttar Pradesh","Ranchi","15.22","Forest buffer","Single-crop","1","3","1","2","8.19","9.19","8","8","5.36","Public utility","4","1","10","12.58","1","15.32"
"SYN-LA-01640","Jharkhand","Vaishali","23.4","Industrial","","8","9","0","0","7.91","9.36","7","8","3.74","Water management","","2","8","14.06","1","15.81"
"SYN-LA-01641","Bihar","Nalanda","13.97","Commercial","Single-crop","5","6","0","0","3.34","4.37","8","4","","Water management","18","3","10","12.64","1","13.53"
"SYN-LA-01642","","Purnia","","Commercial","Mixed use","4","6","0","0","8.93","11.38","2","5","1.73","Industrial corridor","","2","9","6.83","0","8.32"
"SYN-LA-01643","Uttar Pradesh","Bhagalpur","10.8","Forest buffer","Commercial","","8","1","1","9.01","11.02","7","6","0.97","Road","10","2","5","9.24","2","14.41"
"SYN-LA-01644","Jharkhand","Bhagalpur","4.16","Agricultural","Multi-crop","5","6","0","0","2.79","3.5","7","9","9.94","","6","","6","9.39","1","11.53"
"SYN-LA-01645","Jharkhand","Muzaffarpur","16.6","Forest buffer","Fallow","2","1","1","0","11.59","15.07","4","","5.46","Water management","20","4","8","4.56","1","9.33"
"SYN-LA-01646","Jharkhand","Gaya","5.93","Residential","Commercial","5","6","0","0","3.51","4.52","7","10","10.62","Public utility","7","4","9","6.52","1","8.7"
"SYN-LA-01647","Bihar","","20.6","Residential","Fallow","7","8","1","2","5.72","6.55","6","10","1.44","Road","6","1","8","8.77","1","13.08"
"SYN-LA-01648","Jharkhand","Bhojpur","13.43","Commercial","Mixed use","6","8","","0","6.44","8.55","8","6","11.63","Road","3","4","3","6.72","2","9.14"
"SYN-LA-01649","Jharkhand","Ranchi","19.63","Residential","Residential","4","4","0","0","12.63","16.27","1","5","0.31","Road","3","4","8","13.08","1","15.81"
"SYN-LA-01650","Uttar Pradesh","Nalanda","5.98","Forest buffer","Commercial","6","8","0","0","1.35","1.49","2","6","0.51","Public utility","4","2","4","11.42","1","12.69"
"SYN-LA-01651","Bihar","Ranchi","23.05","Residential","Commercial","3","2","0","0","6.09","8.45","8","10","9.87","Road","20","2","7","10.93","1","11.18"
"SYN-LA-01652","Uttar Pradesh","Muzaffarpur","17.92","Agricultural","Single-crop","4","5","0","1","8.02","11.13","","7","9.46","Public utility","15","1","6","7.26","1","9.75"
"SYN-LA-01653","Uttar Pradesh","Patna","13.95","Forest buffer","Residential","6","7","0","0","2.74","3.04","6","6","4.42","","2","2","4","9.13","1","13.06"
"SYN-LA-01654","Bihar","Muzaffarpur","5.25","Agricultural","Residential","4","4","0","0","3.63","3.78","3","9","11.17","Water management","18","","7","6.34","1","8.43"
"SYN-LA-01655","Jharkhand","Bhojpur","10.97","Forest buffer","Mixed use","4","5","1","0","2.7","3.17","2","3","8.41","Industrial corridor","","4","","8.02","1","11.47"
"SYN-LA-01656","Uttar Pradesh","Nalanda","17.86","Industrial","Fallow","4","4","0","0","4.87","5.1","6","6","1.59","","7","2","8","10.41","1","11.12"
"SYN-LA-01657","Uttar Pradesh","Nalanda","1.04","Commercial","Multi-crop","7","7","0","","0.35","0.46","7","6","9.14","Road","8","1","5","14.37","2","17.36"
"SYN-LA-01658","Bihar","Dhanbad","20.67","Agricultural","Residential","1","2","0","0","12.12","13.37","8","8","2.48","Public utility","18","1","8","4.81","1","5.01"
"SYN-LA-01659","Bihar","Bhagalpur","6.98","Agricultural","Mixed use","1","2","1","4","1.85","2","4","7","","Rail","9","0","7","10.53","1","15.67"
"SYN-LA-01660","Bihar","Vaishali","0.84","Agricultural","Commercial","6","8","0","0","0.66","0.77","4","5","9.88","Public utility","14","0","7","9.37","1","10.8"
"SYN-LA-01661","Jharkhand","Dhanbad","17.12","Commercial","Single-crop","4","5","0","0","5.13","5.34","5","9","5.12","Rail","7","2","7","7.96","1","9.1"
"SYN-LA-01662","Uttar Pradesh","Gaya","8.82","Commercial","","8","8","0","1","4.05","5.03","4","10","6.67","Public utility","12","1","7","12.56","1","15"
"SYN-LA-01663","Uttar Pradesh","","19.23","Forest buffer","Multi-crop","1","0","0","0","11.06","13.66","6","6","3.18","Public utility","15","1","10","7.22","0","7.01"
"SYN-LA-01664","Jharkhand","Nalanda","11.94","Industrial","Commercial","2","2","0","0","6.77","7.8","8","5","2.85","Rail","","5","6","9.28","1","11.51"
"SYN-LA-01665","Uttar Pradesh","Purnia","1.75","Commercial","Single-crop","6","6","1","4","0.71","0.86","7","7","8.7","Road","15","4","6","12.94","3","18.96"
"SYN-LA-01666","Bihar","Patna","3.59","Forest buffer","Multi-crop","5","7","1","1","2.71","3.67","9","5","1.19","Public utility","20","5","5","13.34","3","18.01"
"","Bihar","Saran","13.72","Residential","Fallow","7","9","","0","5.06","5.29","1","5","3.05","Public utility","17","2","5","12.85","1","14.88"
"SYN-LA-01668","Uttar Pradesh","Dhanbad","9.19","Commercial","Fallow","8","9","0","0","4.34","4.44","2","7","2.99","Water management","17","3","7","9.69","1","12.13"
"SYN-LA-01669","Bihar","Bhojpur","13.78","Residential","Commercial","8","8","0","1","12.12","12.52","4","5","10.75","Road","15","1","6","","2","16.79"
"SYN-LA-01670","Jharkhand","Bhojpur","","Residential","Fallow","1","2","1","1","9.74","12.4","8","9","7.26","Road","19","4","9","9.31","1","11.98"
"SYN-LA-01671","Uttar Pradesh","Purnia","9.26","Residential","Multi-crop","4","6","1","3","","6.32","3","7","8.68","Water management","3","5","8","8.92","2","14.84"
"","Bihar","Nalanda","2.32","Residential","Commercial","8","10","0","1","1.85","2.2","","","8.71","Road","18","5","3","14.33","2","18.32"
"SYN-LA-01673","Bihar","Bhagalpur","20.22","Commercial","Mixed use","1","1","0","0","","15.33","7","9","5.62","Public utility","18","2","6","10.35","1","11.5"
"SYN-LA-01674","Jharkhand","Saran","24.63","Residential","Multi-crop","7","8","0","0","14.42","15.42","7","5","9.88","Water management","7","4","4","7.91","2","9.87"
"SYN-LA-01675","Uttar Pradesh","Bhagalpur","20.33","Commercial","Single-crop","4","6","0","0","16.02","20.19","4","6","9.93","Public utility","","1","6","12.79","1","15.41"
"SYN-LA-01676","Jharkhand","Patna","10.94","Residential","Multi-crop","5","6","0","0","7.49","8.94","6","","0.52","Industrial corridor","7","2","6","","1","7.98"
"SYN-LA-01677","Bihar","Nalanda","14.99","Forest buffer","Multi-crop","","3","1","3","8.02","9.46","2","8","9.06","Road","20","4","7","11","2","18.32"
"SYN-LA-01678","Bihar","Dhanbad","16.87","Residential","Multi-crop","8","9","1","0","13.81","18.94","6","7","6.44","Industrial corridor","3","2","3","13.08","2","18.94"
"SYN-LA-01679","Bihar","Purnia","14.43","Forest buffer","Multi-crop","5","7","1","2","","5.78","8","5","2.23","Rail","10","3","6","9.49","2","15.5"
"SYN-LA-01680","Bihar","Muzaffarpur","13.32","Residential","Multi-crop","1","1","0","0","4.1","5.01","5","10","3.71","Rail","13","3","6","7","0","8.78"
"SYN-LA-01681","Uttar Pradesh","Bhagalpur","20.04","Forest buffer","Fallow","1","3","0","0","14.51","15.62","6","6","0.56","Road","13","4","6","6.22","1","9.9"
"SYN-LA-01682","Bihar","Dhanbad","21.24","Forest buffer","Fallow","8","9","0","0","","17.74","10","2","1.7","Rail","6","5","8","12.09","2","14.16"
"SYN-LA-01683","Bihar","Nalanda","8.51","Residential","Fallow","2","2","0","0","3.27","3.39","0","4","10.12","Rail","","3","6","5.5","1","7.25"
"SYN-LA-01684","Jharkhand","Bhojpur","14.87","Forest buffer","Single-crop","6","6","0","0","4.09","5.51","2","7","3.14","Road","16","0","7","12.53","1","13.96"
"SYN-LA-01685","Bihar","","11.66","Industrial","Fallow","6","6","0","0","7.55","8.47","7","5","5","Rail","15","4","8","","1","8.07"
"SYN-LA-01686","","Bhojpur","12.78","Commercial","Mixed use","5","5","1","0","6.58","8.16","3","10","10.18","Public utility","4","3","9","6.1","1","7.67"
"SYN-LA-01687","Jharkhand","Patna","23.38","Forest buffer","Fallow","2","3","0","0","7.5","10.21","","2","4.61","Road","5","4","8","","1","7.04"
"SYN-LA-01688","Jharkhand","Patna","8.12","Agricultural","Fallow","1","2","0","0","4.98","6.83","1","6","0.45","Public utility","9","4","9","5.62","0","7.92"
"SYN-LA-01689","Bihar","Gaya","14.31","Agricultural","Multi-crop","6","6","0","0","5.19","5.89","6","6","3.2","Road","13","1","5","13.2","1","16.39"
"SYN-LA-01690","Uttar Pradesh","Saran","13.44","Residential","Commercial","3","3","0","0","7.88","10.36","2","7","9.82","Road","","2","5","7.21","1","8.96"
"SYN-LA-01691","Uttar Pradesh","","8.48","Forest buffer","Commercial","2","1","0","0","5.34","6.04","10","6","11.35","Public utility","17","3","7","8.12","1","9.42"
"SYN-LA-01692","Jharkhand","","13.78","Industrial","Fallow","","9","1","2","5.76","7.85","6","7","3.17","Water management","15","0","5","9.54","2","14.2"
"SYN-LA-01693","Bihar","Begusarai","5.35","","Commercial","3","5","0","0","2.07","","5","10","12.07","Water management","5","3","5","10.02","1","12.83"
"SYN-LA-01694","Jharkhand","Muzaffarpur","2.31","Industrial","Mixed use","7","7","0","1","1.57","1.78","6","4","9.91","Industrial corridor","16","2","","10.38","2","13.05"
"SYN-LA-01695","Jharkhand","Purnia","24.72","Forest buffer","Residential","7","8","1","3","16.43","21.05","6","6","1.92","Water management","5","0","8","16.11","2","19.28"
"","Bihar","Ranchi","11.14","Residential","Fallow","","6","0","1","9.51","13","0","9","2.22","Public utility","12","2","9","11.59","1","12.42"
"SYN-LA-01697","Uttar Pradesh","Nalanda","6.33","Commercial","Multi-crop","8","9","1","4","4.56","5.51","2","6","6.05","Industrial corridor","13","1","7","12.55","2","19.22"
"SYN-LA-01698","Uttar Pradesh","Vaishali","23.9","Agricultural","Single-crop","3","5","0","0","9.43","10.9","3","8","3.21","Rail","16","2","6","7.61","1","10.79"
"SYN-LA-01699","Jharkhand","Bhojpur","11.29","Forest buffer","","4","6","0","0","9.66","9.89","4","3","3.34","Industrial corridor","","3","","8.57","1","10.35"
"","Bihar","Nalanda","7.73","Industrial","Fallow","6","8","0","1","2.78","3.8","3","10","9.09","Public utility","19","3","7","8.64","1","10.14"
"SYN-LA-01701","Jharkhand","Purnia","16.15","Commercial","Single-crop","6","8","0","1","13.81","17.11","2","8","2.53","Public utility","6","5","7","11.78","1","15.04"
"SYN-LA-01702","Bihar","Begusarai","21.53","Agricultural","Residential","4","5","0","0","10.12","12.94","7","10","7.18","Road","6","7","7","7.54","1","10.82"
"SYN-LA-01703","Jharkhand","Dhanbad","16.91","Agricultural","Single-crop","2","3","0","0","10.93","14.35","3","5","0.11","Water management","18","3","5","12.09","1","15.06"
"SYN-LA-01704","Jharkhand","Bhagalpur","","Agricultural","Mixed use","2","4","1","4","9.87","12.5","7","10","11.37","Water management","12","3","8","13.16","2","20.1"
"SYN-LA-01705","Bihar","Gaya","4.4","Commercial","Mixed use","1","2","0","1","2.52","2.72","3","8","0.96","Public utility","12","","7","8.81","1","11.61"
"SYN-LA-01706","Jharkhand","","17.65","Commercial","Residential","1","0","1","0","5.14","5.76","1","7","6.23","Rail","19","","8","10.06","1","13.93"
"SYN-LA-01707","Jharkhand","Nalanda","15.83","Residential","Single-crop","7","10","0","0","3.3","4.25","3","4","9.77","Public utility","20","5","4","14.09","3","17.39"
"SYN-LA-01708","Uttar Pradesh","Begusarai","10.74","Residential","Commercial","6","7","1","3","4.18","4.38","8","7","7.78","Road","","5","8","11.75","2","18.98"
"SYN-LA-01709","Uttar Pradesh","Patna","19.66","Commercial","Fallow","8","9","0","0","3.57","4.99","0","6","8.27","","16","3","4","10.76","2","15.06"
"SYN-LA-01710","Uttar Pradesh","Purnia","11.01","Residential","Mixed use","3","4","1","1","5.21","5.67","1","9","6.06","Industrial corridor","19","1","7","13.13","1","16.65"
"SYN-LA-01711","Jharkhand","Dhanbad","7.55","Industrial","Fallow","8","9","0","0","5.83","6.41","6","8","8.39","Rail","8","3","7","12.87","2","14.08"
"SYN-LA-01712","Jharkhand","","22.93","Residential","Single-crop","8","10","0","0","18.35","19.4","2","","11.44","Industrial corridor","18","","6","13.22","2","16.41"
"SYN-LA-01713","Uttar Pradesh","Dhanbad","13.9","","Multi-crop","2","4","0","0","5","5.87","5","9","2.39","Water management","14","2","7","7.22","1","8.41"
"SYN-LA-01714","Uttar Pradesh","Ranchi","6.72","Commercial","Multi-crop","6","6","","0","4.81","6.54","","6","5.86","Industrial corridor","18","5","4","","2","16.86"
"SYN-LA-01715","Uttar Pradesh","Saran","16.67","Forest buffer","","1","1","0","0","11.48","12.59","3","4","9","Industrial corridor","","2","7","3.82","1","5.19"
"SYN-LA-01716","","Purnia","16.61","Commercial","Commercial","1","1","1","4","13.74","17.21","5","9","8.52","Road","18","1","8","12.59","1","17.15"
"SYN-LA-01717","Uttar Pradesh","Dhanbad","6.36","Commercial","Residential","7","8","0","0","3.51","3.92","8","8","0.45","Road","","6","4","14.32","2","18.85"
"SYN-LA-01718","Uttar Pradesh","Dhanbad","21","Industrial","Commercial","","2","0","0","15.87","20.73","6","6","9.38","Industrial corridor","7","5","6","9.19","1","13.48"
"SYN-LA-01719","Jharkhand","Bhagalpur","2.07","Commercial","Multi-crop","8","8","0","0","1.34","1.45","1","4","11.27","Rail","20","3","8","12.16","1","13.96"
"SYN-LA-01720","Jharkhand","Bhagalpur","20.96","Industrial","Mixed use","5","4","1","4","6.63","6.92","1","6","7","Public utility","17","4","9","15.33","2","21.78"
"SYN-LA-01721","Bihar","","6.71","Residential","Multi-crop","6","6","1","1","4.59","6.09","6","10","5.43","","4","0","4","9.81","1","14.02"
"SYN-LA-01722","Uttar Pradesh","Patna","4.95","","Mixed use","2","4","0","0","2.73","3.29","","3","6.85","Public utility","4","3","9","11.51","1","13.7"
"SYN-LA-01723","Bihar","Muzaffarpur","5.72","Industrial","","7","8","0","0","4.48","","5","7","11.52","Industrial corridor","18","5","8","8.37","2","10.72"
"SYN-LA-01724","Jharkhand","Vaishali","20.71","Commercial","Commercial","5","6","0","1","11.12","11.94","4","7","0.71","Public utility","16","1","10","13.53","1","14.19"
"SYN-LA-01725","Uttar Pradesh","Vaishali","18.33","Industrial","Mixed use","4","4","0","0","10.79","","5","7","3.91","Public utility","9","1","9","9.47","0","9.42"
"SYN-LA-01726","Bihar","Purnia","24.88","Forest buffer","Multi-crop","7","","0","1","21.5","29.58","2","8","6.6","Public utility","20","4","7","10.06","1","13.32"
"SYN-LA-01727","Bihar","Patna","6.04","Agricultural","Single-crop","5","7","0","0","4.09","5.03","3","5","1.39","Rail","4","1","6","9.18","1","10.76"
"SYN-LA-01728","Jharkhand","Vaishali","13.02","Commercial","Single-crop","","5","0","0","3.33","3.74","4","8","1.29","Industrial corridor","11","3","5","9.43","1","12.56"
"SYN-LA-01729","Jharkhand","Bhojpur","13.2","Commercial","Multi-crop","","4","0","0","10.89","11.12","3","5","10.58","Water management","15","1","6","12.04","1","13"
"SYN-LA-01730","Jharkhand","Begusarai","2.57","Forest buffer","Mixed use","1","1","1","2","1.91","2.15","5","4","6.44","Public utility","18","4","8","9.86","2","15.12"
"SYN-LA-01731","","Muzaffarpur","11.53","Residential","Single-crop","7","8","","2","8.09","10.79","1","8","6.16","Water management","9","1","7","15.06","1","18.54"
"SYN-LA-01732","Jharkhand","Purnia","0.92","Residential","Multi-crop","6","8","0","0","0.5","0.7","2","","5.39","Rail","6","5","4","13.58","1","18.35"
"SYN-LA-01733","Jharkhand","Gaya","18.12","Forest buffer","Commercial","5","5","0","","6.75","8.33","2","5","","Public utility","19","0","5","7.01","1","10.44"
"SYN-LA-01734","Jharkhand","Muzaffarpur","18.42","","Mixed use","3","3","0","0","","9.11","7","10","1.54","Road","10","2","7","8.34","0","9.88"
"SYN-LA-01735","Uttar Pradesh","Patna","16.96","Forest buffer","Fallow","2","4","1","3","11.56","12.5","2","","1.13","Rail","11","0","6","11.98","2","17.33"
"SYN-LA-01736","Bihar","Purnia","9.97","","Residential","2","3","0","0","3.85","4.64","7","9","7.59","Water management","6","3","10","5.69","0","8.04"
"SYN-LA-01737","Uttar Pradesh","Muzaffarpur","21.98","Commercial","Multi-crop","1","2","0","0","17.79","18.89","7","8","7.29","Public utility","3","4","5","4.01","1","7.63"
"SYN-LA-01738","Uttar Pradesh","Begusarai","8.75","Commercial","Fallow","5","5","0","0","6.81","7.47","2","10","8.98","Water management","4","4","8","9.7","0","12.96"
"SYN-LA-01739","Uttar Pradesh","Saran","7.11","Commercial","Fallow","4","5","1","0","2.08","2.24","4","4","3.05","Industrial corridor","3","4","9","10.51","1","13.46"
"SYN-LA-01740","Jharkhand","Dhanbad","2.95","Commercial","Residential","8","8","0","0","0.6","0.76","6","5","4.47","Water management","15","4","4","10.37","2","14.07"
"SYN-LA-01741","Jharkhand","Muzaffarpur","1.08","Forest buffer","Mixed use","5","5","0","1","0.23","0.3","9","5","6.07","Public utility","18","2","","10.36","2","11.78"
"","Uttar Pradesh","Bhojpur","17.81","Agricultural","Commercial","2","4","0","1","15.63","21.57","8","4","7.75","Industrial corridor","6","3","5","9.51","2","13.03"
"SYN-LA-01743","Uttar Pradesh","Bhojpur","5.31","Forest buffer","Multi-crop","7","10","0","0","1.46","1.99","4","3","0.94","Water management","3","1","7","13.39","1","15.8"
"SYN-LA-01744","","Bhagalpur","8.98","Residential","Commercial","6","7","0","0","6.37","8.36","4","6","10.3","Industrial corridor","5","0","4","7.65","1","9.45"
"SYN-LA-01745","Uttar Pradesh","Patna","2.33","Commercial","Residential","3","2","0","0","1.69","2.35","6","4","0.18","Road","8","3","8","6.83","1","9.27"
"SYN-LA-01746","Uttar Pradesh","Muzaffarpur","17.06","Forest buffer","Mixed use","2","2","0","1","","12.21","5","3","8.19","Rail","","5","5","8.84","1","11.6"
"SYN-LA-01747","Bihar","Patna","24.94","Residential","Commercial","8","9","0","1","21.58","29.04","4","8","5.36","Rail","3","4","5","14.81","1","17.35"
"SYN-LA-01748","Bihar","Ranchi","15.43","Residential","Residential","6","7","1","1","","9.17","9","5","11.7","Water management","19","1","6","13.25","3","15.86"
"SYN-LA-01749","Uttar Pradesh","Nalanda","12.43","Forest buffer","Multi-crop","7","8","0","0","10.36","10.73","4","6","6.93","Water management","6","0","4","13.16","1","15.24"
"","Uttar Pradesh","Saran","4.65","Commercial","Mixed use","1","2","0","0","1.9","2.54","7","4","11.76","Industrial corridor","4","1","6","10.54","1","11.83"
"SYN-LA-01751","Jharkhand","Muzaffarpur","6.16","Agricultural","Multi-crop","7","7","1","1","2.25","2.71","4","7","6.43","Public utility","13","4","7","11.93","2","17.08"
"SYN-LA-01752","Uttar Pradesh","Purnia","23.58","Forest buffer","Residential","4","5","0","0","13.07","16.73","2","2","7.84","Public utility","20","2","9","10.11","1","10.19"
"SYN-LA-01753","Uttar Pradesh","Nalanda","24.85","Agricultural","Residential","4","4","","3","19.19","","2","7","6.13","Public utility","11","3","","12.51","2","19.1"
"SYN-LA-01754","Bihar","Bhojpur","14.77","Agricultural","Single-crop","8","10","0","0","8.49","8.86","3","4","9.23","Road","8","4","6","8.99","2","12.73"
"SYN-LA-01755","Bihar","Bhojpur","19.32","Forest buffer","Residential","","5","0","0","7.71","10.32","8","2","5.72","Rail","13","2","5","12.97","2","16.68"
"SYN-LA-01756","Jharkhand","Bhagalpur","","Commercial","Residential","2","","","0","17.52","19.1","3","7","9.46","Rail","8","2","8","6.69","1","9.05"
"SYN-LA-01757","Jharkhand","Saran","20.62","Agricultural","Mixed use","3","3","0","0","","18.73","","4","","Water management","10","0","8","11.96","1","11.85"
"SYN-LA-01758","Jharkhand","Bhojpur","11.65","Agricultural","","7","9","1","0","2.5","3.16","6","3","11.97","Rail","4","4","6","13.01","3","15.91"
"SYN-LA-01759","Bihar","Begusarai","6.54","Commercial","Single-crop","7","9","0","0","5.44","6.41","4","","2.19","Industrial corridor","2","1","8","13.53","1","13.13"
"SYN-LA-01760","Uttar Pradesh","Bhojpur","24.55","Agricultural","Commercial","8","","0","0","17.21","21.93","8","5","5.29","Public utility","11","1","7","10.26","2","12.96"
"SYN-LA-01761","Bihar","Muzaffarpur","20.62","Agricultural","Residential","4","4","0","0","13.9","18.84","5","5","10.02","Road","17","6","8","7.39","1","10.63"
"SYN-LA-01762","Bihar","Saran","11.84","Commercial","Mixed use","7","7","0","0","6.75","8.97","4","6","6.53","Water management","4","3","4","","1","10.67"
"","Bihar","Saran","8.66","Residential","Residential","3","5","0","0","3","4.03","5","9","7.44","Public utility","4","1","7","8.93","0","9.6"
"SYN-LA-01764","Uttar Pradesh","Gaya","12.23","Commercial","Mixed use","8","10","0","0","3.31","3.96","4","5","3.22","Rail","3","5","3","8.78","2","11.78"
"SYN-LA-01765","Bihar","Saran","10.05","Agricultural","Commercial","1","3","0","0","6.27","8.34","6","4","9.08","Water management","18","1","10","8.19","1","8.22"
"SYN-LA-01766","Jharkhand","Ranchi","10.19","Residential","Fallow","7","7","0","1","4.66","5.59","2","7","1.31","Public utility","18","1","6","13.43","1","14.6"
"SYN-LA-01767","Uttar Pradesh","Dhanbad","15.78","Commercial","Residential","8","10","0","0","11.11","12.33","2","8","","Rail","7","2","4","10.16","1","12.23"
"SYN-LA-01768","Uttar Pradesh","Vaishali","9.37","Residential","Single-crop","5","6","0","0","7.61","8.95","5","7","4.69","Road","17","1","6","7.47","1","10.36"
"SYN-LA-01769","Uttar Pradesh","Saran","1.74","Residential","Single-crop","5","7","0","0","0.89","1.11","3","5","11.24","Road","5","4","6","7.89","1","10.94"
"SYN-LA-01770","Jharkhand","Begusarai","16.94","Residential","Fallow","2","1","1","","10.82","13.95","6","5","1.28","Road","5","3","9","11.07","1","12.79"
"SYN-LA-01771","Jharkhand","Gaya","13.48","Commercial","Residential","8","9","1","0","3.16","3.47","3","8","10.5","Water management","2","0","5","8.64","1","10.64"
"SYN-LA-01772","Jharkhand","Vaishali","0.92","Agricultural","Fallow","1","1","0","0","0.71","0.92","0","8","1.77","Industrial corridor","14","5","7","8.62","0","10.58"
"SYN-LA-01773","Uttar Pradesh","Gaya","2.64","Residential","Single-crop","8","","0","0","0.85","1.17","7","7","7.11","Rail","9","3","7","10.58","2","11.57"
"SYN-LA-01774","Uttar Pradesh","Patna","11.15","Residential","Multi-crop","7","7","","0","9.7","12.05","7","5","1.71","Road","19","2","8","7","1","7.16"
"SYN-LA-01775","Bihar","Begusarai","4.34","Commercial","Multi-crop","6","7","0","0","3.61","3.83","2","3","6.07","Public utility","15","1","4","12.39","1","15.09"
"SYN-LA-01776","Jharkhand","Gaya","6.62","Agricultural","Residential","7","7","1","0","3.91","4.45","4","7","5.22","Industrial corridor","19","1","6","13.32","2","16.1"
"SYN-LA-01777","Jharkhand","Patna","17.07","Commercial","Commercial","7","9","","0","3.45","4.2","3","9","4.99","Industrial corridor","16","4","4","9.75","2","13.3"
"SYN-LA-01778","Bihar","Gaya","8.99","Residential","Commercial","3","4","0","1","7.02","9.19","3","7","","Industrial corridor","9","4","","7.35","1","11.92"
"SYN-LA-01779","Uttar Pradesh","Patna","8.07","Agricultural","Multi-crop","6","5","0","0","2.85","3.73","4","8","10.23","Rail","6","1","8","13.13","1","14.93"
"SYN-LA-01780","Bihar","Dhanbad","5.51","Residential","Commercial","1","3","0","0","2.57","3.36","2","5","7.24","Road","2","4","7","11.49","1","12.95"
"SYN-LA-01781","Bihar","Saran","8.34","Industrial","Fallow","7","8","1","4","4.19","5.74","9","6","0.28","Water management","","1","7","17.85","3","22.76"
"SYN-LA-01782","Uttar Pradesh","Patna","15.95","Residential","Mixed use","7","8","1","0","8.55","10.26","0","4","","Road","20","3","4","10.82","2","16.42"
"SYN-LA-01783","Jharkhand","Ranchi","1.4","Residential","Multi-crop","5","5","0","1","0.9","1.17","6","6","7.35","Rail","9","5","8","7.16","1","9.5"
"SYN-LA-01784","Jharkhand","Vaishali","15.29","Forest buffer","Commercial","1","0","0","0","6.92","9.67","9","2","1.02","Water management","","0","6","9.01","1","11.86"
"SYN-LA-01785","Uttar Pradesh","Dhanbad","12.82","Commercial","Residential","6","8","0","0","5.87","8.03","3","5","6.29","Industrial corridor","20","0","7","11.3","1","13.78"
"SYN-LA-01786","Bihar","Nalanda","0.84","Industrial","Residential","1","1","1","0","0.16","0.21","4","7","9.59","Road","5","7","7","10.06","1","13.67"
"SYN-LA-01787","Bihar","Bhagalpur","6.73","Commercial","Fallow","3","5","0","0","4.34","4.79","2","4","8.77","Road","17","5","10","10.41","1","11.2"
"SYN-LA-01788","Jharkhand","Begusarai","7.62","Commercial","Multi-crop","7","9","0","0","2.97","3.47","7","7","2.84","Rail","11","4","7","10.89","1","12.9"
"SYN-LA-01789","Jharkhand","Patna","1.39","Residential","Multi-crop","8","8","0","0","0.46","0.63","1","5","","Industrial corridor","18","0","7","13.87","1","15.95"
"SYN-LA-01790","Jharkhand","Saran","11.55","Industrial","Commercial","1","0","0","1","4.08","4.93","","9","9.17","Public utility","8","2","5","11.12","1","12.89"
"SYN-LA-01791","Jharkhand","Dhanbad","12.45","Commercial","Single-crop","3","3","0","","2.73","3.41","1","7","2.11","","2","","","6.46","0","8.39"
"SYN-LA-01792","Jharkhand","Begusarai","24.36","Commercial","Residential","2","2","","1","7.88","10.7","2","9","0.86","Road","19","3","9","10.88","1","13.88"
"SYN-LA-01793","Jharkhand","Purnia","9.12","Forest buffer","Multi-crop","7","6","0","","2.13","2.32","8","6","8.77","Industrial corridor","20","1","6","13.27","2","14.69"
"SYN-LA-01794","Bihar","Bhojpur","1.79","Agricultural","Commercial","3","3","1","4","0.98","1.1","3","9","6.07","Industrial corridor","15","4","5","12.09","2","20.54"
"SYN-LA-01795","Jharkhand","Nalanda","18.47","Agricultural","Residential","4","4","0","0","12.52","16.36","6","6","3.31","Water management","17","4","5","","1","10.86"
"SYN-LA-01796","Jharkhand","Ranchi","18.66","Commercial","Multi-crop","7","7","0","0","13.83","15.65","0","4","10.33","Road","15","5","6","12.79","1","15.19"
"SYN-LA-01797","Jharkhand","Gaya","19.03","Forest buffer","Single-crop","4","5","0","0","3.56","4.44","4","6","5.52","Water management","11","3","8","13.12","1","15.19"
"SYN-LA-01798","Jharkhand","","9.19","Commercial","Residential","4","5","0","0","4.18","4.35","7","9","3.39","Water management","14","1","8","11.91","1","13.97"
"","Jharkhand","Bhagalpur","23.16","Industrial","Multi-crop","1","2","0","1","14.33","16.79","","5","1.68","Water management","3","2","9","8.49","0","9.32"
"","","Dhanbad","15.64","Residential","Fallow","3","4","0","0","11.64","15.77","5","8","9.44","Public utility","10","3","5","12.38","1","13.94"
"SYN-LA-01801","Jharkhand","Begusarai","12.02","Industrial","Mixed use","7","8","0","0","6.69","8.79","1","6","10.15","Road","5","4","3","13.38","2","17.86"
"SYN-LA-01802","Uttar Pradesh","Begusarai","23.81","Industrial","Residential","3","4","0","0","16.78","18.36","7","","3.21","Public utility","5","3","9","5.46","1","7.37"
"SYN-LA-01803","Bihar","Purnia","15.27","Forest buffer","Mixed use","7","10","0","0","11.12","15.33","","3","11.03","Water management","14","5","","12.44","3","14.35"
"SYN-LA-01804","Uttar Pradesh","Muzaffarpur","7.83","Agricultural","Single-crop","2","","0","0","","9.51","3","6","1.3","Public utility","15","2","9","6.01","0","6.77"
"SYN-LA-01805","Jharkhand","Gaya","19.75","Commercial","Multi-crop","2","3","0","","15.16","19.9","4","8","5.75","Road","12","2","9","11.91","1","13.66"
"SYN-LA-01806","Bihar","Ranchi","","Residential","Commercial","8","8","0","0","1.87","","2","9","6.07","Public utility","3","0","8","11.2","0","10.75"
"","Uttar Pradesh","Begusarai","16.81","Commercial","Single-crop","2","3","0","0","7.49","10.4","7","8","11.15","Road","6","5","9","6.32","1","9.03"
"SYN-LA-01808","Uttar Pradesh","Ranchi","22.64","Forest buffer","Mixed use","4","4","0","0","15.95","16.29","4","6","6.58","Rail","4","1","7","9.44","0","10.44"
"SYN-LA-01809","Bihar","Gaya","23.7","Agricultural","Residential","3","4","0","0","16.34","22.64","4","7","8.57","Road","6","4","6","7.11","1","8.43"
"SYN-LA-01810","Uttar Pradesh","Gaya","10.69","Forest buffer","Multi-crop","7","9","","0","4.67","5.12","2","6","10.79","Rail","6","3","7","9.16","1","10.45"
"SYN-LA-01811","Bihar","Gaya","10.79","Residential","Single-crop","3","3","0","0","4.74","4.85","","4","10.81","Road","19","4","6","","1","9.47"
"SYN-LA-01812","Bihar","Nalanda","7.11","Industrial","Residential","3","5","0","0","1.64","2.05","1","8","10.11","Road","8","7","7","8.28","1","12.55"
"","Bihar","Saran","9.26","","Mixed use","3","5","0","0","7.9","9.97","4","2","12.02","Public utility","5","3","5","5.94","2","8.84"
"SYN-LA-01814","Uttar Pradesh","Ranchi","15.28","Forest buffer","Commercial","8","10","0","0","11.69","15.07","3","6","3.76","Industrial corridor","3","1","6","13.2","1","14.81"
"SYN-LA-01815","Jharkhand","Vaishali","5.32","Industrial","Single-crop","5","6","0","0","2.55","2.99","7","8","10.43","Road","4","2","7","9.35","1","10.66"
"SYN-LA-01816","Bihar","Saran","3.38","Agricultural","Fallow","5","6","0","0","2","2.2","4","9","8.01","Road","3","3","7","6.57","1","7.16"
"SYN-LA-01817","","Purnia","5.86","Industrial","Commercial","7","8","0","0","3.71","","8","6","5.58","Water management","10","3","4","8.82","2","12.35"
"SYN-LA-01818","Jharkhand","Nalanda","4.7","Industrial","Mixed use","7","9","1","2","2.3","3.01","1","","1.48","Industrial corridor","4","3","6","15.86","2","22.53"
"","Jharkhand","Purnia","7.49","Industrial","Fallow","6","8","0","0","5.14","5.97","7","7","5.69","Public utility","18","3","7","11.94","1","13.19"
"SYN-LA-01820","Bihar","Muzaffarpur","6.01","Agricultural","Fallow","2","3","1","1","4.97","5.76","4","","4.67","Road","3","1","6","5.38","1","7.84"
"","Bihar","","22.78","Commercial","Single-crop","4","6","0","1","16.11","16.92","3","4","1.37","Public utility","16","5","7","7.95","1","10.21"
"SYN-LA-01822","Uttar Pradesh","Saran","17.93","Agricultural","Multi-crop","2","2","0","0","7.52","8.91","7","6","9.33","Water management","5","4","7","6.06","1","9.5"
"SYN-LA-01823","Jharkhand","Ranchi","1.33","Forest buffer","","3","5","0","0","0.41","0.5","8","1","8.12","Water management","10","0","8","8.13","1","9.63"
"SYN-LA-01824","Jharkhand","Bhojpur","11.13","Industrial","Mixed use","2","2","0","0","5.14","5.67","5","7","4.08","Public utility","5","3","7","8.67","0","9.54"
"SYN-LA-01825","Jharkhand","Muzaffarpur","14.02","Commercial","Commercial","8","8","1","4","12.32","13.18","7","7","3.92","Industrial corridor","5","5","8","","3","21.71"
"SYN-LA-01826","Bihar","Bhagalpur","18.22","Industrial","Fallow","4","4","0","0","7.85","","6","4","2.61","Rail","10","4","7","8.08","1","10.9"
"SYN-LA-01827","Uttar Pradesh","Bhojpur","5.71","Commercial","Fallow","","5","1","4","1.32","1.61","9","3","2.08","Water management","2","0","5","9.56","2","14.89"
"SYN-LA-01828","Bihar","Purnia","23.24","Forest buffer","Commercial","1","","1","2","5.9","6.55","9","4","6.94","Road","15","3","10","9.14","2","14.14"
"SYN-LA-01829","Bihar","Bhojpur","11.99","Industrial","Multi-crop","","6","1","1","7.49","9.47","2","4","5.99","Public utility","11","3","7","11.5","2","14.29"
"SYN-LA-01830","","","8.48","Residential","Fallow","4","4","0","0","1.53","1.72","1","7","2.62","Public utility","13","2","7","11.99","1","13.98"
"SYN-LA-01831","Bihar","Patna","3.9","Industrial","Multi-crop","5","","0","1","0.99","1.25","6","3","12.08","Rail","6","2","10","12.09","1","13.95"
"","Uttar Pradesh","Bhojpur","9.77","Industrial","Residential","","7","0","0","6.02","7.01","8","","4.03","Road","17","6","5","","1","10.76"
"SYN-LA-01833","Jharkhand","Patna","18.67","Forest buffer","Mixed use","4","6","0","0","14.95","18.1","7","5","12.04","Water management","18","1","7","6.13","2","6.41"
"SYN-LA-01834","Uttar Pradesh","Purnia","21.89","Residential","Multi-crop","6","7","0","0","12.07","15.56","3","4","11.79","Road","9","1","4","12.6","2","14.56"
"SYN-LA-01835","Uttar Pradesh","Purnia","2.27","Forest buffer","Fallow","7","9","0","1","1.05","1.17","4","4","1.76","Industrial corridor","12","3","6","7.79","1","9.48"
"SYN-LA-01836","Uttar Pradesh","Saran","16.6","Industrial","Single-crop","8","8","0","0","3.77","4.37","1","9","7.13","Water management","","0","","14.36","1","14.86"
"SYN-LA-01837","Bihar","Patna","23.97","Residential","Single-crop","8","8","0","1","5.3","6.13","1","8","10.04","Road","3","0","5","16.05","1","19.85"
"SYN-LA-01838","Bihar","Bhojpur","10.62","Commercial","Single-crop","8","10","0","0","8.04","9.39","","8","6.9","Rail","20","4","5","13.8","2","15.96"
"SYN-LA-01839","Bihar","Bhagalpur","21.96","Commercial","Mixed use","4","5","0","0","4.28","5.45","4","7","0.76","Public utility","15","1","9","","1","13.4"
"SYN-LA-01840","","Bhagalpur","11.3","","Residential","2","3","0","1","3.59","4.54","4","4","6.17","Road","19","4","7","5.35","1","9.35"
"SYN-LA-01841","Uttar Pradesh","Nalanda","18.41","Forest buffer","Residential","1","3","0","0","10.91","12.73","10","3","7.37","","3","2","8","3.72","1","4.88"
"SYN-LA-01842","Bihar","Muzaffarpur","0.81","Residential","Multi-crop","3","3","1","4","0.69","0.78","2","","0.13","Public utility","13","4","8","15.89","2","21.33"
"SYN-LA-01843","Bihar","Bhojpur","2.57","Industrial","Fallow","6","6","1","1","1.95","2.73","3","5","6.52","Industrial corridor","3","4","7","11.41","2","16.75"
"SYN-LA-01844","Jharkhand","Purnia","18.2","Industrial","Multi-crop","7","10","0","0","12.31","13.67","5","8","7.74","Road","4","3","6","9.1","2","11.12"
"SYN-LA-01845","Uttar Pradesh","Gaya","18.61","Commercial","Commercial","2","1","0","0","10.57","12.35","4","6","9.36","Road","5","0","8","10.8","0","11.26"
"SYN-LA-01846","Bihar","Nalanda","16.3","Forest buffer","Single-crop","4","5","0","0","11.28","15.65","10","3","1.05","Water management","10","3","6","12.51","2","14.19"
"SYN-LA-01847","Jharkhand","Nalanda","14.66","Agricultural","Commercial","5","5","1","0","2.65","3.18","5","8","3.31","Rail","5","7","5","6.19","2","12.81"
"SYN-LA-01848","Bihar","Gaya","3.05","Residential","Commercial","5","7","0","1","0.64","0.79","6","5","1.73","","19","2","9","9.51","1","12.45"
"SYN-LA-01849","Bihar","Ranchi","9.36","Industrial","Residential","6","8","0","0","4.22","4.87","1","8","2.36","Road","7","6","6","14.18","1","17.5"
"SYN-LA-01850","Bihar","Patna","6.2","Agricultural","Multi-crop","2","2","0","0","3.61","4.36","8","7","3.37","Public utility","13","1","9","4.46","0","4.03"
"SYN-LA-01851","Uttar Pradesh","Muzaffarpur","22.14","Commercial","Mixed use","2","3","1","2","10.91","14.61","5","8","11.67","Rail","20","0","8","10.53","1","14.93"
"SYN-LA-01852","Bihar","Saran","11.03","Agricultural","Single-crop","5","4","0","0","3.95","5.53","0","10","5.25","Road","10","3","9","7.17","0","8.45"
"SYN-LA-01853","Jharkhand","Begusarai","2.08","Commercial","Residential","7","8","0","0","","1.91","7","7","","Rail","","0","3","8.53","1","11.98"
"SYN-LA-01854","Jharkhand","Begusarai","16.96","Industrial","Multi-crop","3","2","0","0","9.65","10.94","1","7","3.47","Road","8","2","9","8.41","0","7.92"
"SYN-LA-01855","Uttar Pradesh","Saran","14.64","Residential","Commercial","1","2","0","0","10.75","13.68","4","6","0.39","Water management","11","1","8","10.99","0","12.14"
"SYN-LA-01856","Jharkhand","Nalanda","3.55","Forest buffer","Fallow","4","3","0","0","2.69","3.22","6","3","0.48","","11","5","7","11.13","1","13.58"
"SYN-LA-01857","Jharkhand","Purnia","4.49","Agricultural","Mixed use","1","","0","0","2.23","2.44","6","8","9.26","Rail","13","2","9","11.49","1","11.43"
"SYN-LA-01858","Uttar Pradesh","Patna","","Commercial","Single-crop","8","","0","1","4.21","5.76","","5","0.62","Public utility","12","1","4","10.02","2","12.74"
"","Uttar Pradesh","Vaishali","5.07","Forest buffer","Single-crop","1","3","0","1","4","","10","","0.25","Water management","17","4","8","9.76","1","12.02"
"SYN-LA-01860","Jharkhand","Bhagalpur","6.76","Residential","Multi-crop","8","10","0","0","3.26","4.32","5","4","5.68","Road","13","4","3","9.77","2","13.85"
"SYN-LA-01861","Bihar","Gaya","16.74","Commercial","Residential","1","2","0","","3.12","3.32","1","3","8.55","Rail","2","4","8","","0","7"
"SYN-LA-01862","Bihar","Dhanbad","6.05","Agricultural","Residential","5","6","0","0","4.78","5.77","2","4","3.78","Road","7","7","7","13.33","1","16.43"
"SYN-LA-01863","Jharkhand","","22.98","Agricultural","Single-crop","","8","1","0","17.43","21.37","6","6","5.76","Water management","9","2","7","11.36","2","15.15"
"SYN-LA-01864","Uttar Pradesh","Gaya","4.89","Forest buffer","Residential","","1","0","1","1.05","1.23","6","2","6.08","Public utility","20","2","8","6.62","1","7.79"
"SYN-LA-01865","Uttar Pradesh","Dhanbad","6.07","Forest buffer","Multi-crop","4","3","0","1","4.55","5.23","4","3","11.6","Water management","15","4","5","8.81","2","11.58"
"SYN-LA-01866","Bihar","Bhagalpur","14.7","Commercial","Single-crop","1","2","0","","8.76","","8","7","0.98","Water management","2","5","5","11.47","1","14.62"
"SYN-LA-01867","Jharkhand","Muzaffarpur","22.14","Commercial","Mixed use","5","7","0","0","7.4","9.86","5","9","9.97","Industrial corridor","20","3","10","7.17","1","7.94"
"SYN-LA-01868","Jharkhand","Begusarai","10","Forest buffer","Multi-crop","3","4","0","0","8.53","9.42","7","3","1.76","Road","10","4","6","10.99","1","13.51"
"SYN-LA-01869","Bihar","Ranchi","11.47","Agricultural","Residential","5","7","0","1","8","10.68","6","9","5.7","Water management","18","","7","7.96","1","10.45"
"SYN-LA-01870","Bihar","Saran","1.19","","Fallow","1","0","1","2","0.73","0.95","7","9","6.22","Industrial corridor","8","0","7","9.84","1","12.31"
"SYN-LA-01871","Bihar","Patna","14.56","Industrial","Multi-crop","7","8","0","0","10.63","12.79","1","8","4.64","Rail","19","4","6","8.97","1","10.07"
"SYN-LA-01872","Uttar Pradesh","Dhanbad","","Agricultural","Residential","8","8","1","1","9.72","11.94","2","5","1.23","Public utility","6","4","","15.4","2","19.48"
"SYN-LA-01873","Jharkhand","Patna","3.82","Industrial","Mixed use","3","4","0","0","1.64","1.73","3","6","2.5","Rail","15","1","10","10.1","1","11.38"
"SYN-LA-01874","Jharkhand","Bhojpur","5.27","Agricultural","Mixed use","7","9","0","0","1.29","1.79","2","8","1.78","Public utility","19","2","5","10.51","1","13.76"
"SYN-LA-01875","","Dhanbad","22.82","Residential","Residential","1","1","0","0","15.82","18.92","2","3","8.94","Road","2","4","9","5.89","0","7.27"
"SYN-LA-01876","Bihar","Patna","14.41","Forest buffer","Mixed use","1","1","0","0","6.35","8.35","9","2","7.98","Water management","18","4","6","9.12","1","11.55"
"SYN-LA-01877","Bihar","Begusarai","3.89","Residential","Fallow","5","7","0","1","2.39","3.2","4","9","3.21","Rail","15","3","8","13.07","1","16.03"
"SYN-LA-01878","Uttar Pradesh","Bhagalpur","13.41","Agricultural","Mixed use","5","6","0","0","7.77","8.13","6","4","4.88","Rail","17","4","6","10.69","2","14.56"
"SYN-LA-01879","Bihar","Saran","5.37","Residential","Multi-crop","5","5","1","0","3.69","4.57","8","5","0.77","Water management","5","0","9","8.89","1","11.29"
"SYN-LA-01880","Bihar","Bhagalpur","13.25","Industrial","Multi-crop","8","10","0","0","9.18","","2","4","2.51","Public utility","2","4","5","9.43","1","12.52"
"SYN-LA-01881","Jharkhand","Muzaffarpur","22.99","","Commercial","5","4","0","0","18.98","24.1","9","5","5.68","Industrial corridor","12","3","6","6.93","1","9.07"
"SYN-LA-01882","Jharkhand","Dhanbad","20.41","Agricultural","Mixed use","","3","0","0","8.89","9.99","3","5","10.7","Industrial corridor","4","1","7","6.88","1","6.88"
"SYN-LA-01883","Uttar Pradesh","","12.33","Agricultural","Mixed use","4","5","0","0","10.19","10.45","0","5","0.11","Road","2","3","6","8.33","0","10.87"
"SYN-LA-01884","Jharkhand","Muzaffarpur","6.35","","Single-crop","3","5","0","0","1.66","1.97","1","7","9.29","Public utility","14","4","8","10.22","1","13.07"
"SYN-LA-01885","Uttar Pradesh","Begusarai","2.19","Industrial","Single-crop","7","8","0","0","1.15","1.55","3","4","10.16","Water management","6","1","3","13.16","2","15.05"
"","Uttar Pradesh","Dhanbad","11.82","Forest buffer","Single-crop","4","3","0","0","6.81","9.07","","4","10.59","Water management","17","5","6","10.63","1","13.9"
"","Bihar","Bhagalpur","12.53","Agricultural","Multi-crop","4","6","0","1","8.92","11.09","2","8","4.25","","6","2","6","12.7","1","16.36"
"SYN-LA-01888","Uttar Pradesh","Ranchi","16.19","Residential","Mixed use","2","2","0","0","9.07","12.54","","6","5.01","Public utility","2","1","7","11.66","0","12.94"
"SYN-LA-01889","Uttar Pradesh","Bhagalpur","4.51","Forest buffer","Single-crop","5","7","0","0","2.2","2.25","5","3","7.26","Road","9","2","6","9.84","1","13.21"
"SYN-LA-01890","Bihar","Nalanda","17.45","Commercial","Fallow","1","3","0","1","12.43","14.66","5","7","11.51","Public utility","18","4","6","8.49","1","11.08"
"SYN-LA-01891","Bihar","Bhagalpur","24.41","Forest buffer","Fallow","7","8","0","0","9.45","10.83","3","5","6.5","Water management","4","1","5","7.42","1","8.87"
"SYN-LA-01892","Jharkhand","Purnia","24.43","Agricultural","Residential","5","7","1","2","21.44","24","8","5","3.63","Rail","7","1","8","","2","13.29"
"SYN-LA-01893","Bihar","Muzaffarpur","0.99","Forest buffer","Multi-crop","3","4","0","1","0.8","1.01","6","5","6.95","Public utility","10","4","5","8.34","1","10.93"
"","Uttar Pradesh","Vaishali","4.79","Residential","Single-crop","4","4","1","2","2.89","3.5","3","8","9.58","Public utility","5","4","10","11.34","1","16.74"
"SYN-LA-01895","Jharkhand","Vaishali","3.61","Residential","Residential","5","7","0","1","1.48","1.64","2","9","8.13","Public utility","18","3","8","14.56","1","16.24"
"SYN-LA-01896","Jharkhand","Bhagalpur","","Agricultural","Mixed use","3","4","0","0","17.33","20.77","7","7","8.67","Public utility","9","0","9","","1","12.41"
"SYN-LA-01897","Bihar","Patna","1.33","Agricultural","Fallow","2","4","0","0","0.36","0.44","2","4","2.23","Water management","16","1","7","7.52","1","9.6"
"SYN-LA-01898","Bihar","Vaishali","16.72","Residential","Mixed use","3","4","0","1","11.68","12.86","3","4","5.67","Public utility","8","1","6","7.32","1","8.33"
"SYN-LA-01899","Uttar Pradesh","Saran","10.96","Forest buffer","Mixed use","2","","0","0","6.85","7.59","8","7","9.15","Road","17","4","6","9.76","1","12.65"
"SYN-LA-01900","Jharkhand","Gaya","","Residential","Mixed use","3","5","0","0","","7.67","4","5","6.13","Rail","14","2","5","11.41","1","14.74"
"SYN-LA-01901","Jharkhand","Nalanda","2.96","Forest buffer","Residential","1","0","1","3","1.62","1.79","2","4","4.14","Road","8","7","8","9.13","1","16.03"
"SYN-LA-01902","Bihar","Vaishali","19.76","","Commercial","6","7","1","1","","15.4","5","5","9.98","Public utility","19","1","7","7.45","2","11.82"
"SYN-LA-01903","Bihar","Muzaffarpur","4.86","Commercial","Commercial","8","8","","0","4.26","5.59","6","7","1.75","Public utility","18","1","7","","1","13.75"
"","Jharkhand","Nalanda","17.23","Residential","Commercial","7","7","0","0","10.78","13.22","6","9","6.46","Water management","20","3","5","10.28","2","13.61"
"SYN-LA-01905","Jharkhand","Begusarai","","Agricultural","Single-crop","7","7","1","4","9.61","11.92","8","4","11.78","Water management","","0","7","16.32","3","20.81"
"","Uttar Pradesh","Nalanda","24.65","Forest buffer","Commercial","3","3","0","0","20.49","22.85","10","2","9.62","Industrial corridor","18","2","6","12.53","2","13.64"
"","Jharkhand","Patna","11.53","Commercial","Residential","5","7","1","4","8.96","10.78","2","6","5.85","Rail","5","1","","14.03","1","19.06"
"SYN-LA-01908","Uttar Pradesh","Patna","21.7","Industrial","Residential","3","3","1","2","18.26","19.61","6","5","3.14","Rail","4","0","7","14.42","1","19.28"
"SYN-LA-01909","Jharkhand","Gaya","17.69","Forest buffer","Multi-crop","3","5","0","0","13.17","13.83","3","4","0.14","Water management","3","4","10","8.07","1","9.41"
"SYN-LA-01910","Bihar","Begusarai","","Residential","Single-crop","6","6","1","0","3.89","4.31","5","3","7.94","Water management","14","3","5","11.1","2","14.36"
"SYN-LA-01911","Bihar","Bhojpur","5.21","Residential","Multi-crop","7","","0","0","3.96","5.37","6","7","8.82","Road","8","2","","7.79","1","9.4"
"SYN-LA-01912","Jharkhand","Bhojpur","16.68","","Mixed use","1","2","0","0","11.49","15.28","4","2","6.17","Rail","18","","10","10.97","1","11.77"
"SYN-LA-01913","Jharkhand","Purnia","16.58","Agricultural","Multi-crop","1","1","0","0","3.85","4.82","7","9","11.28","Water management","15","3","7","10.01","1","12.47"
"SYN-LA-01914","Uttar Pradesh","Bhojpur","","Industrial","Residential","1","2","0","0","21.29","21.77","7","9","7.83","Industrial corridor","6","3","9","4.29","0","6.2"
"SYN-LA-01915","Jharkhand","Bhagalpur","21.73","Commercial","Residential","1","1","1","3","9.78","10.34","6","9","","Rail","11","2","9","10.88","1","15.6"
"SYN-LA-01916","Jharkhand","Gaya","13.85","Forest buffer","Single-crop","7","9","0","0","8.87","9.36","7","2","11.95","Public utility","9","3","4","14.72","3","18.13"
"SYN-LA-01917","Bihar","Ranchi","13.78","","Multi-crop","8","8","1","1","7.18","7.59","9","8","5.62","Rail","","1","7","8.52","2","11.27"
"","Uttar Pradesh","Bhojpur","22.71","Commercial","Fallow","1","3","0","0","12.08","15.19","3","5","5.59","Road","17","2","9","9.53","1","11.16"
"SYN-LA-01919","Uttar Pradesh","Patna","19.07","Industrial","Mixed use","5","5","0","1","8.15","11.21","9","7","6.26","Water management","18","2","9","13.61","1","15.3"
"SYN-LA-01920","Uttar Pradesh","Begusarai","11.02","Agricultural","Multi-crop","3","3","0","0","3.53","4.29","3","7","2.08","Road","17","3","6","10.38","1","12"
"SYN-LA-01921","Uttar Pradesh","Saran","20.3","Residential","Multi-crop","6","7","1","","17.42","20.68","8","3","9.08","Rail","17","3","4","16.04","3","21.36"
"SYN-LA-01922","Bihar","Saran","13.52","Agricultural","Fallow","5","7","0","0","3.89","4.71","2","9","5.62","Public utility","16","0","9","10.93","0","12.22"
"SYN-LA-01923","Bihar","Begusarai","20.51","Commercial","Multi-crop","6","6","0","0","6.25","8.72","5","6","5.7","","8","5","","9.61","2","12.95"
"SYN-LA-01924","Uttar Pradesh","Bhagalpur","12.41","Residential","Mixed use","1","3","0","0","9.6","12.22","4","10","6.3","Rail","12","0","9","6.23","0","7.22"
"SYN-LA-01925","Bihar","Begusarai","17.51","Residential","Mixed use","3","4","0","0","7.18","8.24","4","10","","Industrial corridor","11","0","10","10.35","0","10.39"
"SYN-LA-01926","","Saran","12.53","Agricultural","Single-crop","2","3","0","","8.92","10.57","2","9","8.68","Water management","8","1","6","6.07","0","8.53"
"SYN-LA-01927","Bihar","Bhagalpur","17.57","Commercial","Multi-crop","5","6","0","0","3.6","4.28","3","8","11.77","Road","6","4","5","13.19","1","17.23"
"SYN-LA-01928","Bihar","Nalanda","","Agricultural","Multi-crop","4","6","0","","14.57","15.43","5","9","4.31","Road","17","2","8","10.74","1","14.01"
"SYN-LA-01929","Uttar Pradesh","Saran","1.69","","Fallow","8","8","1","3","0.51","0.54","4","7","12.02","Rail","14","0","3","10.8","3","15.48"
"SYN-LA-01930","Jharkhand","Begusarai","4.99","Agricultural","Fallow","1","3","0","","4.3","5.21","3","7","1.69","Rail","11","4","8","8.03","1","10.82"
"SYN-LA-01931","Uttar Pradesh","","11.1","Industrial","Single-crop","5","7","0","0","3.61","","2","7","2.97","Road","17","0","6","9.58","1","11.15"
"SYN-LA-01932","Bihar","Vaishali","24.14","Commercial","Commercial","7","7","1","1","12.94","16.51","","6","7.6","Industrial corridor","6","3","7","11.35","2","15.59"
"","Bihar","Ranchi","19.55","Forest buffer","Commercial","4","4","0","0","14.86","18.34","4","2","6.47","Rail","","4","8","8.23","1","10.51"
"SYN-LA-01934","Jharkhand","Patna","4.29","Agricultural","Commercial","5","5","0","0","2.97","4.09","7","10","4.06","Water management","2","1","10","7.23","0","8.34"
"SYN-LA-01935","","Ranchi","18.62","Residential","Commercial","7","9","0","0","7.99","11.04","3","8","4.21","Water management","7","0","7","12.22","1","12.29"
"SYN-LA-01936","Uttar Pradesh","Saran","18.99","Residential","Mixed use","2","3","0","0","9.03","12.56","2","9","5.95","Rail","16","4","8","11.01","0","13.99"
"SYN-LA-01937","Jharkhand","Ranchi","13.62","Forest buffer","Single-crop","2","2","0","0","8.56","10.55","9","5","9.72","Public utility","6","1","9","11.2","1","11.52"
"","Bihar","","9.99","Forest buffer","Residential","6","7","0","1","4.17","4.81","7","5","0.45","Industrial corridor","16","1","5","12.63","2","15.92"
"","Uttar Pradesh","Saran","2.82","Industrial","Single-crop","5","7","0","","1.66","1.97","7","9","9.23","Water management","5","3","9","8.21","1","11.32"
"SYN-LA-01940","Jharkhand","Nalanda","19.49","Forest buffer","Residential","8","7","1","2","5.39","5.51","8","6","5.94","Water management","14","3","4","13.67","3","19.58"
"SYN-LA-01941","Uttar Pradesh","Gaya","4.09","Industrial","Multi-crop","2","4","1","3","0.81","1.03","","4","2.44","Road","19","3","9","11.57","2","15.6"
"SYN-LA-01942","Jharkhand","Patna","22.23","Industrial","Single-crop","2","2","0","0","","9.81","0","8","0.85","Industrial corridor","8","","6","10.68","0","13.39"
"SYN-LA-01943","Uttar Pradesh","Patna","21.1","Forest buffer","Mixed use","","","1","0","10.24","11.1","7","8","0.63","Water management","8","3","8","4.3","1","7.16"
"SYN-LA-01944","Uttar Pradesh","Vaishali","","Residential","Mixed use","1","0","1","0","1.17","1.3","1","8","7.91","Road","5","5","7","10.31","1","13.5"
"SYN-LA-01945","Bihar","Bhagalpur","2.69","Agricultural","Single-crop","6","8","1","1","0.82","0.92","1","6","1.57","Road","20","0","4","13.63","2","19.02"
"SYN-LA-01946","Jharkhand","Purnia","8.32","Commercial","Single-crop","3","5","0","0","","6.33","8","9","","Water management","8","3","6","","1","11.06"
"SYN-LA-01947","Jharkhand","Muzaffarpur","6.65","Forest buffer","Fallow","6","6","0","0","2.16","2.31","4","4","4.83","Water management","14","3","5","14.05","1","16.68"
"SYN-LA-01948","Uttar Pradesh","Muzaffarpur","21","Forest buffer","","7","","1","4","9.08","11.49","5","7","10.82","Industrial corridor","20","3","4","18.44","3","25.38"
"SYN-LA-01949","Bihar","Vaishali","3.7","Forest buffer","Multi-crop","2","1","0","0","1.6","2.17","6","2","9.15","Road","8","5","6","4.12","1","7.18"
"SYN-LA-01950","Jharkhand","Muzaffarpur","14.24","Industrial","Residential","3","3","0","0","12.01","13.26","4","6","3.33","Road","20","8","8","6.65","1","8.8"
"SYN-LA-01951","Bihar","Purnia","1.21","Commercial","Commercial","","9","0","0","0.41","0.49","4","","2.13","Public utility","9","4","5","11.06","1","15.15"
"SYN-LA-01952","Jharkhand","Nalanda","18.48","Residential","Commercial","7","8","0","0","3.63","4.4","","8","5.52","Industrial corridor","16","2","6","10.16","1","13.37"
"SYN-LA-01953","Jharkhand","","16.12","Industrial","Fallow","","7","0","0","3.69","4.52","7","3","6.56","Industrial corridor","6","4","7","10.55","2","13.66"
"SYN-LA-01954","Jharkhand","Nalanda","14.19","Industrial","Single-crop","6","8","1","0","3.2","3.47","3","9","8.23","Rail","20","3","3","6.37","2","11.39"
"SYN-LA-01955","Uttar Pradesh","Gaya","20.15","Forest buffer","Fallow","2","2","1","3","17.56","23.09","2","4","6.91","Public utility","","4","8","12.26","2","18.19"
"SYN-LA-01956","Uttar Pradesh","Gaya","5.52","Industrial","Single-crop","4","4","0","0","4.32","5.75","7","4","3.65","Road","12","1","8","11.63","1","12.85"
"SYN-LA-01957","Uttar Pradesh","Begusarai","10.56","Residential","Commercial","8","10","1","1","6.34","8.15","0","8","4.67","","7","1","5","14.33","2","18.6"
"SYN-LA-01958","","Patna","17.78","Forest buffer","","4","5","0","0","13.67","18.38","8","2","11.66","Road","15","3","7","12.18","2","12.83"
"SYN-LA-01959","Bihar","Patna","19.09","Forest buffer","Mixed use","5","7","0","1","6.97","8.38","6","8","0.46","Public utility","14","2","8","10.69","1","13.88"
"SYN-LA-01960","Jharkhand","","4.6","Agricultural","Fallow","","7","0","","1.28","1.72","4","6","8.95","Water management","11","1","5","6.83","1","8.55"
"SYN-LA-01961","","Nalanda","22.92","Residential","","7","9","0","0","16.55","21.06","0","10","7.72","Public utility","12","4","7","13.17","1","15.85"
"SYN-LA-01962","Uttar Pradesh","Saran","15.93","Industrial","Mixed use","6","6","0","0","8.4","9.94","5","7","1.81","Rail","19","","5","6.99","1","8.93"
"SYN-LA-01963","Uttar Pradesh","Ranchi","1.76","Residential","Mixed use","5","6","1","3","1.09","1.47","","7","1.29","Public utility","7","4","9","14.55","1","19.57"
"","Uttar Pradesh","Gaya","7.71","Commercial","Single-crop","7","","1","2","4.74","5.05","0","3","8","Rail","3","2","5","13.48","2","19.07"
"SYN-LA-01965","Uttar Pradesh","Muzaffarpur","","Residential","Commercial","7","8","0","0","7.65","10.14","4","9","3.48","Road","18","2","","7.25","1","7.85"
"SYN-LA-01966","Bihar","Vaishali","6.55","Agricultural","Single-crop","4","6","0","0","4.45","5.08","6","8","2.29","Water management","19","1","9","10.81","1","12.86"
"SYN-LA-01967","Jharkhand","Saran","24.51","Agricultural","Commercial","7","7","","0","21.11","25.94","3","10","9.34","Water management","2","","","13.75","1","16.16"
"SYN-LA-01968","Uttar Pradesh","Bhagalpur","10.74","Residential","Multi-crop","8","7","0","0","2.51","3.23","0","7","1.28","Rail","7","","4","9.1","1","12.48"
"SYN-LA-01969","Uttar Pradesh","Vaishali","2.79","Industrial","Multi-crop","2","2","0","0","1.9","2.61","9","9","11.49","Water management","9","1","10","5.05","1","4.53"
"SYN-LA-01970","Bihar","Gaya","8.02","Commercial","Commercial","6","8","1","1","6.43","8.01","7","5","6.03","Road","12","2","4","12.25","3","17.11"
"SYN-LA-01971","Jharkhand","Dhanbad","3.97","Agricultural","Fallow","2","2","1","2","3.41","3.56","6","6","7.22","Rail","19","0","6","12.38","2","18.17"
"SYN-LA-01972","Uttar Pradesh","Ranchi","","Agricultural","","4","","0","1","6.95","","7","4","1.56","Road","8","1","6","12.8","1","16.05"
"SYN-LA-01973","Bihar","Ranchi","16.41","Forest buffer","Multi-crop","","3","1","1","8.23","10.41","","4","8.07","Water management","8","2","7","11.21","2","13.78"
"SYN-LA-01974","Jharkhand","Bhagalpur","23.09","Industrial","Residential","6","8","0","1","17.18","20.92","7","4","8.16","Rail","17","1","4","10.82","2","12.67"
"SYN-LA-01975","Jharkhand","Saran","15.02","Agricultural","Multi-crop","4","5","0","1","8.57","11.24","3","4","0.55","Public utility","4","1","5","6.49","1","9.8"
"SYN-LA-01976","Uttar Pradesh","Bhagalpur","22.09","","","6","8","0","0","8.14","11.13","6","3","2.4","Rail","4","6","7","12.67","2","15.54"
"SYN-LA-01977","","Gaya","","Commercial","Fallow","6","7","0","1","3.04","3.59","2","5","5.67","Water management","2","1","4","13.12","1","15.15"
"SYN-LA-01978","Jharkhand","Nalanda","18.56","Industrial","Mixed use","5","6","0","","6","6.43","7","4","9.62","Rail","2","4","6","11.2","1","12.97"
"SYN-LA-01979","Uttar Pradesh","","5.5","Residential","Single-crop","2","3","0","1","4.47","6.24","4","8","10.84","Public utility","12","3","","11.26","1","13.02"
"SYN-LA-01980","Bihar","Gaya","5.05","Residential","Residential","5","6","0","0","1.03","1.07","4","10","5.93","Road","10","8","6","7.98","1","10.37"
"SYN-LA-01981","Jharkhand","Nalanda","11.76","Industrial","Residential","4","4","0","0","5.62","7.65","3","6","3.39","Industrial corridor","8","1","8","11.62","0","12.21"
"SYN-LA-01982","Bihar","Nalanda","16.44","Commercial","Multi-crop","2","1","0","0","13.73","14.05","3","5","10.6","Rail","2","4","9","7.85","1","9.92"
"","Jharkhand","Ranchi","14.04","Commercial","Residential","2","3","0","0","6.76","9.13","7","3","8.77","Road","18","5","5","9.08","2","12.2"
"SYN-LA-01984","Uttar Pradesh","Bhojpur","16.44","Agricultural","Residential","2","4","0","0","12.31","16.24","7","9","10.6","Industrial corridor","15","5","7","5.88","1","8.01"
"SYN-LA-01985","Uttar Pradesh","Saran","11.03","","Commercial","6","","0","0","8.06","9.96","2","10","8.23","Water management","4","1","5","10.17","1","13.32"
"SYN-LA-01986","Uttar Pradesh","Patna","11.14","Forest buffer","Multi-crop","6","7","0","0","7.18","8.91","","4","","Rail","18","2","4","","2","15.35"
"SYN-LA-01987","","Ranchi","23.22","Forest buffer","Fallow","5","5","0","1","17.79","20.46","5","4","7.39","","14","1","8","12.68","1","14.05"
"SYN-LA-01988","Bihar","Muzaffarpur","16.26","Industrial","Fallow","1","2","0","0","11.31","12.77","1","3","6.07","Road","9","1","5","10.52","1","13.13"
"SYN-LA-01989","Jharkhand","Ranchi","9.46","Commercial","","4","5","1","1","3.52","4.57","1","6","5.92","Road","5","4","8","9.15","1","12.82"
"SYN-LA-01990","Bihar","Saran","13.99","Commercial","Single-crop","7","8","0","","5.58","7.15","3","4","3.05","Rail","19","2","4","10.39","2","12.55"
"SYN-LA-01991","Jharkhand","Ranchi","14.15","Industrial","Multi-crop","7","8","0","0","","5.24","1","6","9.14","Water management","14","1","5","14.59","2","16.52"
"SYN-LA-01992","Uttar Pradesh","Purnia","3.41","Agricultural","Multi-crop","6","7","0","0","1.91","2.14","1","9","1.95","Public utility","","1","7","11.15","0","11.65"
"","Bihar","Nalanda","2.5","Agricultural","Residential","7","6","0","0","0.98","1.23","2","9","2.8","Industrial corridor","5","1","4","13.03","1","15.73"
"SYN-LA-01994","Bihar","Ranchi","24.3","Residential","Residential","5","6","0","1","16.59","","5","8","7.74","Road","16","6","6","","1","10.86"
"SYN-LA-01995","Jharkhand","Begusarai","19.99","","Mixed use","3","5","1","2","","15.81","3","9","8.14","Road","8","4","6","8.26","2","13.37"
"SYN-LA-01996","Jharkhand","Ranchi","22.57","Commercial","Fallow","3","5","1","3","11.69","15.17","2","8","11.57","Water management","16","1","7","14.41","2","20.04"
"SYN-LA-01997","Bihar","Muzaffarpur","","Agricultural","Commercial","7","9","0","0","10.19","13.71","7","6","11.65","Water management","4","","","8.65","1","9.81"
"SYN-LA-01998","Uttar Pradesh","Bhojpur","22.72","Commercial","Mixed use","1","2","1","1","","7.17","","4","10.42","Road","8","1","8","12.14","1","14.44"
"SYN-LA-01999","Uttar Pradesh","Nalanda","6.7","Forest buffer","Residential","6","6","0","0","2.8","3.01","10","7","","Water management","17","5","5","11.41","2","13.86"
"SYN-LA-02000","Uttar Pradesh","Bhagalpur","22.71","Forest buffer","Residential","6","8","0","0","11.08","11.76","4","4","11.42","Public utility","3","2","7","8.93","1","11.66"
"SYN-LA-02001","Uttar Pradesh","Dhanbad","9.06","Industrial","Mixed use","6","6","0","1","6.75","9","1","4","0.99","Water management","16","3","5","12.54","1","15.5"
"SYN-LA-02002","Jharkhand","Begusarai","15.91","Commercial","Fallow","1","1","0","0","12.32","14.73","6","4","5.06","Rail","12","2","5","","1","11.93"
"SYN-LA-02003","Jharkhand","","","Forest buffer","Single-crop","2","","0","","13.01","15.28","","5","0.16","Public utility","9","3","9","4.1","0","6.29"
"SYN-LA-02004","Jharkhand","Gaya","10.56","Forest buffer","Single-crop","2","4","0","0","4.61","6.02","7","8","7.61","Public utility","","4","5","7.04","1","8.53"
"SYN-LA-02005","Uttar Pradesh","Bhojpur","","Commercial","Mixed use","1","3","0","0","13.37","15.9","5","7","","Rail","11","1","5","8.95","1","11.65"
"SYN-LA-02006","Bihar","","22.56","Industrial","Single-crop","7","7","0","0","7.85","8.08","1","6","4.37","Rail","19","1","4","13.73","1","17.58"
"SYN-LA-02007","Uttar Pradesh","Begusarai","24.92","Agricultural","Single-crop","1","0","0","0","6.15","7.68","1","5","0.16","Industrial corridor","9","3","7","5.69","0","7.81"
"SYN-LA-02008","Jharkhand","Nalanda","","Forest buffer","Mixed use","7","7","1","1","2.06","2.24","4","8","","Public utility","6","1","","14.98","1","19.76"
"SYN-LA-02009","Bihar","Gaya","22.71","Agricultural","Residential","4","4","0","0","6.94","8.49","5","6","3.38","Road","5","8","7","13.11","1","17.63"
"SYN-LA-02010","Bihar","Patna","17.72","Agricultural","Fallow","6","8","1","1","5.25","6.42","0","9","11.7","Rail","18","5","6","12.8","2","19.17"
"SYN-LA-02011","Bihar","Vaishali","","Commercial","Mixed use","4","5","0","0","4.75","5.5","1","7","2.73","Public utility","17","1","7","10.22","1","12.64"
"SYN-LA-02012","Jharkhand","Bhagalpur","5.65","Commercial","Multi-crop","5","6","0","0","4.23","5.09","1","8","11.75","Industrial corridor","8","5","7","13.26","1","15.76"
"SYN-LA-02013","Jharkhand","Purnia","5.58","Commercial","Single-crop","3","3","0","0","3.94","5.22","4","9","8.65","Public utility","15","5","10","8.93","1","10.62"
"SYN-LA-02014","Jharkhand","","3.75","Residential","Single-crop","8","9","0","0","3.19","3.6","3","9","2.14","Public utility","3","4","7","10.48","1","13.33"
"SYN-LA-02015","Jharkhand","Dhanbad","","Forest buffer","Mixed use","5","6","1","4","3.27","3.49","6","3","4.29","Rail","5","2","7","9.66","2","17.2"
"SYN-LA-02016","Uttar Pradesh","Begusarai","2.82","Agricultural","Commercial","6","7","1","3","2.38","3.11","4","7","6.04","Road","8","3","7","10.28","2","16.2"
"SYN-LA-02017","Bihar","Purnia","6.34","Residential","Residential","1","0","0","0","1.93","2.69","5","8","3.31","Water management","20","1","8","7.36","0","9.55"
"SYN-LA-02018","Jharkhand","Bhojpur","19.14","Residential","Commercial","4","5","0","0","14.48","14.93","","4","6.82","Rail","7","4","8","10.19","1","11.49"
"SYN-LA-02019","Uttar Pradesh","Bhagalpur","2.8","Commercial","Single-crop","3","5","0","0","1.44","1.82","3","9","4.56","Public utility","8","3","7","7.85","1","10.09"
"SYN-LA-02020","Uttar Pradesh","Gaya","10.67","Agricultural","Residential","1","","0","0","1.98","2.34","7","6","8.39","Rail","11","4","7","10.42","1","13.63"
"SYN-LA-02021","Bihar","","7.62","Forest buffer","Mixed use","8","9","0","0","2.32","3.14","8","7","6.85","Rail","19","3","3","7.54","2","10.65"
"SYN-LA-02022","Jharkhand","Patna","23.73","Agricultural","Residential","2","2","0","0","14.05","15.78","","3","","Water management","11","4","8","5.49","1","6.76"
"SYN-LA-02023","Uttar Pradesh","Dhanbad","12.17","Residential","Mixed use","6","7","0","","2.25","2.39","4","10","3.98","Rail","6","4","5","12.03","1","15"
"SYN-LA-02024","Bihar","Saran","18.56","Residential","Single-crop","2","4","1","1","6.12","8.4","8","9","10.15","Public utility","10","4","10","10.9","1","13.16"
"SYN-LA-02025","Bihar","Muzaffarpur","17.46","Agricultural","Single-crop","2","4","1","4","10.95","11.28","3","5","9.39","Rail","20","2","8","8.01","2","13.05"
"SYN-LA-02026","Jharkhand","Bhagalpur","15.85","Forest buffer","Residential","1","2","1","3","5.66","7.52","3","2","10.12","Public utility","9","1","7","10.58","2","14.14"
"SYN-LA-02027","Jharkhand","Purnia","15.52","Agricultural","Single-crop","2","2","1","1","8.13","8.54","7","5","9.77","Public utility","16","3","6","12.37","2","16.77"
"SYN-LA-02028","Uttar Pradesh","Dhanbad","24.6","Agricultural","Single-crop","2","3","0","1","","16.33","","10","0.99","Road","9","4","8","8.52","0","10.36"
"SYN-LA-02029","Uttar Pradesh","Begusarai","1.11","Forest buffer","Multi-crop","7","7","0","0","0.51","0.64","5","3","1.14","Water management","14","4","5","12.98","2","14.54"
"SYN-LA-02030","Uttar Pradesh","Begusarai","17.6","Residential","Mixed use","6","7","0","0","4.22","5.33","3","5","2.16","Water management","7","3","7","6.69","1","7.74"
"SYN-LA-02031","Bihar","Purnia","13.26","Agricultural","Residential","4","4","0","0","5.51","6.46","7","9","2.82","Rail","7","0","8","7.14","0","6.68"
"SYN-LA-02032","Bihar","Bhojpur","8.4","Commercial","Commercial","8","10","1","1","7","7.35","4","6","0.81","","11","3","7","15.43","2","18.44"
"SYN-LA-02033","Bihar","Bhojpur","18.79","Commercial","Single-crop","7","8","1","0","13.08","16.03","2","4","2.77","Rail","3","3","7","7.2","1","10.01"
"SYN-LA-02034","Bihar","Purnia","5.5","Forest buffer","Commercial","3","4","0","0","1.75","2.16","3","8","7.16","Road","","","8","8.34","1","8.48"
"SYN-LA-02035","Jharkhand","Gaya","3.36","Forest buffer","Mixed use","7","9","0","0","0.76","1.02","3","5","0.59","Public utility","","4","","8.72","1","11.44"
"SYN-LA-02036","Uttar Pradesh","Muzaffarpur","20.56","Commercial","Fallow","6","6","0","","17.58","23.39","4","9","2.13","Public utility","9","5","6","12.36","1","16.39"
"SYN-LA-02037","","Patna","7.4","Forest buffer","Mixed use","8","8","0","0","1.37","1.4","5","5","11.61","Road","4","3","4","14.86","2","18.69"
"SYN-LA-02038","Uttar Pradesh","Ranchi","15.4","","Mixed use","6","8","0","0","11.32","12.98","6","7","9.91","Water management","5","2","6","11.23","1","12.86"
"SYN-LA-02039","Jharkhand","Nalanda","19.56","Agricultural","Fallow","6","8","0","0","15.07","","0","7","6.18","Industrial corridor","2","0","4","13.48","1","16.02"
"SYN-LA-02040","Bihar","Nalanda","15.41","Residential","Fallow","7","7","0","0","10.8","12.48","0","3","5.49","Road","10","","5","11.78","1","14.55"
"SYN-LA-02041","Jharkhand","Dhanbad","4.96","Agricultural","Commercial","2","2","1","4","2.02","2.66","2","","9.19","Industrial corridor","8","4","6","13.17","2","21.39"
"SYN-LA-02042","Uttar Pradesh","Saran","3.1","Commercial","Single-crop","7","8","0","0","1.8","2.45","6","7","10.41","Industrial corridor","8","2","7","13.13","2","13.85"
"SYN-LA-02043","Bihar","Patna","3.74","","Residential","4","5","0","0","2.43","3.19","2","4","8.82","Rail","17","1","7","9.23","1","9.2"
"SYN-LA-02044","Bihar","Muzaffarpur","3.84","Agricultural","Commercial","","5","0","0","1.13","1.35","1","7","9.19","Road","20","2","6","10.01","1","11.08"
"SYN-LA-02045","Uttar Pradesh","Muzaffarpur","1.52","Agricultural","Single-crop","8","8","1","4","0.47","0.51","0","9","10.95","Public utility","10","1","8","13.59","2","19.54"
"SYN-LA-02046","Bihar","Purnia","16.03","Residential","Single-crop","7","9","0","1","13.59","15.06","7","6","4.62","Water management","9","5","5","13.23","2","17.54"
"SYN-LA-02047","Uttar Pradesh","","18.1","Agricultural","Multi-crop","3","5","1","0","15.45","16.71","4","6","11.97","Public utility","8","1","7","4.81","1","7.68"
"SYN-LA-02048","","Muzaffarpur","19.75","Agricultural","Residential","4","6","0","0","8.98","10.16","6","6","9.97","Industrial corridor","8","0","6","5.74","1","7.27"
"SYN-LA-02049","Bihar","Bhojpur","9.78","Industrial","Single-crop","4","4","0","1","3.96","4.75","4","10","9.72","Public utility","8","4","7","9.27","1","11.15"
"SYN-LA-02050","Bihar","Begusarai","3.42","Agricultural","Commercial","3","5","0","0","0.91","1.26","3","8","4.05","Water management","15","3","6","7.69","1","10.56"
"SYN-LA-02051","Jharkhand","Muzaffarpur","1.88","Agricultural","Single-crop","8","10","0","0","","1.03","2","7","8.05","Rail","4","4","4","9.63","2","13.7"
"SYN-LA-02052","Jharkhand","Dhanbad","5.01","Industrial","Commercial","5","5","0","0","1.01","1.15","5","10","1.86","Water management","7","1","10","7.08","0","8.76"
"SYN-LA-02053","Bihar","Ranchi","10.93","Commercial","Fallow","5","6","1","","5.05","5.2","9","5","3.64","Water management","11","5","5","13.26","3","19.15"
"SYN-LA-02054","Jharkhand","Bhagalpur","1.86","Residential","Fallow","4","4","0","0","0.38","0.43","3","7","10.85","Industrial corridor","13","3","6","9.15","1","10.2"
"SYN-LA-02055","Jharkhand","Dhanbad","","Residential","Mixed use","1","2","1","3","1.07","1.18","6","3","2.29","Water management","18","1","5","8.54","2","14.8"
"SYN-LA-02056","Bihar","Bhagalpur","14.05","Residential","Multi-crop","2","3","0","","5.64","6.67","6","6","11.8","Industrial corridor","2","1","8","6.65","1","7.22"
"SYN-LA-02057","Jharkhand","","18.16","Commercial","Mixed use","7","7","0","0","5.38","6.88","4","10","2.32","Rail","16","1","4","9.7","1","12.02"
"SYN-LA-02058","Bihar","Saran","11.48","Commercial","Residential","3","3","1","4","9.41","12.09","3","6","","Public utility","4","","7","11.94","1","17.93"
"SYN-LA-02059","","Nalanda","20.11","Industrial","Fallow","","3","1","4","3.97","5.29","6","3","10.59","Road","20","3","6","10.07","3","18.08"
"SYN-LA-02060","Jharkhand","Bhojpur","7.88","","Residential","6","6","0","1","6.79","7.12","3","4","9.4","Rail","18","4","4","7.27","2","10.61"
"SYN-LA-02061","Bihar","Dhanbad","22.16","Residential","Fallow","8","9","0","0","6.64","8.89","6","8","3.8","Road","4","2","6","11.83","1","12.89"
"SYN-LA-02062","Uttar Pradesh","Muzaffarpur","21.42","Agricultural","Residential","2","2","","0","16.77","19.9","2","8","3.14","Rail","18","","10","10.13","0","11.06"
"SYN-LA-02063","Jharkhand","Nalanda","10.97","Agricultural","Multi-crop","4","5","0","1","3.81","3.98","8","3","","Water management","","1","8","10.57","1","11.92"
"SYN-LA-02064","Bihar","Saran","13.9","Industrial","Multi-crop","7","8","1","0","7.89","8.1","2","7","11.32","","17","","8","10.11","2","14.29"
"SYN-LA-02065","Uttar Pradesh","Patna","24.77","Forest buffer","Mixed use","6","6","0","0","10.28","12.83","","2","10.08","Water management","6","2","4","6.44","1","9.34"
"SYN-LA-02066","Uttar Pradesh","Gaya","20.1","Agricultural","Commercial","8","8","0","0","12.2","15.55","7","6","4.89","Road","20","4","6","9.74","2","12.97"
"SYN-LA-02067","Bihar","Purnia","2.93","Forest buffer","Residential","7","7","0","0","0.66","0.69","3","2","","Road","19","4","6","13.77","2","17.42"
"SYN-LA-02068","Uttar Pradesh","Dhanbad","6.08","Agricultural","Mixed use","2","2","0","0","2.4","3.12","8","7","7.61","Rail","4","5","9","9.67","1","10.57"
"","Uttar Pradesh","Nalanda","9.94","Forest buffer","Commercial","4","","0","0","7.41","9.47","4","1","7.87","Rail","","5","10","8.6","1","8.85"
"SYN-LA-02070","Bihar","Muzaffarpur","1.3","Forest buffer","Residential","8","8","0","0","0.74","0.93","9","8","7.16","Rail","2","5","8","11.4","1","14.42"
"SYN-LA-02071","Bihar","Muzaffarpur","19.51","Commercial","Fallow","3","3","0","0","10.13","12.42","4","9","4.54","Water management","11","3","8","7.02","0","7.85"
"SYN-LA-02072","Jharkhand","","3.27","Agricultural","Single-crop","1","2","0","0","2.76","3.65","8","9","0.59","Water management","4","4","8","9.23","0","11.52"
"SYN-LA-02073","Jharkhand","Vaishali","21.62","Forest buffer","Mixed use","3","5","0","0","17.96","18.72","6","8","0.26","Public utility","20","4","9","10.46","1","12.01"
"SYN-LA-02074","Bihar","Saran","7.13","Commercial","Commercial","6","7","0","0","4.21","4.8","1","6","6.78","Public utility","3","2","7","11.83","1","14.56"
"SYN-LA-02075","Jharkhand","Bhojpur","6.17","Agricultural","Single-crop","","3","1","2","3.17","3.91","6","7","3.64","Public utility","14","0","7","12.33","1","17.1"
"SYN-LA-02076","Bihar","Begusarai","18.85","Agricultural","Residential","4","5","0","0","14.95","19.18","8","7","5.59","Water management","4","3","8","11.17","1","12.3"
"SYN-LA-02077","Uttar Pradesh","Saran","16.36","Residential","Multi-crop","2","1","0","0","6.57","8.13","7","3","9.99","","8","4","8","6.54","1","9.61"
"SYN-LA-02078","Uttar Pradesh","Nalanda","13.36","Industrial","Mixed use","3","3","0","1","5.41","7.42","8","5","0.63","Public utility","13","","5","11.62","1","14.25"
"SYN-LA-02079","Bihar","","3.39","Residential","Multi-crop","4","4","0","1","1.41","1.44","4","3","4.28","Road","3","5","8","10.27","1","12.89"
"SYN-LA-02080","","Muzaffarpur","8.44","Commercial","Fallow","","4","0","0","5.52","7.38","1","5","10","Road","3","5","7","9.05","1","10.2"
"SYN-LA-02081","Jharkhand","Bhagalpur","11.31","Forest buffer","Single-crop","4","5","0","0","4.47","","6","","2.05","","","4","","8.41","1","11.59"
"SYN-LA-02082","Uttar Pradesh","Bhagalpur","24.87","Agricultural","","8","9","0","0","","26.16","0","4","0.29","Public utility","19","4","7","10.25","1","11.61"
"SYN-LA-02083","Jharkhand","Bhagalpur","12.45","Forest buffer","Residential","3","5","0","1","5.25","7.29","10","3","3.67","Water management","8","2","9","13.09","2","15.79"
"SYN-LA-02084","Bihar","Gaya","17.5","Commercial","Fallow","6","8","","0","15.36","20.65","4","4","10.2","Industrial corridor","8","1","7","8.49","1","9.2"
"SYN-LA-02085","Bihar","Dhanbad","13.57","Agricultural","Residential","5","7","0","0","5.37","6.56","6","9","0.18","Rail","9","4","5","10.44","1","12.62"
"SYN-LA-02086","Uttar Pradesh","Bhagalpur","4.99","Forest buffer","Multi-crop","7","9","1","2","4.31","5.94","5","","10.01","Road","5","2","5","8.88","2","13.03"
"SYN-LA-02087","Uttar Pradesh","Dhanbad","23.34","Residential","Commercial","1","1","0","","18.95","20.2","4","5","0.6","Road","11","2","9","7.29","0","8.78"
"SYN-LA-02088","Jharkhand","Bhagalpur","10.18","Commercial","Residential","2","4","1","1","2.52","2.93","3","3","8.59","Industrial corridor","14","0","6","9.36","1","13.04"
"SYN-LA-02089","Bihar","Vaishali","21.87","Forest buffer","Multi-crop","6","8","","0","","16.79","5","6","3.12","Water management","2","1","7","8.39","1","9.27"
"SYN-LA-02090","Uttar Pradesh","Begusarai","18.87","Agricultural","Residential","3","5","1","3","","13.48","1","7","7.5","Rail","6","1","6","15.34","1","19.4"
"SYN-LA-02091","Bihar","Begusarai","2.37","Industrial","Residential","6","8","1","1","1.4","1.46","3","4","9.2","Water management","","4","7","8.68","2","14.28"
"","Bihar","Ranchi","4.68","Agricultural","Mixed use","4","6","0","1","3.1","4.1","8","6","0.35","Public utility","14","4","9","13.28","1","15.91"
"SYN-LA-02093","Bihar","","10.11","Commercial","","8","8","1","4","8.79","10.17","6","5","5.19","Public utility","2","4","8","14.88","3","22.28"
"SYN-LA-02094","Jharkhand","Muzaffarpur","8.8","Residential","Residential","2","2","0","0","3.89","5.05","2","7","6.94","Water management","13","2","","8.61","0","8.58"
"SYN-LA-02095","Jharkhand","Ranchi","6.3","Forest buffer","Multi-crop","3","3","0","0","4.26","5.89","7","4","0.49","Public utility","18","1","9","5.56","1","6.74"
"SYN-LA-02096","Bihar","Dhanbad","8.61","Forest buffer","Single-crop","3","2","1","1","6.83","9.18","5","2","6.24","Rail","7","4","6","7.25","2","13.24"
"","Uttar Pradesh","Vaishali","2.03","Agricultural","Commercial","4","4","0","0","1.01","1.31","2","8","8.87","Industrial corridor","6","4","9","10.22","0","11.55"
"SYN-LA-02098","Bihar","Saran","5.1","Forest buffer","Mixed use","3","3","0","1","2.6","3.3","7","1","9.77","Industrial corridor","16","4","6","7.88","2","12.31"
"SYN-LA-02099","Bihar","Begusarai","15.02","Residential","Mixed use","5","4","0","0","5.75","6.18","3","9","2.95","Rail","3","3","10","6.87","0","7.84"
"SYN-LA-02100","Jharkhand","Saran","4.42","Agricultural","Single-crop","","4","0","0","1.54","1.58","5","6","6.97","Public utility","20","4","5","","2","16.62"
"SYN-LA-02101","Jharkhand","Bhojpur","13.57","Forest buffer","","6","8","0","0","4.27","4.85","4","","4.19","Public utility","18","3","","11.21","2","14.51"
"SYN-LA-02102","Jharkhand","Dhanbad","9.05","Forest buffer","","2","2","","0","5.34","","5","2","0.42","Industrial corridor","12","2","5","8","1","8.88"
"SYN-LA-02103","Jharkhand","Ranchi","24.52","","Mixed use","2","3","0","0","14.61","17.01","4","4","8.36","Rail","15","3","7","11.79","1","13.46"
"SYN-LA-02104","Uttar Pradesh","Vaishali","23.06","Forest buffer","Multi-crop","3","2","0","1","11.87","16.04","3","5","9.48","Road","19","4","8","7.87","1","11.22"
"SYN-LA-02105","Bihar","Gaya","8.47","Forest buffer","Fallow","7","7","0","0","6.9","","8","7","0.45","Water management","3","4","6","13.14","1","15.02"
"SYN-LA-02106","Jharkhand","Nalanda","24.8","Industrial","Multi-crop","2","1","1","4","14.56","17.89","4","8","2.83","Rail","15","1","8","12.71","1","17.86"
"SYN-LA-02107","Uttar Pradesh","Vaishali","4.37","Residential","Single-crop","7","8","0","0","2.67","3.66","4","8","3.88","Rail","2","2","4","9.31","1","13.44"
"SYN-LA-02108","Jharkhand","Bhagalpur","11.29","Commercial","Multi-crop","2","2","0","0","","2.87","7","5","10.72","Water management","10","3","9","4.21","1","6.5"
"SYN-LA-02109","Jharkhand","Patna","18.83","Agricultural","Commercial","8","9","0","0","10.36","12.51","4","9","7.15","Road","5","2","6","12.45","1","15.9"
"SYN-LA-02110","Jharkhand","Nalanda","21.23","Forest buffer","Fallow","2","1","0","0","17.29","19.79","9","4","0.71","Rail","12","5","9","9.69","1","11.59"
"SYN-LA-02111","Uttar Pradesh","Purnia","","Forest buffer","Fallow","7","7","0","0","2.05","2.69","4","2","10.89","Road","8","3","5","7.97","2","9.48"
"SYN-LA-02112","Uttar Pradesh","Saran","2.73","Industrial","Multi-crop","6","8","0","0","2.25","2.55","1","7","11.13","Water management","20","2","7","8.8","1","11.61"
"SYN-LA-02113","Uttar Pradesh","Muzaffarpur","7.31","Forest buffer","Mixed use","5","4","0","0","2.55","2.89","6","5","7.58","Industrial corridor","10","4","9","13.04","1","14.96"
"SYN-LA-02114","Jharkhand","Bhojpur","22.24","Residential","Single-crop","3","4","0","1","18.91","24.03","2","4","7.54","Industrial corridor","8","2","9","11.05","1","13.53"
"SYN-LA-02115","Bihar","Patna","23.82","Residential","Mixed use","6","7","0","0","8.93","11","6","9","1.41","Water management","12","2","3","12.95","1","15.47"
"SYN-LA-02116","Bihar","Patna","19.8","Residential","Mixed use","8","9","0","0","16.29","20.69","4","7","5.54","Rail","11","1","5","13.28","1","14.37"
"SYN-LA-02117","Uttar Pradesh","Bhojpur","22.16","Residential","Residential","","6","0","0","12.02","13.14","3","9","8","Road","5","6","8","12.74","1","15.05"
"SYN-LA-02118","Jharkhand","Patna","22.01","Industrial","Multi-crop","2","2","0","1","14.5","18.31","6","7","11.05","Water management","","3","7","9.87","1","11.67"
"SYN-LA-02119","Uttar Pradesh","Gaya","23.92","Forest buffer","Fallow","3","4","0","0","15.38","15.9","","4","10.62","Road","11","3","8","10.6","1","13.51"
"SYN-LA-02120","Bihar","Gaya","11.02","Forest buffer","Residential","7","8","0","0","8.73","10.19","3","2","","Public utility","10","1","","14.31","1","16.92"
"SYN-LA-02121","Bihar","Purnia","15.99","Commercial","Multi-crop","7","8","0","0","13.48","15.56","5","10","7.98","Public utility","19","2","6","7.26","1","9.14"
"SYN-LA-02122","Bihar","Saran","8.25","Industrial","Mixed use","2","2","0","1","6.63","8.59","4","9","0.47","Public utility","5","5","8","11.72","1","13.46"
"SYN-LA-02123","Jharkhand","Bhojpur","12.98","Residential","Mixed use","3","4","0","0","7.57","8.12","4","10","10.41","Industrial corridor","6","2","7","","1","12.97"
"SYN-LA-02124","Uttar Pradesh","Patna","12.88","Forest buffer","Residential","8","9","0","0","","6.62","4","","11.85","Water management","17","1","4","15.37","2","18.56"
"SYN-LA-02125","Bihar","Begusarai","12.56","Industrial","Fallow","3","4","0","0","9.71","13.18","2","9","4.51","Water management","15","1","8","8.4","0","10.77"
"SYN-LA-02126","Uttar Pradesh","Ranchi","19.8","Residential","Residential","7","7","0","0","16.75","21.39","4","9","11.07","Industrial corridor","","3","4","12.26","1","15.71"
"SYN-LA-02127","Jharkhand","Ranchi","21.24","Commercial","","8","9","1","","15.77","21.95","2","3","0.3","Rail","5","3","6","9.78","2","13.48"
"SYN-LA-02128","Jharkhand","Begusarai","6.11","Forest buffer","Mixed use","3","5","0","1","1.34","1.38","2","6","2.33","Public utility","19","5","8","9.31","1","12.37"
"SYN-LA-02129","Uttar Pradesh","Nalanda","4.62","Agricultural","Multi-crop","7","7","0","0","3.91","5.23","4","4","1.75","Road","3","2","4","8.27","1","9.84"
"SYN-LA-02130","Uttar Pradesh","Purnia","1.53","Industrial","Mixed use","","7","0","0","1.2","1.49","1","6","4.23","Road","8","2","10","8.31","0","7.93"
"SYN-LA-02131","Uttar Pradesh","Saran","9.48","Industrial","Single-crop","","2","0","0","8.22","9.68","","5","6.88","Rail","7","1","8","5.67","0","7.56"
"SYN-LA-02132","Uttar Pradesh","Nalanda","6.34","Commercial","Mixed use","5","5","0","0","3.15","4.31","8","6","3.56","Road","9","0","9","8.72","1","8.96"
"SYN-LA-02133","Jharkhand","Nalanda","13","Industrial","Fallow","6","8","0","0","8.42","9.1","2","6","0.95","Water management","18","3","5","10.12","1","12.53"
"SYN-LA-02134","","Muzaffarpur","23.97","Forest buffer","","4","5","0","0","18.99","24.42","9","6","3.94","Industrial corridor","12","2","7","11.3","1","12.26"
"SYN-LA-02135","Uttar Pradesh","Begusarai","13.57","Residential","Single-crop","","1","0","0","8.49","11.6","1","10","9.93","Rail","20","0","","7.8","0","10.6"
"SYN-LA-02136","Jharkhand","Bhojpur","16.25","","Multi-crop","4","6","0","0","","18.94","7","5","12.01","Rail","2","2","8","11.52","1","13.24"
"SYN-LA-02137","Bihar","Bhagalpur","16.64","Industrial","","1","1","1","0","11.02","14.2","3","4","8.33","Industrial corridor","6","2","7","5.9","1","8.02"
"SYN-LA-02138","Uttar Pradesh","Saran","13.71","Forest buffer","Fallow","6","7","0","0","3.72","5.17","9","2","1.46","Public utility","15","4","8","8.31","1","11.43"
"SYN-LA-02139","Uttar Pradesh","Begusarai","11.41","Forest buffer","Commercial","4","3","0","1","","6.06","5","3","8.43","","11","3","6","7.6","1","10.94"
"SYN-LA-02140","Uttar Pradesh","Bhagalpur","4.18","Forest buffer","","5","5","0","0","1.34","1.5","2","7","0.81","Road","3","2","8","12.97","1","13.65"
"SYN-LA-02141","Jharkhand","Begusarai","2.23","Residential","Commercial","3","5","0","0","1.89","2.21","6","6","5.5","Water management","9","3","7","8.44","1","10.14"
"SYN-LA-02142","Uttar Pradesh","Purnia","9.54","Industrial","Commercial","2","4","0","0","1.79","2.03","5","4","7.36","Water management","9","5","10","6.51","1","7.53"
"SYN-LA-02143","Jharkhand","Bhojpur","17.68","Industrial","Fallow","8","8","0","0","7.6","9.59","4","10","","Industrial corridor","18","3","4","8.28","1","11.46"
"SYN-LA-02144","Uttar Pradesh","Muzaffarpur","8.07","Forest buffer","Commercial","2","3","","1","6.05","6.47","8","5","","Road","8","4","7","8.81","1","12.93"
"SYN-LA-02145","Jharkhand","Patna","24.8","Agricultural","Mixed use","1","0","0","0","8.71","12.15","4","5","10.27","Water management","","1","6","8.46","1","11.16"
"SYN-LA-02146","Uttar Pradesh","Dhanbad","5.76","Residential","Fallow","8","10","0","","1.69","1.74","7","7","8.68","Public utility","20","3","8","11.09","2","12.29"
"SYN-LA-02147","Uttar Pradesh","Bhagalpur","22.66","Commercial","Single-crop","2","3","0","0","10.71","11.01","3","5","11.47","Road","9","3","6","6.34","1","7.83"
"SYN-LA-02148","Uttar Pradesh","Patna","","Residential","Fallow","3","","0","0","","6.51","3","4","4.46","Rail","13","4","6","6.13","1","7.94"
"SYN-LA-02149","Bihar","Gaya","7.43","Forest buffer","Single-crop","1","2","0","0","6.13","6.88","8","3","10.36","Water management","2","2","7","4.8","1","6.94"
"SYN-LA-02150","Bihar","Dhanbad","22.56","Forest buffer","Multi-crop","3","4","0","1","10.14","11.51","8","6","0.21","Rail","13","1","8","7.7","1","9.07"
"SYN-LA-02151","Bihar","Ranchi","2.33","Industrial","Residential","4","5","1","3","1.31","1.7","6","3","11.25","Road","13","5","6","11.18","3","16.75"
"SYN-LA-02152","Jharkhand","Purnia","4.34","Forest buffer","Residential","8","9","0","0","0.94","","","6","3.59","Road","20","6","7","10.04","2","13.52"
"SYN-LA-02153","Bihar","Nalanda","6.47","Residential","Fallow","8","10","","0","3.71","4.41","5","8","","Water management","3","3","7","13.76","2","16.53"
"SYN-LA-02154","Jharkhand","Ranchi","9.23","Agricultural","Single-crop","5","7","0","0","7.18","7.71","0","9","9.85","Public utility","6","4","6","6.72","1","7.96"
"SYN-LA-02155","Jharkhand","Patna","15.25","Industrial","Mixed use","3","3","0","1","8.37","","4","7","1.2","Water management","16","4","5","11.98","1","14.47"
"SYN-LA-02156","Uttar Pradesh","Dhanbad","20.12","Industrial","Residential","8","7","1","2","14.01","15.73","7","10","0.33","Public utility","3","1","4","","2","21.94"
"SYN-LA-02157","Uttar Pradesh","Saran","4.84","Industrial","Single-crop","3","2","0","0","2.66","2.82","1","7","2.7","Industrial corridor","9","2","10","8.12","0","10.14"
"SYN-LA-02158","","Vaishali","14.68","","Fallow","8","8","0","","6.42","7.34","1","4","4.97","Industrial corridor","17","1","6","15.29","1","17.96"
"SYN-LA-02159","Uttar Pradesh","Patna","20.67","Agricultural","Mixed use","7","7","1","0","17.72","18.8","5","6","11.63","","10","2","7","8.79","2","12"
"SYN-LA-02160","Uttar Pradesh","Bhagalpur","15.84","Forest buffer","Residential","2","2","","1","12","14.44","4","2","9.76","Road","16","5","5","6.38","2","10.85"
"SYN-LA-02161","Jharkhand","Begusarai","20.42","Residential","Single-crop","1","0","1","1","13.88","14.53","3","9","8.05","Rail","18","0","7","6.35","1","10.35"
"SYN-LA-02162","Uttar Pradesh","Begusarai","0.89","Commercial","Single-crop","8","7","0","0","0.52","0.65","2","3","1.65","Water management","12","1","6","8.93","1","10.44"
"SYN-LA-02163","Bihar","","1.91","Agricultural","Multi-crop","2","4","0","1","0.38","0.47","2","4","10.29","Water management","13","3","10","5.48","1","6.19"
"SYN-LA-02164","Bihar","Dhanbad","4.53","Residential","Mixed use","4","6","0","0","2.23","2.68","1","9","9.19","Road","4","3","10","12.21","0","11.97"
"SYN-LA-02165","Uttar Pradesh","Gaya","15.46","","Commercial","7","9","0","1","2.88","4","","5","6.26","","5","3","5","11.83","2","16.1"
"SYN-LA-02166","Uttar Pradesh","Vaishali","12.09","Residential","Multi-crop","3","4","","0","5.37","7.08","2","6","5.89","Industrial corridor","15","0","10","10.34","0","9.01"
"SYN-LA-02167","Jharkhand","Dhanbad","17.44","Forest buffer","Mixed use","6","6","1","3","14.94","20.61","9","7","4.76","Public utility","5","1","5","15.3","2","21.09"
"SYN-LA-02168","Jharkhand","Bhojpur","4.87","Forest buffer","","8","8","0","0","1.03","1.22","4","5","11.45","Rail","19","6","5","15.18","3","18.41"
"SYN-LA-02169","Uttar Pradesh","Patna","18.98","Residential","Commercial","8","10","0","0","6.35","7.35","6","9","","Industrial corridor","16","","","10.98","2","14.24"
"SYN-LA-02170","Jharkhand","Patna","14.97","Commercial","Residential","2","1","0","0","2.78","3.49","4","9","6.54","Industrial corridor","18","3","5","9.53","1","13.52"
"SYN-LA-02171","Uttar Pradesh","Purnia","1.37","Forest buffer","Mixed use","5","5","0","","1.11","1.22","2","3","10.36","Rail","7","0","6","5.8","1","7.47"
"SYN-LA-02172","Bihar","Dhanbad","10.31","Industrial","Mixed use","6","8","0","1","2.16","2.54","1","9","2.52","Rail","17","3","3","10.54","1","16.12"
"SYN-LA-02173","Bihar","Muzaffarpur","8.67","Industrial","Fallow","5","7","0","0","4.55","5.81","5","9","9.8","Road","9","4","5","5.88","1","8.16"
"SYN-LA-02174","Uttar Pradesh","Ranchi","13.63","Industrial","Single-crop","1","2","0","0","6.18","7.65","7","6","2.99","Public utility","10","0","8","4.05","0","5.23"
"SYN-LA-02175","Jharkhand","Vaishali","12.75","Forest buffer","Mixed use","5","6","1","3","5.79","7.85","2","2","3.58","Public utility","9","2","6","10.94","2","17.53"
"SYN-LA-02176","Bihar","Gaya","1.59","Residential","Multi-crop","8","","0","0","0.99","1.12","2","4","4.01","Road","7","2","7","9.53","1","11.81"
"SYN-LA-02177","Uttar Pradesh","Gaya","24.63","Residential","Residential","5","7","0","0","12.31","14.59","5","10","10.8","","15","2","8","9.42","1","9.61"
"SYN-LA-02178","Bihar","Vaishali","8.73","Agricultural","Residential","5","7","0","0","6.74","6.89","3","8","5.58","Rail","4","3","8","11.46","1","11.87"
"SYN-LA-02179","Jharkhand","Gaya","17.21","Forest buffer","Commercial","5","5","0","0","11.75","16.32","5","6","8.21","Water management","17","1","6","9.82","1","10.26"
"SYN-LA-02180","Jharkhand","","11.03","Forest buffer","Single-crop","1","2","0","0","8.39","10","7","2","7.98","Public utility","15","4","7","6.25","1","7.73"
"SYN-LA-02181","Jharkhand","Patna","0.99","Industrial","Residential","8","10","1","1","0.65","0.78","7","8","10.19","Rail","5","2","4","10.12","3","16.44"
"SYN-LA-02182","Jharkhand","Saran","5.36","Residential","Mixed use","3","3","","3","1.94","2.13","8","4","9.63","Water management","5","0","8","9.32","2","12.39"
"SYN-LA-02183","Uttar Pradesh","Saran","9.19","Industrial","Multi-crop","5","5","0","0","2.31","2.84","6","7","8.57","Public utility","6","3","9","9.38","1","11.73"
"SYN-LA-02184","Bihar","Nalanda","10.11","Agricultural","Fallow","5","6","0","0","2.56","2.79","6","8","2.36","Water management","4","1","8","13.04","1","13.38"
"SYN-LA-02185","Bihar","Dhanbad","17.76","Residential","Fallow","1","3","0","0","4.39","6.03","3","5","8.16","Industrial corridor","15","1","7","6.11","1","7.83"
"SYN-LA-02186","Uttar Pradesh","Purnia","13.97","Commercial","Multi-crop","3","4","0","0","4.82","5.65","8","10","6.96","Road","16","1","6","8.11","1","8.54"
"SYN-LA-02187","Bihar","Ranchi","6.18","","Single-crop","3","2","0","0","1.62","1.86","8","7","","Public utility","2","3","7","5.92","1","8.62"
"SYN-LA-02188","Uttar Pradesh","Bhojpur","3.85","Commercial","Multi-crop","6","7","1","4","1.02","1.27","3","7","8.66","Industrial corridor","18","4","4","12.02","3","18.23"
"SYN-LA-02189","Jharkhand","Bhojpur","11.1","Agricultural","Multi-crop","7","9","1","2","6.36","8.02","6","8","2.35","Public utility","3","4","5","11.23","2","15.81"
"SYN-LA-02190","Uttar Pradesh","Gaya","19.12","Forest buffer","Mixed use","2","3","0","0","14.89","18.66","4","5","6.03","Rail","13","4","5","4.85","1","7.82"
"SYN-LA-02191","Bihar","Muzaffarpur","9.18","Commercial","Commercial","4","6","0","0","1.88","2.2","3","4","0.1","Industrial corridor","5","3","6","5.77","1","9.02"
"SYN-LA-02192","Uttar Pradesh","Nalanda","18.91","Industrial","Single-crop","3","5","1","2","9.94","12.78","1","7","8.14","Road","12","3","5","7.57","1","12.29"
"SYN-LA-02193","Jharkhand","Gaya","19.54","Commercial","Commercial","5","6","0","0","12.19","15.91","8","9","3.76","Industrial corridor","17","4","8","10.89","1","12.39"
"SYN-LA-02194","Jharkhand","Vaishali","17.77","Commercial","Mixed use","2","3","0","0","4.35","4.52","2","9","10.35","Rail","19","1","","9.46","0","10.53"
"SYN-LA-02195","Jharkhand","Nalanda","5.27","Commercial","Single-crop","6","7","0","0","4.45","5.62","6","5","2.63","Water management","7","1","5","11.51","1","14.24"
"SYN-LA-02196","Bihar","","17.72","","Multi-crop","3","3","0","0","10.06","12.17","4","8","8.08","Road","4","2","6","8.4","1","10.61"
"SYN-LA-02197","Bihar","Nalanda","16.43","Industrial","Commercial","4","6","0","0","5.84","8.02","7","5","11.89","Water management","","1","8","10.95","1","10.71"
"SYN-LA-02198","Jharkhand","Muzaffarpur","16.96","Forest buffer","Single-crop","1","1","0","0","3.09","3.63","8","2","4.41","Water management","10","1","6","","1","11.7"
"SYN-LA-02199","Uttar Pradesh","Muzaffarpur","21.89","Commercial","Residential","6","8","0","0","","22.56","5","10","3.51","Public utility","11","2","8","11.48","1","12.62"
"SYN-LA-02200","Jharkhand","Nalanda","18.87","Residential","Fallow","1","2","0","0","10.49","13.65","8","9","10.55","Rail","10","4","7","10.95","1","13.17"
"SYN-LA-02201","Jharkhand","Gaya","6.86","Forest buffer","Residential","6","8","1","3","5.87","7.32","10","1","10.73","Water management","8","4","6","10.7","3","17.09"
"SYN-LA-02202","Bihar","Begusarai","8.09","Forest buffer","Fallow","5","6","0","0","2.55","2.74","4","5","10.87","Public utility","15","4","7","9.57","1","12.55"
"SYN-LA-02203","Bihar","Muzaffarpur","6.22","","Mixed use","3","5","0","1","5.09","6.4","1","","8.95","Road","5","4","9","11.28","1","14.88"
"SYN-LA-02204","Jharkhand","Ranchi","8.07","Residential","Commercial","4","5","0","0","5.39","6.42","5","5","","Rail","4","5","9","6.33","1","9.52"
"SYN-LA-02205","Jharkhand","Begusarai","8.02","Forest buffer","Commercial","3","4","0","0","6","7.71","7","5","2.5","Industrial corridor","7","2","8","8.32","1","9"
"SYN-LA-02206","Uttar Pradesh","Dhanbad","13.21","Industrial","Fallow","1","3","0","0","4.71","6.24","4","5","9.94","Rail","10","3","6","5.04","1","8.71"
"SYN-LA-02207","Uttar Pradesh","Nalanda","11.06","Commercial","Fallow","6","6","0","0","","2.89","1","","10.92","Rail","12","","5","8.37","1","10.26"
"SYN-LA-02208","Jharkhand","Nalanda","4.65","Commercial","Commercial","7","9","","1","1.54","1.73","5","5","8.99","Industrial corridor","18","0","6","13.08","3","15.34"
"SYN-LA-02209","Jharkhand","Purnia","22.46","Forest buffer","Multi-crop","3","2","0","0","4.53","5.18","9","2","2.49","Industrial corridor","7","1","9","9.99","1","9.8"
"SYN-LA-02210","Bihar","Bhojpur","","Forest buffer","Fallow","3","5","0","0","3.68","4.8","7","4","7.01","Industrial corridor","18","3","7","8.18","2","9"
"SYN-LA-02211","Jharkhand","Vaishali","13.05","Industrial","Fallow","7","7","0","0","9.44","10.83","0","3","2.2","Rail","20","1","6","11.9","1","14.85"
"SYN-LA-02212","Uttar Pradesh","Bhojpur","1.16","Forest buffer","Fallow","","8","1","2","1.01","1.24","7","6","1.54","Water management","2","","7","15.96","2","19.3"
"SYN-LA-02213","Bihar","Dhanbad","22.71","Commercial","Commercial","6","7","0","0","7.28","10","8","6","6.1","Road","10","4","6","11.69","2","14.62"
"SYN-LA-02214","Bihar","Purnia","22.48","Forest buffer","Mixed use","3","3","0","1","11.04","11.43","5","4","9.39","Water management","17","0","10","","1","12.75"
"SYN-LA-02215","Uttar Pradesh","Bhagalpur","1.73","Industrial","Mixed use","2","2","0","0","1.25","1.48","1","4","11.85","Public utility","","3","8","5.02","0","6.66"
"SYN-LA-02216","","Purnia","7.79","Forest buffer","Mixed use","3","5","0","0","4.63","5.22","6","6","9.44","Rail","7","4","7","","1","9.82"
"SYN-LA-02217","Jharkhand","Patna","20.26","Forest buffer","Commercial","7","8","0","0","10.97","11.63","9","5","1.32","Road","14","5","5","8.66","2","12.67"
"SYN-LA-02218","","Saran","1.41","Agricultural","Multi-crop","1","","1","0","1.11","1.24","6","7","12.08","Rail","7","0","8","10.09","1","13.47"
"SYN-LA-02219","Jharkhand","Saran","16.39","Industrial","Fallow","8","9","0","","4.89","5.52","7","4","","Public utility","3","4","6","9.64","2","12.97"
"SYN-LA-02220","Jharkhand","Gaya","3.91","Commercial","Fallow","1","1","0","1","3.44","4.59","8","5","10.16","Public utility","5","5","9","5.27","1","8.19"
"SYN-LA-02221","Jharkhand","Bhagalpur","7.45","Commercial","Commercial","4","5","1","1","2.62","2.75","4","6","7.75","Water management","13","4","7","6.84","2","9.94"
"SYN-LA-02222","Bihar","Bhojpur","3.21","Industrial","Multi-crop","4","5","1","1","0.8","0.93","6","9","11.58","","2","2","6","8.53","2","12.19"
"SYN-LA-02223","Jharkhand","Begusarai","6.86","Residential","Fallow","8","10","0","0","2.37","3.31","5","7","0.54","Public utility","16","2","8","12.58","1","14.01"
"SYN-LA-02224","Uttar Pradesh","Vaishali","16.42","Industrial","Fallow","5","5","1","1","13.86","17.61","2","6","6.53","Rail","","3","9","6.8","1","9.09"
"SYN-LA-02225","Bihar","Nalanda","2.7","Commercial","Residential","6","8","0","1","1.66","1.95","3","9","5.58","Industrial corridor","5","3","5","11.14","1","15.47"
"SYN-LA-02226","Uttar Pradesh","Ranchi","17.19","Industrial","Mixed use","6","6","0","0","10.52","12.25","7","6","9.57","Rail","8","4","7","10.11","1","12"
"SYN-LA-02227","","Muzaffarpur","","Forest buffer","Multi-crop","5","6","0","1","4.66","6.45","3","6","9.57","Road","17","5","5","12.86","2","18.25"
"SYN-LA-02228","","Begusarai","18.17","Commercial","Single-crop","7","7","1","3","15.28","18.78","2","6","4.92","Road","7","4","5","","2","18.47"
"SYN-LA-02229","Bihar","Begusarai","23.88","Commercial","Commercial","5","6","0","0","15.97","20.32","1","7","5.29","Industrial corridor","2","2","6","10.78","1","13.78"
"SYN-LA-02230","Bihar","Gaya","14.44","Residential","Residential","7","6","0","0","8.77","11.21","4","9","7.55","Water management","19","4","7","8.31","1","11.62"
"SYN-LA-02231","Uttar Pradesh","Patna","16.11","Agricultural","Single-crop","3","5","1","1","7.05","","3","","8.05","","14","4","7","6.94","1","12.41"
"SYN-LA-02232","Uttar Pradesh","Begusarai","23.55","Agricultural","Commercial","8","8","","0","8.69","9.8","7","","11.45","Road","19","4","5","7.92","2","12.02"
"SYN-LA-02233","Jharkhand","Gaya","14.4","Industrial","Multi-crop","2","4","1","2","11.68","15.49","4","9","7.8","Rail","7","3","6","","2","14.98"
"SYN-LA-02234","Jharkhand","Nalanda","7.74","Forest buffer","Mixed use","6","","0","0","6.11","8.25","4","2","8.2","Rail","18","1","6","11.64","2","12.06"
"SYN-LA-02235","","Muzaffarpur","18.95","Commercial","Single-crop","2","1","","0","16.21","20.28","8","6","9.63","Water management","17","4","6","9.4","1","12.33"
"SYN-LA-02236","Uttar Pradesh","Ranchi","14.05","Commercial","Mixed use","2","4","0","0","8.42","10.01","2","9","3.58","Industrial corridor","4","4","7","5.99","0","9.34"
"SYN-LA-02237","Uttar Pradesh","Gaya","18.93","Industrial","Commercial","1","","0","1","","10.52","8","9","3.72","Public utility","4","4","6","4.59","1","8.93"
"SYN-LA-02238","Bihar","Purnia","5.06","Residential","Mixed use","","4","0","0","1.82","2.21","7","9","6.52","Public utility","7","3","10","9.26","1","10.25"
"SYN-LA-02239","Bihar","Patna","22.3","Agricultural","Mixed use","","6","","0","10.5","14.55","8","7","3.08","Water management","2","2","6","7.2","1","9.17"
"SYN-LA-02240","Uttar Pradesh","Purnia","10.23","Commercial","Single-crop","4","6","0","0","1.85","1.93","1","4","5.55","Rail","3","2","8","9.1","1","10.64"
"SYN-LA-02241","Bihar","Saran","16.2","","Multi-crop","6","7","0","0","4.46","5.46","10","2","7.4","Water management","13","4","6","12.06","2","15.22"
"SYN-LA-02242","Bihar","Muzaffarpur","6.87","Forest buffer","Multi-crop","8","10","","0","4.66","5.7","8","5","4.7","Rail","13","1","3","12.11","2","15.36"
"SYN-LA-02243","Bihar","Dhanbad","","Agricultural","Multi-crop","7","9","0","0","9.94","11.56","5","7","4.17","Rail","5","","4","","1","13.55"
"SYN-LA-02244","Uttar Pradesh","Nalanda","7.73","Forest buffer","Single-crop","2","4","0","0","3.84","4.07","7","1","","Water management","17","4","9","12.01","1","12.94"
"SYN-LA-02245","","Muzaffarpur","8.15","Commercial","Mixed use","2","4","0","0","2.51","2.84","2","8","4.4","Water management","16","","9","8.31","0","10.06"
"SYN-LA-02246","Bihar","Bhojpur","9.89","Forest buffer","Single-crop","6","8","0","0","1.94","2.61","5","4","3.53","Road","7","0","7","7.2","1","7.8"
"","Bihar","Vaishali","13.17","Commercial","Commercial","3","2","1","0","10.68","14.37","4","9","9.54","Industrial corridor","5","3","8","10.85","1","13.47"
"SYN-LA-02248","Bihar","Bhojpur","8.99","","Fallow","5","6","1","4","2.53","2.67","0","","11.7","Road","6","3","7","17.14","3","24.27"
"SYN-LA-02249","Jharkhand","Patna","2.88","","Fallow","","9","0","1","1.14","1.58","6","7","6.24","Road","6","5","8","15.29","2","17.58"
"SYN-LA-02250","Jharkhand","Patna","9.85","Industrial","Single-crop","2","4","0","0","7.14","7.41","","6","","Public utility","3","2","","10.28","1","12.83"
"SYN-LA-02251","Bihar","Nalanda","13.37","Commercial","Fallow","1","2","0","0","8.37","10.87","6","3","5.62","Industrial corridor","11","3","9","11.18","1","11.91"
"SYN-LA-02252","Bihar","Purnia","1.53","Forest buffer","Fallow","3","4","0","0","0.5","0.59","2","6","4.58","Rail","15","1","10","8.51","0","7.44"
"SYN-LA-02253","Bihar","Ranchi","18.76","Forest buffer","Mixed use","3","3","0","0","11.88","16.45","2","5","0.89","Industrial corridor","12","3","8","10.39","1","11.62"
"SYN-LA-02254","Jharkhand","Saran","2.47","Forest buffer","Single-crop","6","6","0","0","0.85","0.98","5","5","10.87","Road","2","2","7","11.26","1","13.76"
"SYN-LA-02255","Bihar","Nalanda","0.9","Commercial","Residential","5","7","0","","","0.3","7","9","8.95","Rail","13","2","6","12.24","2","15.73"
"","Uttar Pradesh","Patna","5.35","Commercial","Single-crop","8","8","1","2","3.43","4.63","4","5","7.43","Road","4","1","4","11.5","2","15.99"
"","Jharkhand","Begusarai","1.29","Agricultural","","7","9","0","0","0.78","1.03","5","6","10.88","Water management","","5","6","8.09","1","12.16"
"SYN-LA-02258","Jharkhand","Muzaffarpur","11.47","Residential","Residential","7","6","0","0","2.41","","7","","9.52","Water management","9","5","","9.11","2","10.96"
"SYN-LA-02259","Jharkhand","Bhagalpur","10.74","Forest buffer","Single-crop","7","","0","0","7.49","8.25","3","3","8.94","Water management","","2","5","7.94","2","11.68"
"SYN-LA-02260","Uttar Pradesh","Purnia","4.21","Residential","Multi-crop","4","6","0","0","2.55","3.53","2","9","0.8","Rail","16","4","5","7.69","1","10.52"
"SYN-LA-02261","Jharkhand","Saran","9.86","Forest buffer","Multi-crop","7","9","1","1","8.14","9.14","9","2","5.62","Road","3","2","6","9.99","3","14.72"
"SYN-LA-02262","Bihar","Ranchi","9.51","Commercial","Mixed use","1","1","","0","1.8","1.91","1","10","9.31","Industrial corridor","2","1","7","7.48","0","8.87"
"SYN-LA-02263","Bihar","Begusarai","16.88","Residential","Residential","7","8","0","0","10.17","13.68","1","6","11.44","Public utility","17","4","5","11.38","2","14.76"
"SYN-LA-02264","Bihar","Dhanbad","16.35","Agricultural","Fallow","3","4","0","0","4.85","5.89","3","9","3.77","Water management","2","1","7","5.77","0","8.54"
"SYN-LA-02265","Jharkhand","Nalanda","21.61","Agricultural","Multi-crop","4","3","0","0","11.76","12.4","3","4","5.61","Water management","13","5","10","7.27","1","8.62"
"SYN-LA-02266","","Patna","15.36","Residential","Mixed use","","3","0","0","7.31","9.48","3","10","5.19","Industrial corridor","4","2","8","9.86","0","10.54"
"SYN-LA-02267","Jharkhand","Saran","17.84","Agricultural","Commercial","6","6","1","1","13.75","16.53","8","8","12.05","Rail","11","5","4","","3","17.97"
"SYN-LA-02268","","Dhanbad","10.42","Agricultural","Mixed use","7","8","0","0","5.6","7.27","5","9","8.44","Water management","11","2","4","10.39","1","12.09"
"SYN-LA-02269","Bihar","Saran","12.01","Commercial","Mixed use","7","8","0","0","4.62","5.04","4","8","11.31","Road","15","5","6","14.24","2","18.35"
"SYN-LA-02270","Uttar Pradesh","Ranchi","2.93","Commercial","Multi-crop","1","2","0","0","1.59","1.69","6","6","10.96","Industrial corridor","5","3","5","10.29","1","12.99"
"SYN-LA-02271","Uttar Pradesh","Bhojpur","23.26","Commercial","Residential","4","6","0","0","","8.38","5","8","7.65","Industrial corridor","8","2","10","","1","11"
"SYN-LA-02272","Jharkhand","Begusarai","7.18","Industrial","Commercial","3","5","0","0","6.27","6.78","6","6","1.89","Industrial corridor","14","3","8","7.63","1","10.18"
"SYN-LA-02273","Bihar","Bhojpur","10.16","Residential","Mixed use","8","10","0","0","8.64","9.35","","7","4.23","Industrial corridor","16","3","7","10.35","1","10.85"
"SYN-LA-02274","Uttar Pradesh","Purnia","14.56","Residential","Multi-crop","4","5","0","0","4.57","6.02","4","10","9.31","Rail","","0","9","5.63","0","4.61"
"SYN-LA-02275","Jharkhand","Muzaffarpur","17.65","Commercial","Multi-crop","7","7","0","0","12.42","15.9","3","7","1.08","Rail","20","5","","10.6","2","13.87"
"SYN-LA-02276","Bihar","Patna","11.87","Forest buffer","Fallow","1","1","0","1","","6.46","3","3","2.82","Public utility","12","5","6","6.88","1","11.83"
"SYN-LA-02277","Bihar","Dhanbad","2.14","Residential","Fallow","3","4","0","0","1.25","1.57","5","9","7.09","Public utility","11","3","7","7.32","1","8.51"
"SYN-LA-02278","Uttar Pradesh","Dhanbad","5.26","Residential","Fallow","6","7","0","","1.07","1.13","5","5","6","Industrial corridor","5","2","7","10.23","1","11.61"
"SYN-LA-02279","Bihar","Begusarai","7.56","Commercial","Fallow","6","5","0","0","5.05","6.94","4","6","5.3","Road","8","0","8","13.94","1","14.56"
"SYN-LA-02280","Uttar Pradesh","Saran","9.09","Agricultural","Single-crop","6","8","0","0","4.68","5.34","7","5","7.46","Road","20","3","4","9.86","2","14.28"
"SYN-LA-02281","Jharkhand","Patna","","Forest buffer","Residential","2","3","0","0","11","12.14","5","2","0.56","Water management","11","1","6","7.23","1","9.6"
"SYN-LA-02282","Uttar Pradesh","Purnia","15.95","Commercial","Residential","2","2","0","0","","6.97","1","10","12.08","Rail","13","2","7","6.09","0","9.08"
"SYN-LA-02283","Jharkhand","Muzaffarpur","22.45","Industrial","Multi-crop","3","2","0","0","13.86","14.98","1","8","8.28","Rail","16","4","6","7.55","1","10.92"
"SYN-LA-02284","Uttar Pradesh","Gaya","16.11","Residential","Single-crop","4","5","0","1","","13.88","0","7","6.1","Industrial corridor","16","","6","7.59","1","9.82"
"SYN-LA-02285","Bihar","Bhojpur","21.91","Commercial","Fallow","7","8","0","0","13.12","17.28","1","9","1.42","Road","12","0","6","8.34","1","8.52"
"SYN-LA-02286","","Patna","21.03","Commercial","Mixed use","1","1","0","0","16.39","17.5","5","8","9.11","Rail","13","0","7","9.59","1","9.57"
"SYN-LA-02287","Uttar Pradesh","Purnia","18.2","Commercial","Mixed use","8","9","0","0","14.66","20.5","0","9","6.52","Public utility","19","1","6","12.15","1","14.47"
"SYN-LA-02288","Jharkhand","","2.71","Forest buffer","Residential","8","10","0","0","1.75","2","2","2","6.75","Road","2","5","6","9.39","1","11.78"
"SYN-LA-02289","Uttar Pradesh","Vaishali","4.67","Forest buffer","Multi-crop","8","8","0","1","2.59","3.46","7","3","9.72","Road","13","0","7","10.39","2","11.52"
"SYN-LA-02290","Jharkhand","Dhanbad","11.77","Industrial","Single-crop","4","","0","0","10.11","11.2","1","10","3.31","Road","19","2","6","10.91","1","13.15"
"SYN-LA-02291","Uttar Pradesh","Bhojpur","1.32","Agricultural","Mixed use","6","6","0","0","1.03","1.21","3","3","2.78","Water management","10","3","6","8.87","1","10.57"
"SYN-LA-02292","Bihar","Ranchi","24.48","Commercial","Single-crop","7","7","0","0","10.63","14.15","5","8","5.28","","18","5","6","14.5","2","16.49"
"SYN-LA-02293","Uttar Pradesh","Patna","7.28","Residential","Multi-crop","5","5","1","3","5.16","5.83","6","6","3.71","Industrial corridor","11","2","8","10.28","2","15.14"
"SYN-LA-02294","Jharkhand","Begusarai","12.06","Forest buffer","Mixed use","","3","0","0","10.42","13.01","6","5","1.61","Water management","10","4","10","4.47","1","7.16"
"SYN-LA-02295","Bihar","Muzaffarpur","20.18","Industrial","Single-crop","3","5","","4","10.07","12.47","3","6","9.91","Road","13","2","10","9.59","2","14.51"
"SYN-LA-02296","Bihar","Purnia","2.64","Agricultural","Multi-crop","6","7","","0","0.9","1.22","6","5","0.53","Road","16","2","5","8.09","1","10.78"
"SYN-LA-02297","Uttar Pradesh","Purnia","2.87","Agricultural","Mixed use","","4","0","0","2.19","2.45","2","3","8.15","Water management","16","2","7","7.57","1","7.79"
"SYN-LA-02298","Uttar Pradesh","Muzaffarpur","19.13","Industrial","","7","9","0","0","","10.62","","7","9.45","Water management","3","2","8","11.36","1","12.18"
"SYN-LA-02299","Uttar Pradesh","Bhojpur","14.8","Agricultural","Multi-crop","4","6","","2","7.51","8.76","4","7","10.04","Water management","","2","9","11.73","1","14.11"
"SYN-LA-02300","Uttar Pradesh","Begusarai","17.54","Commercial","Commercial","5","","0","0","9.56","13.08","2","8","11.91","Rail","","5","10","6.36","1","9.25"
"SYN-LA-02301","Bihar","Patna","6.69","Residential","Mixed use","6","7","0","1","4.09","4.38","7","9","0.75","Public utility","16","5","4","10.61","2","13.95"
"SYN-LA-02302","Jharkhand","Patna","","Agricultural","Fallow","8","9","0","0","8.07","11.03","1","6","9.41","Rail","11","1","7","9.75","1","12.23"
"SYN-LA-02303","Uttar Pradesh","Bhojpur","6.25","Commercial","Fallow","","8","1","2","1.77","2.28","0","8","1.43","Industrial corridor","","4","7","11.65","1","16.09"
"SYN-LA-02304","Uttar Pradesh","Dhanbad","4.38","Industrial","Mixed use","6","7","0","0","3.14","3.92","3","9","11.67","Rail","9","4","7","12.6","1","14.3"
"SYN-LA-02305","Jharkhand","Muzaffarpur","15.12","Forest buffer","Residential","2","3","0","0","10.06","12.16","7","6","0.39","Industrial corridor","19","1","8","9.11","1","10.33"
"SYN-LA-02306","Jharkhand","Purnia","18.3","Industrial","Commercial","2","3","0","0","12.71","13.19","4","4","2.43","Water management","13","4","5","9.63","1","13.03"
"SYN-LA-02307","Jharkhand","Saran","24.35","Agricultural","Multi-crop","7","7","0","","5.37","5.84","1","5","4.03","Public utility","3","2","5","13.74","1","15.96"
"SYN-LA-02308","Bihar","Purnia","20.8","Industrial","Multi-crop","5","7","0","0","14.21","15.9","8","9","11.62","Public utility","17","4","6","13.36","2","16.64"
"SYN-LA-02309","Jharkhand","Saran","13.59","Industrial","Fallow","","5","1","4","8.1","9.58","","7","11.84","Public utility","7","4","9","10.63","2","16.19"
"SYN-LA-02310","Uttar Pradesh","Nalanda","2.8","Residential","Commercial","1","1","1","3","1.43","1.8","3","3","4.72","Water management","16","0","6","","1","13.96"
"SYN-LA-02311","Uttar Pradesh","Purnia","24.92","Residential","Mixed use","1","2","0","0","9.32","10.61","0","7","5.96","Industrial corridor","13","0","6","6.09","0","7.81"
"SYN-LA-02312","Uttar Pradesh","Bhagalpur","","","Fallow","4","4","0","0","5.1","6.51","5","","6.48","Water management","3","4","7","5.87","1","8.01"
"SYN-LA-02313","Jharkhand","Begusarai","5.21","Forest buffer","Mixed use","2","","0","0","2.87","3.22","9","5","8.61","Water management","20","4","9","9.49","1","12.51"
"SYN-LA-02314","Bihar","Ranchi","7.35","Residential","Single-crop","4","6","0","0","4.42","4.92","2","9","4.2","Water management","9","0","9","10.39","0","10.69"
"SYN-LA-02315","Uttar Pradesh","Muzaffarpur","5.82","Agricultural","Mixed use","5","7","0","0","2.55","3.45","6","10","4.22","Water management","20","2","5","6.36","1","8.16"
"SYN-LA-02316","Jharkhand","Begusarai","8.48","Industrial","Multi-crop","8","8","0","0","5.57","7.16","4","6","7.35","Industrial corridor","7","2","5","11.96","1","13.35"
"SYN-LA-02317","Uttar Pradesh","Dhanbad","18.35","Residential","Residential","3","4","0","0","12.22","17.06","5","7","6.7","Rail","17","1","6","8.69","1","11.69"
"SYN-LA-02318","Bihar","Vaishali","7.41","Forest buffer","Fallow","8","9","1","3","1.35","1.49","5","2","3.43","Road","4","1","5","11.07","3","16.89"
"SYN-LA-02319","Bihar","Saran","4.36","Industrial","Multi-crop","1","1","0","0","3.09","3.23","6","7","7.63","Rail","3","3","9","6.3","0","8.96"
"SYN-LA-02320","Bihar","Bhagalpur","21.34","Residential","Residential","7","9","0","1","12.73","15.84","3","4","5.88","Rail","6","4","4","8.04","2","11.16"
"SYN-LA-02321","Uttar Pradesh","Nalanda","8.69","Agricultural","Mixed use","5","6","0","0","3.72","4.75","3","4","8.85","Water management","13","3","6","11.42","1","13.84"
"SYN-LA-02322","Bihar","Vaishali","3.92","Industrial","Multi-crop","","2","1","4","2.63","3.05","","9","3.02","Industrial corridor","13","4","10","9.95","1","14.67"
"SYN-LA-02323","Jharkhand","Bhagalpur","3.97","Forest buffer","Fallow","3","3","1","3","1.74","2.34","2","3","5.3","Road","11","4","","13.84","1","17.41"
"SYN-LA-02324","Uttar Pradesh","Ranchi","8.48","Residential","Fallow","4","3","0","0","6.63","9.27","4","8","0.33","Public utility","20","","8","9.01","1","9.82"
"SYN-LA-02325","","Bhagalpur","13.16","Industrial","Single-crop","7","9","0","0","5.14","6.65","6","9","10.09","Public utility","17","0","5","11.22","2","11.78"
"SYN-LA-02326","Jharkhand","Purnia","12.7","","Residential","8","9","","1","4.25","5.04","4","2","10.33","Road","16","","","10.29","3","15.36"
"SYN-LA-02327","Bihar","Ranchi","1.21","","","5","5","0","0","0.84","1.02","3","4","2.89","Rail","2","2","9","9.44","0","11.19"
"SYN-LA-02328","Bihar","Purnia","","Residential","Residential","5","5","0","1","11.09","14.98","2","6","2.23","Road","14","6","7","12.38","1","14.83"
"SYN-LA-02329","Bihar","Vaishali","","Commercial","Single-crop","8","10","0","0","10.21","","4","4","","Road","18","3","4","11.05","2","12.62"
"SYN-LA-02330","Jharkhand","Muzaffarpur","18.22","Commercial","Residential","","8","1","2","12.35","16.62","7","5","5.55","Industrial corridor","10","1","8","13.27","2","17.85"
"","Bihar","Gaya","6.99","Agricultural","Fallow","1","2","0","0","5.65","6.4","3","8","3.6","Road","14","3","8","","0","7.74"
"SYN-LA-02332","Uttar Pradesh","Patna","21.37","Agricultural","Commercial","5","7","1","0","","6.16","2","8","4.83","Rail","14","6","8","6.04","1","8.65"
"SYN-LA-02333","Bihar","Bhojpur","22.73","Agricultural","Residential","8","8","0","0","4.79","6.33","7","7","","Industrial corridor","","4","4","13.68","2","18.17"
"SYN-LA-02334","Jharkhand","Saran","11.72","Agricultural","Single-crop","3","3","0","0","6.46","6.87","1","5","","Rail","3","","9","12.21","0","13.14"
"SYN-LA-02335","Jharkhand","Gaya","3.26","Commercial","Single-crop","3","4","","1","","2.93","4","4","6.39","Road","16","3","10","7.97","1","9.29"
"SYN-LA-02336","Jharkhand","Dhanbad","6.53","","Multi-crop","4","6","0","0","3.42","4.67","8","5","5.97","Rail","19","3","5","5.44","1","8.26"
"SYN-LA-02337","Bihar","Begusarai","24.05","Industrial","Multi-crop","6","7","0","0","","14.22","2","9","7.99","Water management","10","0","3","12.48","1","15.3"
"SYN-LA-02338","","Gaya","21.52","Commercial","Residential","7","9","1","3","7.63","7.89","6","8","8.61","Public utility","9","3","4","11.98","3","19.99"
"","Jharkhand","Vaishali","3.98","Agricultural","Commercial","3","4","1","2","3.26","3.45","0","5","0.34","Industrial corridor","10","4","7","10.52","1","16.99"
"SYN-LA-02340","Jharkhand","Purnia","","Commercial","Mixed use","","1","0","0","7.88","8.28","5","8","0.66","Rail","9","3","6","3.83","0","6.05"
"SYN-LA-02341","Jharkhand","Saran","15.5","Forest buffer","Single-crop","8","8","0","0","10.66","13.66","9","7","","Public utility","6","1","6","12.08","1","12.29"
"SYN-LA-02342","Bihar","Saran","1.63","","Fallow","3","2","0","0","0.62","0.79","7","10","9.52","Public utility","6","1","10","7.77","0","6.6"
"SYN-LA-02343","Uttar Pradesh","Purnia","11.91","Commercial","Single-crop","8","9","0","0","7.53","8.36","2","9","9.54","Water management","11","0","3","12.72","1","14.66"
"SYN-LA-02344","Uttar Pradesh","Bhojpur","2.9","Commercial","Multi-crop","6","7","0","0","2","2.71","2","8","5.95","Rail","10","2","7","11.96","1","13.66"
"SYN-LA-02345","Uttar Pradesh","Purnia","22.8","Commercial","Single-crop","4","4","0","1","12.24","13.48","0","5","5.41","Industrial corridor","15","1","7","9.13","1","10.85"
"","Jharkhand","Ranchi","6.84","Agricultural","Mixed use","8","7","0","0","4.09","5.11","5","3","10.77","Water management","16","2","6","14.02","2","16.27"
"SYN-LA-02347","Jharkhand","Begusarai","7.72","Agricultural","Multi-crop","8","9","1","0","2.76","2.85","4","6","5.57","","18","1","5","7.84","2","10.69"
"SYN-LA-02348","Uttar Pradesh","Bhojpur","1.82","Agricultural","Single-crop","4","4","0","0","0.68","0.87","1","3","3.39","Industrial corridor","17","4","8","9.75","1","10.2"
"SYN-LA-02349","Uttar Pradesh","Muzaffarpur","9.89","Residential","Residential","4","6","0","0","3.84","5.35","8","7","","Industrial corridor","11","1","6","10.74","1","11.72"
"SYN-LA-02350","Uttar Pradesh","Muzaffarpur","24","Forest buffer","Residential","6","6","0","0","7.26","7.48","7","3","6.91","Water management","4","4","3","12.96","2","17.9"
"SYN-LA-02351","Jharkhand","Bhojpur","17.29","Forest buffer","Single-crop","2","1","1","3","9.94","12.99","3","6","11.84","Water management","6","3","9","11.59","1","16.04"
"SYN-LA-02352","Jharkhand","Patna","21.52","Commercial","Fallow","7","8","1","0","13.6","","3","8","11.6","Rail","4","4","6","11.72","2","15.77"
"SYN-LA-02353","Bihar","Begusarai","15.58","Residential","Commercial","5","7","0","1","3.32","4.23","2","5","7.73","Road","18","1","9","11.94","1","12.25"
"SYN-LA-02354","Jharkhand","Bhojpur","21.04","Industrial","Multi-crop","3","3","","0","7.38","9.32","6","10","3.65","Road","8","4","7","10.43","1","13.09"
"SYN-LA-02355","Bihar","Muzaffarpur","18.41","Residential","Fallow","8","9","0","0","16.08","17.84","","3","6.9","Road","7","3","5","15.21","2","19.03"
"SYN-LA-02356","","Dhanbad","8.63","Commercial","Fallow","1","1","0","0","5.01","5.33","1","6","0.38","Public utility","15","1","10","5.65","0","6.06"
"SYN-LA-02357","Uttar Pradesh","Begusarai","12.76","","Commercial","4","5","0","1","10.54","10.79","6","4","6.97","Public utility","2","2","9","","1","14.89"
"SYN-LA-02358","Jharkhand","Bhojpur","6.95","Residential","Mixed use","8","8","0","0","3.29","3.73","6","6","11.28","Industrial corridor","3","1","6","13","2","14.16"
"SYN-LA-02359","Bihar","Muzaffarpur","11.16","Commercial","Single-crop","2","1","","0","3.08","4.28","7","10","4.99","Rail","15","2","8","4.65","0","6.6"
"SYN-LA-02360","Jharkhand","Patna","16.94","Industrial","Residential","8","7","0","0","5.98","8.29","7","9","8.77","Industrial corridor","12","3","4","","2","12.44"
"","Bihar","Bhagalpur","22.81","Commercial","Residential","7","7","0","1","6.42","8.86","7","7","0.8","Road","13","8","4","12.01","2","16.32"
"SYN-LA-02362","Bihar","Begusarai","22.77","Commercial","Multi-crop","7","8","0","0","7.83","8.66","6","7","2.96","Rail","20","1","5","11.59","2","13.77"
"SYN-LA-02363","Uttar Pradesh","Gaya","1.03","Commercial","Residential","4","4","0","","0.43","0.44","0","10","10.94","Road","7","7","10","8.04","0","8.7"
"SYN-LA-02364","Uttar Pradesh","Bhojpur","21.84","","Mixed use","8","10","0","1","16.74","21.53","7","4","4.49","Water management","3","5","6","14.67","2","16.86"
"SYN-LA-02365","Uttar Pradesh","","7.71","Forest buffer","Multi-crop","2","3","1","3","1.79","2.03","3","3","3.7","Water management","16","2","8","9.05","2","12.61"
"SYN-LA-02366","Uttar Pradesh","Purnia","14.24","Commercial","Mixed use","3","3","0","0","10.29","13.68","3","10","0.75","Rail","16","4","10","8.77","0","10.54"
"SYN-LA-02367","Jharkhand","Purnia","13.4","Agricultural","Fallow","5","6","0","0","9.7","10.09","0","5","5.69","Rail","17","3","9","7.16","1","8.43"
"","Jharkhand","Muzaffarpur","14.2","Residential","Commercial","4","6","0","0","11.56","","3","9","9.31","Rail","15","4","9","7","1","9.99"
"SYN-LA-02369","Uttar Pradesh","Vaishali","12.17","Industrial","Residential","6","8","1","1","8.96","10.7","7","4","","Public utility","15","5","7","10.05","3","14.21"
"SYN-LA-02370","","Begusarai","2.29","Forest buffer","Fallow","5","7","0","0","0.96","1.19","9","2","11.3","Water management","6","4","8","10.95","2","12.87"
"SYN-LA-02371","Bihar","Patna","21.49","Forest buffer","Mixed use","3","5","0","0","5.61","5.78","7","1","1.51","Rail","6","1","7","12.47","1","13.35"
"SYN-LA-02372","Uttar Pradesh","Patna","18.8","Forest buffer","Single-crop","7","8","0","0","14.12","18.81","3","4","9.57","Road","4","1","6","","1","13.5"
"SYN-LA-02373","Bihar","Saran","17.53","Commercial","","5","5","0","0","11.94","15.93","","9","8.71","Water management","13","2","8","11.37","1","11.31"
"SYN-LA-02374","Uttar Pradesh","Gaya","5.78","Agricultural","","6","8","","1","2.53","3.38","0","6","4.18","Industrial corridor","9","2","4","12.13","1","17.08"
"SYN-LA-02375","Uttar Pradesh","Bhagalpur","15.35","Residential","Commercial","6","8","0","0","10.28","","7","8","5.25","","2","1","4","13.84","1","17.63"
"SYN-LA-02376","Uttar Pradesh","Gaya","2.83","Industrial","Commercial","8","10","0","1","1.42","1.83","3","5","2.51","Water management","8","","4","11.97","2","16.82"
"SYN-LA-02377","Jharkhand","Purnia","16.28","Residential","Fallow","6","6","0","0","13.87","18.76","8","5","0.66","Industrial corridor","11","5","5","13.76","2","17.21"
"SYN-LA-02378","","Purnia","23.99","Industrial","Multi-crop","8","7","0","1","5.03","6.72","3","4","8.75","Water management","7","4","","9.06","1","13.19"
"SYN-LA-02379","Jharkhand","","9.26","Agricultural","Mixed use","2","1","0","1","6.85","8.52","6","10","6.62","Road","2","4","5","10.2","1","12.44"
"SYN-LA-02380","Jharkhand","Gaya","9.13","Forest buffer","Multi-crop","4","4","0","0","7.22","8.58","8","1","3.72","Public utility","14","0","9","10.76","1","12.51"
"SYN-LA-02381","Uttar Pradesh","Nalanda","22.94","Residential","Residential","","3","1","0","12.77","13.56","2","9","5.36","Rail","14","3","8","9.85","1","11.58"
"SYN-LA-02382","Uttar Pradesh","Begusarai","4.95","Agricultural","Single-crop","8","8","1","4","2","2.67","4","9","0.56","Water management","12","1","6","16.67","2","21.54"
"SYN-LA-02383","Jharkhand","","9.39","Residential","Fallow","8","7","0","1","4.95","6.15","8","7","3.93","Water management","13","2","6","13.49","2","17.49"
"SYN-LA-02384","Uttar Pradesh","Gaya","7.8","Agricultural","Mixed use","6","8","0","1","4.66","5.11","3","8","0.18","Water management","17","1","","13.26","1","18.2"
"SYN-LA-02385","Jharkhand","Bhojpur","9.82","Commercial","Multi-crop","3","2","0","0","5.89","6.8","6","5","10.46","Water management","3","5","10","","1","10.26"
"SYN-LA-02386","Jharkhand","Bhagalpur","22.48","","Residential","3","3","0","0","8.88","","6","8","7.14","Rail","15","2","8","7.18","1","9.41"
"SYN-LA-02387","Bihar","Vaishali","17.52","Residential","Multi-crop","1","2","0","1","4.37","5.34","1","8","10.18","Water management","10","2","5","5.09","1","9.33"
"SYN-LA-02388","Uttar Pradesh","Dhanbad","6.62","","Commercial","1","2","1","1","4.93","6.11","7","2","4.3","Industrial corridor","15","4","6","10.75","2","15.98"
"SYN-LA-02389","Jharkhand","Bhojpur","3.85","Agricultural","Single-crop","8","9","1","2","1.38","1.44","6","6","8.26","Road","7","4","6","10.41","3","15.67"
"SYN-LA-02390","Bihar","Bhojpur","19.45","Residential","Multi-crop","4","6","0","0","6.15","6.89","4","4","2.2","Rail","10","1","6","6.88","1","8.4"
"SYN-LA-02391","Uttar Pradesh","Saran","7.81","Forest buffer","Mixed use","8","9","0","0","2.8","3.69","4","2","10.02","Public utility","12","","5","13.43","2","15.12"
"SYN-LA-02392","Uttar Pradesh","Patna","22.81","Agricultural","Mixed use","7","9","0","0","13.64","17.38","3","6","7.49","Public utility","13","4","7","8.3","1","9.69"
"SYN-LA-02393","Jharkhand","Gaya","6.05","Residential","Fallow","7","8","0","0","4.24","5.29","1","9","4.32","Industrial corridor","4","2","5","7.49","1","10.27"
"SYN-LA-02394","Bihar","","5.47","Residential","Mixed use","8","9","0","0","1.77","2.43","2","6","0.11","Road","8","3","5","14.58","1","17.11"
"SYN-LA-02395","Uttar Pradesh","Ranchi","13","Commercial","Commercial","2","1","1","2","3.46","3.8","1","5","8.44","Rail","4","7","5","8.38","1","15.94"
"SYN-LA-02396","Uttar Pradesh","Begusarai","8.7","Forest buffer","Residential","7","8","0","0","7.44","9.93","3","4","6.6","Industrial corridor","6","1","7","10.1","1","10"
"SYN-LA-02397","Uttar Pradesh","Nalanda","6.37","Commercial","Single-crop","2","","0","0","5.45","7.05","5","6","0.66","Water management","6","1","9","5.75","0","5.37"
"SYN-LA-02398","Jharkhand","Bhojpur","6.03","Residential","Fallow","4","6","1","1","2.2","3.07","1","3","9.65","Road","19","1","10","9.48","2","11.06"
"SYN-LA-02399","Jharkhand","","2.87","Industrial","Commercial","6","7","0","0","1.03","1.43","3","5","3.67","Rail","13","3","6","9.15","1","11.7"
"SYN-LA-02400","Jharkhand","Purnia","23.79","Commercial","Multi-crop","8","10","0","0","9.74","13.32","4","4","3.65","Industrial corridor","4","3","6","9.99","1","13.73"
